scheme_name,slug,details,benefits,eligibility,application,documents,level,schemeCategory,,tags
"Immediate Relief Assistance under ""Welfare and Relief for Fishermen During Lean Seasons and Natural Calamities Scheme""",ira-wrflsncs,"The scheme ""Immediate Relief Assistance"" is a Sub-Component under the scheme ""Welfare and Relief for Fishermen During Lean Seasons and Natural Calamities Scheme"". The scheme is extended to all the regions of the Union territory of Puducherry. The scheme is introduced with the objective of extending financial assistance to the fishermen's families to compensate for the loss due to the missing breadwinner and to support them financially to run their family.","₹ 1,00,000, in two installments of ₹ 50,000 each, as immediate relief assistance for the family (legal heir) of the missing fisherman. ﻿ Disbursal Initially, 50% will be extended within 3 months from the date of receipt of the application from the family (legal heir). The family (legal heir) should approach this department for the release of the balance 50% of the relief which will be deposited in the bank in a joint account in the name of kin (legal heir) and the competent authority concerned. If no further information is received about the missing person, the balance amount will be released in favour of the next of kin (legal heir), after the prescribed period of 9 months from the date of release of 1st part of lump sum. *In case of the return of the missing fishermen, the amount extended as compensation either ₹ 50,000 or ₹ 1,00,000 as the case may be, will be recovered by invoking an insurance bond.",The applicant should be the family (legal heir) of the missing fisherman. The missing fisherman should have been a resident of the Union territory of Puducherry. The missing fisherman must have lost his/her life while fishing. The missing fisherman must have been in the age group of 18-60 years. The missing fisherman must not have been a beneficiary of the old age pension scheme. The missing fisherman should have enrolled as a member of the Fishermen/Fisherwomen Co-operative Society.,"Step 1: The interested applicant should visit the office of the concerned authority i.e. the Department of Fisheries and Fishermen Welfare/Sub-Offices of outlying regions in all four regions. Step 1: The interested applicant should request the hard copy of the prescribed format of the application form from the concerned authority. Step 2: In the application form, fill in all the mandatory fields, paste the passport-sized photograph (signed across, if required), and attach copies of all the mandatory documents (self-attest, if required). Step 3: Submit the duly filled and signed application form along with the documents to the concerned authority. Step 4: Request a receipt or acknowledgment from the concerned authority to whom the application has been submitted. Ensure that the receipt contains essential details such as the date and time of submission, and a unique identification number (if applicable). *The affected family (legal heir) should apply immediately within 30 days from the date of the event for consideration.","Photograph of the Family (Legal Heir) of the Missing Fisherman. Residential Certificate of the Missing Fishermen. Proof of Age of the Missing Fishermen. Declaration That the Missing Fisherman Was Not a Beneficiary of the Old Age Pension Scheme. Membership Certificate from the President/Administrator of Fishermen/Fisherwoman Co-operative Society. Electoral Identity Card (Attested Copy) Ration Card (Attested Copy) Panchayathar’s Letter of Village Concerned Name, Relationship, and Address of the Legal Heir (Affidavit in ₹ 5 Stamp Paper, Affixing as the Legal Heir Duly Signed in Before a Notary Public). ‘No Claim’ Certificate in Respect of Financial Assistance Extended by the Revenue Department Should Be Obtained From the Department of Revenue and Disaster Management. FIR and Non-traceable Certificate From Respective Station House Officer of Police Department. Statement of Next Kin of Missing Person, Statement of Panchayathars, Statement of Persons Who Have Lastly Seen the Missing Person. Advertisement/newspaper Report of the Missing Person in Gazette in Tamil/local Newspaper, Municipality/ Commune Panchayat Office, Ration Shop, and Police Station in the Vernacular Language.",State,"Agriculture,Rural & Environment, Social welfare & Empowerment",,"Missing, Fisherman, Relief, Financial Assistance, Family"
AICTE SHORT TERM TRAINING PROGRAMME-SFURTI SCHEME,astpss,"Short Term Training Programme-SFURTI Program, launched by the All India Council for Technical Education (AICTE), aims to provide financial assistance to the institutions for conducting faculty and student trainings to enable faculty members and students in the field of technical education and to introspect and learn techniques that can help prepare faculty and students to impart their research work in the development of small-scale business for the nation. All India Council For Technical Education (AICTE) and Indian Micro Enterprises Development Foundation (IMEDF) is conducting STTP-SFURTI Program .This is a special purpose vehicle for developing alternatives group that accelerates the development of micro-enterprises. IMEDF is also the nodal agency of Ministry of Micro, Small and Medium Enterprises, Government of India for the development of clusters under STTP-SFURTI (Scheme of Fund for Regeneration of Traditional Industries. ﻿ Objectives: To understand the Scheme of Fund for Regeneration of Traditional Industries (SFURTI). To train the students and faculty in identifying and presenting a project proposal. To enhance and sharpen their skills to develop a viable detailed project report. To understand resource management for building a project with technological and social innovations. To develop an in depth understanding of project management, resolve challenges faced in sustainable rural economic development and derive lessons on social, economic and environmental impacts. ﻿ ﻿ ﻿","Financial Assistance : Limit of funding ₹ 4,00,000/- to the institution. Disbursement of the Fund: The full amount of the grant sanctioned shall be released after successful conduct of the program to Indian Micro Enterprises Development Foundation (IMEDF). The amount spent by the institute on the conduct of STTP-SFURTI shall be adjusted on the basis of utilization certificate and detailed expenditure statement submitted by the IMEDF on the prescribed format along with other mandatory documents viz feedback form, copy of proceedings and completion report etc",The institution should be AICTE approved.,"Registration of New Institute: Step 01: Visit http://portal.aicte-india.org/partnerportal_enu/start.swe and click on 'New Institute' button. Step 02: Users will be redirected to another website. Hover the cursor on Login and select ‘Investor Login’ . Step 03: New users need to click on ‘Sign Up Now’ to register. Step 04: Enter the details and click on ‘Verify’ to receive OTP on your Email Id and Mobile Number. Step 05: After successful verification Click on ‘Sign Up Now’ to register. ﻿ Post-Registration Process: Step 01: Visit http://portal.aicte-india.org/partnerportal_enu/start.swe and log in with the credentials provided by AICTE. Step 02: Navigate to AQIS Application Screen by clicking on ‘AQIS Application’ screen tab. Step 03: Institute details will auto populate in the AQIS Application. Step 04: Fill demographic and Bank details . Step 05: Only after confirming the Bank Details, the 'New' button will be enabled for adding the AQIS Application.Click on 'New' button to create AQIS Application. Step 06: A unique AQIS Application ID will get created.Select ‘SHORT TERM TRAINING PROGRAMME-SFURTI SCHEME’ as Scheme from the drop down List. Step 07: Now details to be filled for the as followed: Programme Details, Personalities Expected, Participating Industries ,Similar Events, Budget Estimate -Others, Academic Credentials of Coordinator/ PI/ Applicant, Justification, Credential of Institute / Department. Step 07: Once the user has filled all the data in the above mentioned tab, user should click on ‘Validate Application’ button on the ‘AQIS Application’ tab. Step 08: User will get a pop up message to attach a Mandate Form  after downloading the sample form. Step 09: Now fill the amount in the ‘Total Funds Requested’ under label ‘Budget Estimates Others’ . Step 10: After Validation is completed successfully, read the declaration, check it and click on Save. Step 10: Click on 'Submit' button to submit the application. ﻿",Feedback Form Copy of Proceedings Completion Report ﻿,Central,Education & Learning,,"Trainings, Financial Assistance, AICTE"
Burial and Ex-gratia Payment Scheme in Case of Death of Unregistered Laborer During Work at Construction Site,baepsicodouldwact,"Launched in 2014, the "" Burial and Ex-gratia Payment Scheme in Case of Death of Unregistered Laborer During Work at Construction Site"" is a welfare initiative by the M.P. Building and Other Construction Workers Welfare Board, Government of Madhya Pradesh. The scheme provides funeral assistance of ₹3,000 and ex-gratia payments in the event of death or permanent disability of unregistered laborers during construction work. It supports construction workers in the unorganized sector who are not registered under the Board and lack a valid identity card.","Funeral Assistance: ₹3,000 payable in case of death of a construction laborer. Grace Amount: Death due to an accident during construction work: ₹4,00,000/-. Permanent disability due to an accident during construction work: ₹2,00,000/-.",The deceased construction worker should have been registered with the Madhya Pradesh Building and Other Construction Workers Welfare Board (MPBOCWWB). The deceased construction worker should have held an active regular membership. The only person who is a legal heir/dependent family member of the deceased registered worker is eligible to apply under the scheme. The deceased worker should have valid identity card.,"Step 1: The interested applicant should visit (during office hours) the Chief Executive Officer, District Panchayat and Commissioner/Chief Municipal Officer Municipal Body and request the hard copy of the prescribed format of the application form from the concerned authority. Step 2: In the application form, fill in all the mandatory fields, paste the passport-sized photograph (signed across, if required), and attach copies of all the mandatory documents (self-attest, if required). Step 3: Submit the duly filled and signed application form along with the documents, within the prescribed period (if any), to the authority. Step 4: Request a receipt or acknowledgement from the concerned authority to whom the application has been submitted. Ensure that the receipt contains essential details such as the date and time of submission, and a unique identification number (if applicable). ﻿ NOTE 1: Ensure that the application is submitted within the prescribed period, if any. NOTE 2: The application must be submitted within 6 months from the date of the accident or death. ﻿ Designated Officer for Approval - For rural areas - Chief Executive Officer, District Panchayat For urban areas - Commissioner/Chief Municipal Officer, Municipal Corporation",Aadhaar Card of the applicant (nominee/Legal heirs) Passport-size photograph Proof of residence Ration Card Bank account details Death certificate of worker Regular registration certificate of the worker Nominee/legal heir certificate F.I.R. And a copy of Panchnama. Post-mortem report in the state of death. Disability certificate obtained from District Medical Board in case of permanent disability.,State,Social welfare & Empowerment,,"Building Worker, Construction Workers, Unregistered Laborer, Death"
Consortia & Tender Marketing Scheme,ctms,"Promotion of the product of Micro and Small Entrepreneurs is one of the major objectives of the Corporation. In the present competitive scenario a need has been felt to facilitate Micro and Small Enterprises to market their goods / services individually or collectively through ‘Consortium’. Accordingly, the scheme for promoting the products of the MSEs has been reviewed in 2011 & named as “Consortia and Tender Marketing Scheme”. This scheme will especially help the units to enlist themselves for participating in Govt. /private tenders. Special features of the Scheme: The scheme will cover Micro & Small Enterprises registered with National Small Industries Corporation (NSIC) under its Single Point Registration Scheme (SPRS). It would also cover Micro & Small Enterprises who apply to get themselves registered with NSIC under the SPRS along with all required documents in terms of the scheme and their factory is inspected before filing of tender in terms of the Tender Marketing Scheme. The scheme shall not cover unit(s) engaging in ‘trading activities’ without value addition/packing/ branding. The scheme also covers the method of selection of the units for participation in the open tenders and single tenders on nomination basis. The scheme takes cares of providing Earnest Money Deposit (EMD) and security deposit on back to back basis. The scheme inter alia includes the procedures for formation of Consortium, Capacity Building of MSEs by formation of consortia of the units manufacturing similar products, participation in tenders on behalf of units in a ‘consortia’ to secure orders in ‘bulk’ quantities, distribution of orders amongst units in a ‘consortia’ as per their capacities, facilitate the ‘consortia’ members in meeting their raw materials requirements & facilitating ‘Credit’ for the supplies made. To accommodate provisions of this scheme, the legal document such as individual agreement by the units, agreement to be executed by the consortium, board resolution, power of attorney and other related document have been revised and simplified. For facilitating promotion and development of Micro & Small Enterprises, the Government of India, Ministry of MSME vide Gazette Notification No. S.O. 581(E) dated 23rd March, 2012 has circulated the Public Procurement Order 2012 for MSME. In the above Public Procurement Order, the Govt. of India has mentioned that “Annual goal of procurement also include sub-contracts to Micro and Small Enterprises by large enterprises and consortia of Micro and Small Enterprises formed by National Small Industries Corporation”. NSIC formed Consortia of Micro & Small Enterprises under its Consortia & Tender Marketing Scheme and is supplying the required stores / items and rendering the services as required by the Govt. Depts. / PSUs. NSIC offices continuously monitor the consortia and form new ones depending upon the requirements. Fixation of Limit for Tender Participation: In respect of enlisted units willing to participate in tender through NSIC, the branch office shall fix an overall limit up to which the tender(s) can be participated on behalf of such unit at any point of time. The limit shall be the higher of: 300% of the monetary limit fixed for the unit under the Single Point Registration Scheme, or Last year’s turnover, (The ‘Last year’s turnover’ should be turnover for a financial year and the same may either be as per the last audited accounts or as per the provisional results for a financial year, duly certified by the Chartered Accountants). Where during the financial year in progress the unit has recorded an appreciable hike in its turnover (duly certified by the Chartered Accountant) with which it exceeds its last year’s turnover or the overall limit as mentioned at (i) above, benefit shall be extended to such units and their overall limit may be fixed at the highest value amongst i, ii, or the value of turnover during the financial year in progress. While fixing the overall limit the operating and installed capacity of the unit may also be considered. The limit so fixed shall remain valid for a year and is subject to review/renewal annually. While deciding the overall limit to be fixed for units operating as a consortium, the limits fixed in respect of individual unit as per procedure mentioned above, shall be clubbed. The limit so fixed for a consortium shall remain valid for a year and is subject to review/ renewal annually. However, the limit of the unit shall get vacated to the extent of the order already executed. (For example a unit having a limit of ₹ 15,00,00,000/- and an order in execution for ₹ 10,00,00,000/- out of which it has already executed order worth of ₹ 3,00,00,000/-, the balance limit available for tender participation at this point shall be ₹ 8,00,00,000/- ). Annual Fee Structure of Enlistment & Renewal under Consortia & Tender Marketing Scheme: ﻿ S.No. Category Annual / Renewal Fee 1. If Monetary Limit under Single Point Registration Scheme (SPRS) is up to                                     ₹ 1,00,00,000/- ₹  1000+Service Tax 2. If Monetary Limit under Single Point Registration Scheme (SPRS) is more                 ₹ 1,00,00,000/-  and up to ₹ 5,00,00,000/- ₹  2500+Service Tax 3. If Monetary Limit under Single Point Registration Scheme (SPRS) is above                 ₹ 5,00,00,000/- ₹  5000+Service Tax 4.. Units owned by SC/ST entrepreneurs are exempted from the enlistment fee N/A 5. There will be no fee for the formation of new / renewal of Consortia. However, while at the time of participation in tender by consortia members, enlistment fee mentioned above will be applicable. N/A ﻿ Service Charges (on line/off line) Open Tender/Limited Enquiries/Nomination Basis/Repeated Orders etc.: The service charges for various types of above said tenders are proposed on the basis of value of tender irrespective of their category: ﻿ Type Service charges on Bill value before GST (%) Individual 2.5 Consortia 2 ﻿ Note: In case of micro units, the service charges may be reduced by 0.5% on the above-mentioned charges. In case EMD and/ or Security Deposit are arranged by NSIC 1% Additional Service Charges would be charged. The said service charges are excluding GST. The services charges shall be deducted from the payment receipt from the buying department and after deducting eh service charges balance amount may be released to the MSE/Consortia. Where the NSIC is required to participate in pre-dispatch inspection team along with the buyer department or other agency, a higher rate of service charge can be levied on case to case basis. Validity of Consortia Agreement: Consortium agreement entered into between the Corporation and Consortiumshall be valid till officially liquidated by all members and the intimation being served on the respective branch that they (Consortium) do not want to continue as a Consortia members. However, in case of inclusion of new member/s or member/s leaving the consortia of change in Constitution of any member , fresh agreement may be obtained. In order to ascertain the change in the Constitution or addition/deletion of the members, a declaration to the effects to be taken from consortia members that their consortium is alive and there is no change.",Enlistment of the Unit for participating in Government/Private tenders. Benefit of 0.5% in service charges  to consortium members.,"Micro & Small Enterprises registered with NSIC under its Single Point Registration Scheme (SPRS). Or, Micro & Small Enterprises who apply to get themselves registered with NSIC under the SPRS along with all required documents in terms of the scheme. Their factory/unit should be inspected before filing of tender in terms of the Tender Marketing Scheme.","Step 01: The application form, in the prescribed format ( Annexures – A and A-1 ) for enlistment under the Tender Marketing Scheme is to be submitted by the applicant Micro & Small Enterprise (MSE), duly signed by the authorized signatory i.e. Proprietor/Partner(s)/Director(s) of the firm /company /society along with the documents mentioned in the application form. Step 02: Fill the form properly and attach all the necessary documents and send it to the Concerned/Regional NSIC branch office. ﻿",A passport size photograph of each of the Proprietor/Partner/Director/Society office bearers along with residential proof Self-attested copy of G.P. Registration Certificate Power of Attorney ( Annexure – B )/Board Resolution ( Annexure – C )/Society Resolution ( Annexure – H ) authorizing the Partner/Director /Executive to deal with NSIC for enlistment/tender participation and consortium formation. Bank attested specimen signature of authorized persons. Copies of recent supply orders. Enlistment Fee.,Central,Business & Entrepreneurship,,"Goods And Services Marketing, Turnkey Projects, Machinery And Technology, NSIC"
Garuda Scheme for Funeral Expense,gsfe,"Andhra Pradesh Brahmin Welfare Corporation (ABC), a Government of Andhra Pradesh undertaking, is announcing the ""Garuda Scheme for Funeral Expenses"" (GS- FE) for the poor Brahmins in Andhra Pradesh. Under this scheme, financial assistance of ₹10,000/- shall be provided to meet the Funeral Expenses of the deceased Brahmin, through the prescribed process. This scheme covers Andhra Pradesh all 13 districts, to meet the funeral expenses of the deceased Brahmi.","Financial Assistance of ₹10,000/- for funeral expenses.","The applicant should be a close relative of the deceased (Spouse/Son/Daughter/Parent/Brother/Grandson). The applicant should provide a self-declaration that he/she is the legal heir of the deceased. The applicant should belong to the Brahmin community and reside in Andhra Pradesh. The applicant's annual family income should not exceed ₹75,000/-. The applicant should not have availed himself/ herself of any amount under any other government scheme for the same purpose.","Registration and apply Step 01: Applicants have to visit the official website(https://www.andhrabrahmin.ap.gov.in/schemes/schemes.aspx#) and click on ""Scheme"" Step 02: Click on ""Registration"" After that application form will open Step 03: Fill out the required details: Personal Details: Name, Residence address, Aadhaar no, Ration card no, Bank detail etc Upload: Photo, Signature and Certificate Details Documents: Birth Certificate, Residential Certificate, Aadhar Card, Caste Certificate, Bank Passbook etc Finalize and ""Submit"" the application. Step-4: After submission receive the reference number. ﻿ Check Application Status: Step 01: Click on the “Services” link on the menu and select ""Know your status"". Step 02: Enter the Reference or Mobile or Aadhaar Card Number to get the application status. Step 03: Select the ""Financial Year"" and Fetch the details. ﻿ Download the Acknowledgement slip: Step 01: Click on the ""Acknowledgement Slip"" Step 02: Enter the Aadhaar Card Number and select the ""Scheme"" Step 03: Click on the ""Submit""",Passport-size Photograph of the Applicant Aadhar Card of the Applicant Aadhar Card of the Deceased White Ration Card/Income Certificate (issued by Mee Seva/Revenue Department) Caste Certificate (issued from Mee Seva) Residence Certificate (issued from Mee Seva) Birth Certificate (issued from Mee Seva) Income Certificate of the Applicant (issued by Mee Seva/Revenue Department) Passbook of SB Account in Andhra Bank or SBI (in the name of Applicant) Self-declaration (the applicant is the legal heir of the deceased Brahmin) Death Certificate of Deceased Brahmin (issued by any Government),State,Social welfare & Empowerment,,"Social Welfare, Financial Assistance, Deceased, Brahmin"
Incentive For The Intra Caste Marriage within Scheduled Tribe Community,ifticmwstc,"The scheme ""Incentive for Intra Caste Marriage within the Scheduled Tribe Community"" was launched by the Tribal Welfare Department, Government of Karnataka. The scheme provides an incentive of ₹2,00,000/- to couples who are both from the Scheduled Tribe (ST) community but belong to different sub-castes within the ST community. The marriage should have taken place on or after 1st April 2018. The couple must reside in Karnataka and apply for the scheme within one year of their marriage.","An incentive of ₹2,00,000/- is provided to the married couple.","The couple should be residing in Karnataka. Both the partners should be from the Scheduled Tribe (ST) community but from different sub-castes. The combined annual income of the couple must be less than ₹2,00,000/-. The couple must apply to this scheme within one year of their marriage. The marriage should have taken place on or after 1st April 2018.","Step 1: Visit the official website of the Tribal Welfare Department, Government of Karnataka. Step 2: In the right pane, click on ""Incentives for Marriage"" and select the ""Incentives to Intra-Caste Marriage"" scheme. You will be directed to the department's dedicated page for that scheme. Step 3: On the scheme's homepage, scroll down to the bottom and click on "" Registration "". Step 4: In the online registration form, fill in all the mandatory fields of the form and upload all the mandatory documents in the specified format and size. Step 5: Carefully review all the information provided by you. After completing the form, click ""Submit"". You will receive a confirmation message via SMS from the Department, and an acknowledgement form will be generated. Step 6: Print the acknowledgement form for future reference. ﻿ Post Application Processes The Tribal Welfare Department will conduct a spot verification to verify the details provided by the couple and process the application further. After successful spot verification, the incentive will be credited to the couple’s joint account.",Aadhaar Card Bank Account Details Marriage Proof Marriage Photo Caste Certificate Income Certificate Resident Proof Any other documents as required ﻿,State,Social welfare & Empowerment,,"Intra Caste, Marriage, Schedule Tribe, Incentive, ST"
Incentive Scheme for MSMEs in Powerloom Sector: State Capital Investment Subsidy,ismpsscis,"The scheme “State Capital Investment Subsidy” is a sub scheme under the “Incentive Scheme for MSMEs in Powerloom Sector”. It was launched on 1st January, 2022, by the Department of Micro, Small & Medium Enterprises and Textiles, Government of West Bengal, and shall remain valid upto 31st December, 2024. Objective of the ""Incentive Scheme for MSMEs in Powerloom Sector”: The objective of the Scheme is to extend fiscal incentives for installation of New age shuttleless Powerlooms by MSMEs in Textile sector with a view to boost production of the improved quality fabrics and to create a sustainable ecosystem for MSMEs in Textile sector which can maximize the utilization of resource, generate new employment and widen the area of operation to make the State emerge as the leader in Powerloom sector in country. Objective of the ""State Capital Investment Subsidy"" Sub-scheme: Through this incentive, an eligible micro or small or medium enterprise in Powerloom sector irrespective of area/ zone will be entitled to Capital Investment Subsidy for its approved project of fixed capital investment on Plant and machinery (new age shuttle less powerloom).",20% of Fixed Capital Investment on Plant and machinery.,"The Scheme shall be generally applicable to all micro, small, and medium enterprises (MSMEs) in the powerloom sector. Enterprises must have started production from 01.01.2022 to 31.12.2024. Enterprises should have executed a Four-party agreement with the Directorate of Textiles, Financial institution and Tantuja. The units should be a private sector, cooperative sector and joint sector undertaking as also companies/undertakings owned and managed by the State Government and the Industrial SHGs. The project should be covered by a detailed feasibility report/project prepared for the purpose. The project should have been approved and sanctioned by a Central Financial Institution or Commercial Banks or State Financial Institutions.","A micro, small or medium enterprise in Powerloom segment shall duly apply in prescribed form to the Directorate of Textile in Form-A1 before any investment in Plant and machinery (new age shuttle less loom). Time frame for submission of first Application: Within 12 months from the date of commencement of commercial production (01.01.2022 to 31.12.2024). Address: Directorate of Textiles, Handlooms, Spinning Mills, Silk Weaving & Handloom Based Handicrafts Division New Secretariat Buildings, 1, K. S. Roy Road, 5th Floor, 'B' Block, Kolkata 700001 Tel No. 033-2248 4537 / 2248 6271 (Ext. 215) Fax No. 033-2248 4537","A copy of the Memorandum of Association and Articles of Association authenticated by the Registrar of Companies/ partnership deed (wherever applicable). A statement on the name and address of the Directors /Partners /Owners of the enterprise/ Members of Cooperative or Self Help Groups, as applicable. Copy of approved project report. A copy of loan sanctions letter and disbursement letter issued by financial institutions/ banks. Copy of agreement. A copy of the audited balance sheet for the last 2 years wherever applicable. Existing manufacturing activities in West Bengal stating items, annual approved capacity, annual production during the last three years (in quantity and value in Rs. Lakh), if applicable. Copy of the land deed (wherever applicable) (In case of rented /leasehold land / buildings, copy of rent agreement and receipt /lease agreement). Copy of mutation & conversion certificate of land/ building. Copy of valid consent to operate certificate from the WBPCB. Copies regarding SGST. Copy of Trade Licence. Copy of first electricity bill (wherever applicable). Copy of acknowledgement of Udyam Registration. Copy of SC /ST certificate wherever applicable. Copy of other statutory licenses/certificates, if necessary. “Self declaration” as per para 7.1(vi) of the Official Scheme Guidelines . Self certification on fixed assets as per Annexure-I .",State,Business & Entrepreneurship,,"Powerloom, Incentives, State Capital Investment Subsidy, Entrepreneurship, Subsidy, Reimbursement"
Indira Mahila Shakti Udyam Protsahan Yojana,imspesy,"The Indira Mahila Shakti Udyam Protsahan Yojana (IMSUPY) is a scheme launched by the Rajasthan government to empower women entrepreneurs by providing them with financial assistance and support. The main objective of the scheme is to ecourage women to start their own businesses and become financially independent. Promote self-employment and reduce unemployment among women in Rajasthan. Support the growth of micro, small, and medium enterprises (MSMEs) led by women.","Loan Limit Loan amount of ₹ 50,00,000/- to individual women. Loan amount of Rs 1,00,00,000/- to self-help groups. ﻿ Margin Money A margin money of 25% of the sanctioned loan amount will be provided under the scheme. For women belonging to Scheduled Castes/Tribes, Scheduled Castes, widows, abandoned women, victims of violence and disabled women, the margin money will be 30% of the sanctioned loan amount. Note : The maximum limit of margin money will be ₹ 15,00,000/-. The applicant's own contribution (5% / 10% of the project proposal) will be considered for margin money. Land value will not be included in the project proposal. The maximum limit of loan amount payable for construction of workshop/building will be up to 20% of the sanctioned amount of the project proposal. The maximum limit of loan for business will be Rs. 10 lakh. Business refers to wholesale or retail purchase-sale of commercial products. ﻿ Promotion of collateral security free loans: As per the guidelines of the Reserve Bank of India, collateral security will not be required for loans up to Rs. 10 lakh. Loans above Rs. 10 lakh can be linked with the Credit Guarantee Trust Fund for Micro and Small Enterprises (CGTMSE). The fee amount will be borne by the beneficiary. If the applicant voluntarily wants to give collateral security on the loan, they can do so. ﻿","The applicant's age should be 18 years or more. The applicant should be a permanent resident of Rajasthan. The women's self-help group or group of these groups (cluster/ federation) must be registered under any department of the state government and in case of cluster/federation of groups, it will be necessary to be registered under the Cooperative Act as per the rules. ﻿","Registration Step-1: Applicant have to visit the official portal . Step-2: Click on the option “ Register ”. Step-3: Then you will be redirected to the SSO registration page. The registration page will appear with the following options. Citizen Step-4: Choose the either one option from  the Jan Aadhaar Or Google to process further. Jan Aadhaar : Enter the Jan Aadhaar number, click on the ‘Next’ button, Select your name, the name of the head of the family and all the other members and Click on the ‘Send OTP’ button. Enter the ‘OTP’ and Click on the ‘Verify OTP’ button to Complete the registration. Google : Enter the Gmail ID, click on the ‘Next’ button, Enter the password. A new link appear on screen, now click on new SSO link. SSO id will appear on screen, now create the password. Enter Mobile number, click on registration. Step-5: Complete the registration process. ﻿ Apply Step-1: Applicant have to visit the official portal . Step-2: Read the instruction carefullly and click on "" Apply "". Step-3: Click on an ""Alert"" button and page will redirected to SSO portal. Step-4: Now login with credentials. Step-5: Now click on ""Apply for Scheme"" on screen. Step-6: Now on the new page you will have to fill out the application form in 7 steps. - Such as a general description - Applicant details - Details of applicant and workplace - Description of the proposed project - Details of proposed financial institution - basis of ranking - Document Upload and Declaration Step-7: After filling in all the details in the application form, submit the application form. ﻿",Aadhar card. Address proof. Bank account statement. Passport size photo. Mobile number.,State,Women and Child,,"Women, Empowerment, Development, Motivaction"
Mukhyamantri Shramik Aujaar Sahayata Yojana,msasy,"The Labor Department of Chhattisgarh launched the ""Mukhyamantri Shramik Aujaar Sahayata Yojana"" on October 1, 2010, through the Building and Construction Workers Welfare Board. Under this scheme, 10,000 tool kits are distributed annually to registered construction workers, including masons, electricians, plumbers, carpenters, porters, painters, and others, who have been registered with the board for a minimum of 90 days.",Tool kits can given free of cost to the registered construction worker.,The Applicant must be a native of Chhattisgarh. The beneficiary should be a construction worker. The beneficiary should be registered under the Building and Construction Workers Welfare Board. The age of the registered worker should not be less than 18 years.,"Registration of a Construction Worker Under  CBOCWWB Step-1: All the applicant have to visit the official website Chhattisgarh Labour Department. Step-2 : On the home page click on ""Apply"" under ""Chhattisgarh Building and Other Construction Workers Welfare Board"". Step-3 : Enter the following details Select : ""Building and Other Construction Workers Welfare Board"" Select Service : ""Labour Registration"" What do you want to do : ""Registration Application"" Click Proceed. Step-4: Now enter your details :Name Father name. Aadhar card. D.O.B. Age. Step-5: Click on submit only after uploading all the important information and documents given in Part 1, Part 2, Part 3. Step-6: When you click on submit, your registration ID will be sent to your mobile and email. ﻿ Apply Step-1: All the applicant have to visit the official website  Chhattisgarh Labour Department . Step-2: On the home page click on "" Apply "" under ""Chhattisgarh Building and Other Construction Workers Welfare Board Step-3: Enter the following details Select : ""Building and Other Construction Workers Welfare Board"". Select Service : Scheme What do you want to do : ""Application"". Click Proceed. Step-4: Select your district name and provide old/new registration number and click proceed. Step-5: When you enter the district and registration number, an OTP will be sent to your mobile for verification. Step-6: After this, a dashboard will open in front of you, containing information about your name, address, age, and caste etc. Step-7: After that, you select your Yojana and upload your important documents and basic information. Step-8: Click ""Submit"" to register yourself for this scheme.",Bank passbook photocopy. Self-declaration certificate in the prescribed form issued by the government in respect of the employer. Worker's Aadhaar Card. Birth Certificate. Passport-size photograph. Residence Poof. Labour card.,State,Social welfare & Empowerment,,"Financial Assistance, Construction Workers, Labour Tools, Building Worker"
Nirman Shramik Jeevan va Bhavishya Suraksha Yojana,nsjbsy,"Launched in 2016, the scheme ""Nirman Shramik Jeevan va Bhavishya Suraksha Yojana"" (Construction Workers Life and Future Security Scheme) by the Building and Other Construction Workers Welfare Board, Government of Rajasthan aims to provide financial security and social protection through insurance and pension benefits to the registered construction workers and their families. Through this scheme, benefits under the Pradhan Mantri Suraksha Bima Yojana, Pradhan Mantri Jeevan Jyoti Bima Yojana, and Atal Pension Yojana are provided to eligible registered construction workers. This comprehensive scheme complements other initiatives like the Construction Workers Tools/Toolkit Assistance Scheme, Construction Workers Education and Skill Development Scheme, and Construction Workers Sulabh Yojana.","Pradhan Mantri Suraksha Bima Yojana (PMSBY) 100% reimbursement of annual premium amount (₹12) Premium amount is fully reimbursed through electronic transfer No partial reimbursement option is available Beneficiary must show proof of premium deduction in bank passbook Pradhan Mantri Jeevan Jyoti Bima Yojana (PMJJBY) 50% reimbursement of the annual premium amount Total premium: ₹330 Reimbursement amount: ₹165 Remaining ₹165 to be borne by the beneficiary Must provide proof of full premium deduction from bank account Atal Pension Yojana (APY) 50% reimbursement of the annual contribution amount Specifically for the ₹1,000 monthly pension plan Reimbursement is calculated based on the average annual contribution Beneficiary must continue paying their share to maintain scheme validity Must show proof of contribution deduction from bank account",1.  The applicant must be registered as a beneficiary with the Building and Other Construction Workers Welfare Board. 2.  The applicant must have a savings bank account in their name. 3.  The applicant must be eligible for membership under the following schemes: Pradhan Mantri Suraksha Bima Yojana (PMSBY) Pradhan Mantri Jeevan Jyoti Bima Yojana (PMJJBY) Atal Pension Yojana (APY) 4.  The applicant must provide consent to their bank for the deduction of premium/contribution from their savings account. 5.  The applicant must have gotten the annual premium/contribution amount deducted from their savings account.,"REGISTRATION Step 1: Visit the Official Portal of Rajasthan Single Signon, and click "" Register Here "". Step 2: In the online registration form, fill in all the mandatory fields, verify your Mobile Number via OTP, and click ""Register"". APPLICATION Step 1: After successful registration, log in to the SSO Portal, you will be able to browse the various Departmental Portals of the Government of Rajasthan. Step 2: Click on the “Labour Department Management System (LDMS)” icon. The system will ask whether you are already registered with LDMS. Step 2.1: If you are already registered with LDMS, click ‘Yes’. You will be asked to provide your LDMS Login ID & Password for mapping with SSO ID. *This is a one-time activity, thereafter, in subsequent sessions upon entering the SSO ID & selecting the LDMS portal, the user will automatically come to the respective screen in the LDMS portal. Step 2.2: If you are NOT already registered with LDMS, click ‘No’. You will be asked to update your profile by providing the following details: District, House No./Plot No., Street/Locality, Village/Town/City, and PIN Code. Step 3: After submitting the form, you will automatically come to the dashboard of the LDMS portal. Step 4: Select ""Welfare Schemes"" from the side menu, then select ""BOCW Welfare Board"", then click ""Apply for Scheme"". Step 5: In the next page, all the schemes of the Rajasthan Shramik Card will be displayed. From the list, select the scheme you intend to apply for. Step 6: You will be taken to the online application form of the scheme. In the form, fill in all the mandatory fields of the Application Form and upload all the mandatory documents in the specified format and size. Finally, click ""Submit"".","Copy of Beneficiary Registration Identity Card. Copy of Bank Passbook First Page (showing beneficiary's name, account number, and IFSC code). Copy of Bank Passbook Page Showing Premium/Contribution Deduction Details. Copy of Aadhaar Card and Bhamashah Card (Optional).",State,Health & Wellness,,"Medical, Insurance, Health, Labor, Premium, Construction, Pension"
Pre-Matric Scholarship for Backward Class Students,pmsfbcs,"The scheme ""Pre-Matric Scholarship for Backward Class Students"" by the Backward Classes and Minorities Welfare Department, Government of Madhya Pradesh aims to provide financial assistance to backward class students studying at the pre-matriculation level in India. Through this scheme, monthly scholarships of varying amounts are provided to eligible students to help them complete their education. The applications for this scheme are processed through educational institutions. The scheme is implemented across the entire state of Madhya Pradesh.","Classes 6th to 8th Boys: ₹20/- per month Girls: ₹30/- per month Classes 9th to 10th Boys: ₹30/- per month Girls: ₹40/- per month NOTE:  The scheme is individual in nature, covering all of Madhya Pradesh. Scholarships are awarded for 10 months annually and paid in one installment on 30th September.",The applicant should be a student of classes 6th to 10th. The parents/guardians of the applicant should not be income taxpayers. The parents/guardians of the applicant should not own more than 10 acres of land.,"Step 1: The interested applicant should visit the Head of the Educational Institution and request the hard copy of the prescribed format of the application form. Step 2: In the application form, fill in all the mandatory fields, paste the passport-sized photograph (signed across, if required), and attach copies of all the mandatory documents (self-attest, if required). Step 3: Submit the duly filled and signed application form along with the documents, within the prescribed period (if any), to the concerned authority. Step 4: Request a receipt or acknowledgement from the concerned authority to whom the application has been submitted. Ensure that the receipt contains essential details such as the date and time of submission, and a unique identification number (if applicable). NOTE: Ensure that the application is submitted within the prescribed period, if any.","Caste Certificate Income Certificate Land Ownership Proof (Showing Less Than 10 Acres of Land) Bank Account Details Application Form in the Prescribed Format Bonafide Certificate or Proof of Admission in School Proof of Age or Date of Birth (e.g., Birth Certificate or School Records) Academic Records (If Applicable)",State,Education & Learning,,"Financial Assistance, Backward Class, Student, Education, School"
Safai Karmakaar Ke Putr/Putri Hetu Vishesh Coaching Yojana,skhvc,"Labor Department of Chhattisgarh State started this scheme ""Safai Karmakaar Ke Putr/Putri Hetu Vishesh Coaching Yojana"" for unorganized worker on 11 March 2015. The main objective of the scheme to provide financial assistance for free coaching.","The fee for special coaching for admission in engineering, medical, CA and MBA or other professional education to the son/daughter (two children) studying in class 10th and above will be paid by the board.","Children of registered sanitation workers will qualify for benefits. If a student is eligible for assistance from multiple government departments or institutions, they may choose the program that is most beneficial to them, but they cannot receive benefits from two programs simultaneously.","Unregistered Applicant : All the applicant have to visit the official website Chhattisgarh Labour Department. On the home page click on "" Apply "" under ""Chhattisgarh Unorganized Workers State Social Security Board"". Enter the following details Select Group Name : ""Asangathit Marmakaar Mandal"" Select Service : ""Asangathit Shramik Panjikaran"" What do you want to do : ""Aavedan"" Click next. Check the eligibility criteria for registration in Chhattisgarh Unorganized Workers State Social Security Board and click next. Fill out the online ""Registration form"". Submit. ﻿ Already Registered Applicant : All the applicant have to visit the official website Chhattisgarh Labour Department. On the home page click on "" Apply "" under ""Chhattisgarh Unorganized Workers State Social Security Board"". Enter the following details Select Group Name : ""Asangathit Marmakaar Mandal"" Select Service : ""Yojana"" What do you want to do : ""Aavedan"" Click next. Select your district name and provide old/new registration number and click next. Select the scheme name. Fill out the online with required details. Submit.",Aadhar card. Labor registration Card. Scholarship application form Student's birth certificate Mark certificate of previous year exam.,State,Education & Learning,,"Education, Coaching"
The West Bengal Incentive Scheme: Additional Incentive for Adventure Tour Operators,wbisaito,"“Additional Incentive for Adventure Tour Operators” is a sub scheme under “The West Bengal Incentive Scheme 2021”. It was launched on 22nd February, 2021, by the Department of Tourism, Government of West Bengal, and shall remain valid upto 31st December, 2025. Objective of the “West Bengal Incentive Scheme” scheme: The objective of the Scheme is to provide financial assistance and help enthusiastic intending or prospective entrepreneurs to start their own business as a self-employed youth who will become an employer in upcoming days and generate more employment. Objective of the “Additional Incentive for Adventure Tour Operators” scheme: Through this incentive, an eligible unit, which has been qualified for bringing in more than 50 International Tourists or 100 Domestic Inbound Tourists in a financial year supported by payment of SGST, shall be entitled to an additional incentive for purchase of tents/dingy/adventure & sports equipments/ related accessories by way of reimbursement in different areas.",Group A: 60% Group B: 70% Group C: 80% Group  D: 90% Special Areas: 100%,"The Scheme shall be generally applicable to all eligible tourism projects/units/expansion projects of existing units set up on or after the effective date (i.e. 22nd February, 2021)  of this incentive scheme. Or, Eligible Hotel Units who started their commercial operation on or after 7th January, 2015 to 31st December, 2020 but could not apply under previous scheme 2015 due to absence of a Bar in the Hotel. The units may be in the private sector, co-operative sector, joint sector as also companies/undertakings owned or managed by the State Government. The project should be covered by a detailed feasibility report/project prepared for the purpose. The project should have been approved and sanctioned by a Central Financial Institution or Commercial Banks or State Financial Institutions. The unit should hold an Registration Certificate, Date of Commencement Certificate and Eligibility Certificate issued by the West Bengal Tourism Development Corporation Limited on satisfaction of arrangement.","Registration Process: Step 01: Visit the official Shilpasathi portal and click on ‘Apply online’. Step 02: A sign up window will appear. Click on ‘Create New’ for new user. Step 03: Select the Industry /Business /Commercial /Charitable Society/ Govt. entity and enter the concerned Registration number. Step 04: Then the ‘User Registration’ window will appear with the relevant fields that the applicant needs to fill accurately and click on ‘Register’. In case the applicant already has an account, click on the ‘Sign In’ button and login using valid User ID, password and Captcha code. Application Process: Step 01: Visit the official Shilpasathi portal and click on ‘Apply online’. Step 02: Enter your user name, password and captcha code then click on “Log In”. Or sign in with the registered mobile number and OTP. Step 03: Applicants will be directed to the user dashboard. Click on ‘ALL SERVICES’ to get the desired service. Step 04: A list of services will appear. Applicants need to click on the check box adjacent to the service named ‘Tourism Incentive’. Step 05: Once done, click on ‘Create CAF’. Applicant’s CAF ID will be created. Click on ‘Apply Online’ to proceed with the application. Step 06: Applicant will be redirected to the common application form where he has to fill in the necessary details mentioned for proceeding further with the application. Step 07: Once done, the applicant needs to attach the relevant documents required for the issuance of the certificate and click on ‘Save & Continue’. Step 08: Once uploaded, a ‘Document successfully uploaded’ header message will appear for confirmation. Applicants will be shown the filled application with details provided for final review. Step 09: Once reviewed, the applicant needs to click on the Declaration checkbox on the bottom left of the application page before proceeding to the ‘Submit’ button. Step 10: The applicant will receive notifications through SMS and email at critical stages of application processing–application submission, application approval or rejection at various stages. Step 11: Once done, the applicant will be auto redirected to the ‘Check status’ page to view the current status of the application. Step 12: Once all the steps are successfully completed , after Approval by the authority the applicant will receive in the online system the Registration certificate approved by the Department by clicking on the ‘Download Certificate’ button. Note: The steps for getting the incentives are Issue of Registration Certificate, Issue of Date of Commencement Certificate and issue of Eligibility Certificate before granting incentives in each case. After getting both the Registration and Date of Commercial Operation Certificate, the Tourism unit applies to the Managing Director, West Bengal Tourism Development Corporation for Eligibility Certificate. After getting all the above mentioned three certificates the eligible units apply to The Managing Director, West Bengal Tourism Development Corporation for Different types of incentives (see sl. 1) through different online forms. Helpdesk: Protiti, 23, Abanindranath Tagore Sarani (Camac Street), Kolkata - 700017, West Bengal, India. Phone: +91 33 2255 3700 Fax: +91 33 2255 3737 Email: silpa.sathi@wbidc.com For any technical query or any critical issues faced while submitting application please mail to our Quick Response Team at: qrt.silpasathiwb@gmail.com Silpa Sathi Single Window Cell-Helpline Number (Toll free): 1800-345-5562","Documents required for the Registration and Eligibility Certificate (Form I) : A copy of the Memorandum and Articles of Association issued by the Registrar of Companies/ Partnership agreement. A Statement of names and addresses of the Director/ Partners/Owners of the company. Project Report. Valid No objection Certificate from pollution control Board. Valid No objection Certificate from West Bengal Fire Service. In case of loan, Photocopy of Sanction letter from the Central Financial Institution/State Financial institution/ Bank. Copy of the Audited Balance sheet for the last 3 years with Income Tax acknowledgement. Estimate for Building and Plant & Machinery vetted by Govt. Registered Valluer / Chattered Valluer. Land Deed and all other Documents supporting statements made in the Form (Mutation/ROR, Conversion Certificate, site plan,clearance from M.A. Deptt. etc. All applicable clearance from Govt. authorities (Forest, CRZ, Police, etc.). Sarai Registration Certificate under Bengal Sarai Regulation Act (in case Hotel started their Commercial operation) Valid Trade License from appropriate authority. GST Certificate and GST return. Sanctioned Building Plan from appropriate authority (KMC/ Municipality/ Panchayat/or any other appropriate authority). Documents required for the Waiver of Electricity Duty : Schedule of the adventure sports equipment purchased. Documents showing cost & dates of procurement of the equipment. Copy of acknowledgement of furnishing of return. Documents showing payment of SGST. Certificate to be issued by the Director of Tourism, Govt. of West Bengal, as per Annexure-A (format is available for download in attachment section). ﻿",State,Business & Entrepreneurship,,"Tourism, Incentives, Tour Operators, Tourism Units, Entrepreneurship, Subsidy, Reimbursement, Adventure"
The West Bengal Incentive Scheme: Additional Incentive on Generation of Employment,wbisaige,"“Additional Incentive on Generation of Employment” is a sub scheme under “The West Bengal Incentive Scheme 2021”. It was launched on 22nd February, 2021, by the Department of Tourism, Government of West Bengal, and shall remain valid upto 31st December, 2025. Objective of the “West Bengal Incentive Scheme” scheme: The objective of the Scheme is to provide financial assistance and help enthusiastic intending or prospective entrepreneurs to start their own business as a self-employed youth who will become an employer in upcoming days and generate more employment. Objective of the “Additional Incentive on Generation of Employment” scheme: Through this incentive, an eligible unit will be entitled to an additional incentive for employment generation for paying its contribution towards Employees State Insurance (ESI) and Employees Provident Fund (EPF) Scheme.","Group A, B, C & D areas: 60% for a period of 5 years Special Areas: 60% for a period of 10 years.","The Scheme shall be generally applicable to all eligible tourism projects/units/expansion projects of existing units set up on or after the effective date (i.e. 22nd February, 2021)  of this incentive scheme. Or, Eligible Hotel Units who started their commercial operation on or after 7th January, 2015 to 31st December, 2020 but could not apply under previous scheme 2015 due to absence of a Bar in the Hotel. The units may be in the private sector, co-operative sector, joint sector as also companies/undertakings owned or managed by the State Government. The project should be covered by a detailed feasibility report/project prepared for the purpose. The project should have been approved and sanctioned by a Central Financial Institution or Commercial Banks or State Financial Institutions. The unit should hold an Registration Certificate, Date of Commencement Certificate and Eligibility Certificate issued by the West Bengal Tourism Development Corporation Limited on satisfaction of arrangement.","Registration Process: Step 1: Visit the official Shilpasathi portal and click on ‘Apply online’ button. Step 2: A sign up window will appear. Click on ‘Create New’ for new user. Step 3: Select the Industry /Business /Commercial /Charitable Society/ Govt. entity and enter the concerned Registration number. Step 4: Then the ‘User Registration’ window will appear with the relevant fields that the applicant needs to fill accurately and click on ‘Register’. In case the applicant already has an account, click on the ‘Sign In’ button and login using valid User ID, password and Captcha code. Application Process: Step 1: Visit the official Shilpasathi portal and click on ‘Apply online’ button. Step 2: Enter your user name, password and captcha code then click on “Log In”. Or sign in with the registered mobile number and OTP. Step 3: Applicants will be directed to the user dashboard. Click on ‘ALL SERVICES’ to get the desired service. Step 4: A list of services will appear. Applicants need to click on the check box adjacent to the service named ‘Tourism Incentive’. Step 5: Once done, click on ‘Create CAF’. Applicant’s CAF ID will be created. Click on ‘Apply Online’ to proceed with the application. Step 6: Applicant will be redirected to the common application form where he has to fill in the necessary details mentioned for proceeding further with the application. Step 7: Once done, the applicant needs to attach the relevant documents required for the issuance of the certificate and click on ‘Save & Continue’. Step 8: Once uploaded, a ‘Document successfully uploaded’ header message will appear for confirmation. Applicants will be shown the filled application with details provided for final review. Step 9: Once reviewed, the applicant needs to click on the Declaration checkbox on the bottom left of the application page before proceeding to the ‘Submit’ button. Step 10: The applicant will receive notifications through SMS and email at critical stages of application processing–application submission, application approval or rejection at various stages. Step 11: Once done, the applicant will be auto redirected to the ‘Check status’ page to view the current status of the application. Step 12: Once all the steps are successfully completed , after Approval by the authority the applicant will receive in the online system the Registration certificate approved by the Department by clicking on the ‘Download Certificate’ button. Note: The steps for getting the incentives are Issue of Registration Certificate, Issue of Date of Commencement Certificate and issue of Eligibility Certificate before granting incentives in each case. After getting both the Registration and Date of Commercial Operation Certificate, the Tourism unit applies to the Managing Director, West Bengal Tourism Development Corporation for Eligibility Certificate. After getting all the above mentioned three certificates the eligible units apply to The Managing Director, West Bengal Tourism Development Corporation for Different types of incentives (see sl. 1) through different online forms. Helpdesk: Protiti, 23, Abanindranath Tagore Sarani (Camac Street), Kolkata - 700017, West Bengal, India. Phone: +91 33 2255 3700 Fax: +91 33 2255 3737 Email: silpa.sathi@wbidc.com For any technical query or any critical issues faced while submitting application please mail to our Quick Response Team at: qrt.silpasathiwb@gmail.com Silpa Sathi Single Window Cell - Helpline Number (Toll free): 1800-345-5562","Documents required for the Registration and Eligibility Certificate (Form I) : A copy of the Memorandum and Articles of Association issued by the Registrar of Companies/ Partnership agreement. A Statement of names and addresses of the Director/ Partners/Owners of the company. Project Report. Valid No objection Certificate from pollution control Board. Valid No objection Certificate from West Bengal Fire Service. In case of loan, Photocopy of Sanction letter from the Central Financial Institution/State Financial institution/ Bank. Copy of the Audited Balance sheet for the last 3 years with Income Tax acknowledgement. Estimate for Building and Plant & Machinery vetted by Govt. Registered Valluer / Chattered Valluer. Land Deed and all other Documents supporting statements made in the Form (Mutation/ROR, Conversion Certificate, site plan,clearance from M.A. Deptt. etc. All applicable clearance from Govt. authorities (Forest, CRZ, Police, etc.). Sarai Registration Certificate under Bengal Sarai Regulation Act (in case Hotel started their Commercial operation) Valid Trade License from appropriate authority. GST Certificate and GST return. Sanctioned Building Plan from appropriate authority (KMC/ Municipality/ Panchayat/or any other appropriate authority). Documents required for the Additional Incentive on Generation of Employment: Copies of documents regarding contributions made to ESI/EPF. A statement showing the name of workers, their age, date of appointment, nature of appointment and nature of work employment exchange card number and attested copies of the employment exchange card. Certificate from the Regional Provident Fund Commissioner/Director, ESI as per Annexure-A. (format is available for download in the attachment section).",State,Business & Entrepreneurship,,"Tourism, Incentives, Waiver, Tourism Units, Entrepreneurship, Subsidy, Reimbursement, Employment Generation"
The West Bengal Incentive Scheme: Capacity Utilisation,wbiscu,"The scheme “State Capital Investment Subsidy” is a sub scheme under “The West Bengal Incentive Scheme”. It was launched on 22nd February, 2021, by the Department of Tourism, Government of West Bengal, and shall remain valid upto 31st December, 2025. Objective of the ""West Bengal Incentive Scheme” Scheme: The object of the Scheme is to provide financial assistance and help enthusiastic intending or prospective entrepreneurs to start their own business as a self-employed youth who will become an employer in upcoming days and generate more employment. Objective of the “Capacity Utilisation” scheme: Through this incentive, an approved mega project of an eligible unit shall be entitled to additional Floor Area Ratio (FAR) over and above the maximum permissible FAR as may be fixed by the competent authority.","Pattern of Assistance: 50%, subject to a maximum of ₹7,50,000/-.","The Scheme shall be generally applicable to all eligible tourism projects/units and also to expansion projects of existing units set up on or after the effective date (i.e. 22nd February, 2021)  of this incentive scheme. Or, Eligible Hotel Units who started their commercial operation on or after 7th January, 2015 to 31st December, 2020 but could not apply under previous scheme 2015 due to absence of a Bar in the Hotel. The units may be in the private sector, co-operative sector, joint sector as also companies/undertakings owned or managed by the State Government. The project should be covered by a detailed feasibility report/project prepared for the purpose. The project should have been approved and sanctioned by a Central Financial Institution or Commercial Banks or State Financial Institutions. The unit should hold an Registration Certificate, Date of Commencement Certificate and Eligibility Certificate issued by the West Bengal Tourism Development Corporation Limited on satisfaction of arrangement.","Registration Process: Step 1: Visit the official Shilpasathi portal and click on ‘Apply online’ button. Step 2: A sign up window will appear. Click on ‘Create New’ for new user. Step 3: Select the Industry /Business /Commercial /Charitable Society/ Govt. entity and enter the concerned Registration number. Step 4: Then the ‘User Registration’ window will appear with the relevant fields that the applicant needs to fill accurately and click on ‘Register’. In case the applicant already has an account, click on the ‘Sign In’ button and login using valid User ID, password and Captcha code. Application Process: Step 1: Visit the official Shilpasathi portal and click on ‘Apply online’ button. Step 2: Enter your user name, password and captcha code then click on “Log In”. Or sign in with the registered mobile number and OTP. Step 3: You will be directed to the user dashboard. Click on ‘ALL SERVICES’ to get the desired service. Step 4: A list of services will appear. Applicants need to click on the check box adjacent to the service named ‘Tourism Incentive’. Step 5: Once done, click on ‘Create CAF’. Applicant’s CAF ID will be created. Click on ‘Apply Online’ to proceed with the application. Step 6: You will be redirected to the common application form where he has to fill in the necessary details mentioned for proceeding further with the application. Step 7: Once done, attach the relevant documents required for the issuance of the certificate and click on ‘Save & Continue’. Step 8: Once uploaded, a ‘Document successfully uploaded’ header message will appear for confirmation. You will be shown the filled application with details provided for final review. Step 9: Once reviewed, the applicant needs to click on the ‘Declaration’ checkbox on the bottom left of the application page before proceeding to the ‘Submit’ button. Step 10: The applicant will receive notifications through SMS and email at critical stages of application processing–application submission, application approval or rejection at various stages. Step 11: Once done, the applicant will be auto redirected to the ‘Check status’ page to view the current status of the application. Step 12: Once all the steps are successfully completed , after Approval by the authority the applicant will receive in the online system the Registration certificate approved by the Department by clicking on the ‘Download Certificate’ button. Note: The steps for getting the incentives are Issue of Registration Certificate, Issue of Date of Commencement Certificate and issue of Eligibility Certificate before granting incentives in each case. After getting both the Registration and Date of Commercial Operation Certificate, the Tourism unit applies to the Managing Director, West Bengal Tourism Development Corporation for Eligibility Certificate. After getting all the above mentioned three certificates the eligible units apply to The Managing Director, West Bengal Tourism Development Corporation for Different types of incentives (see sl. 1) through different online forms. Helpdesk: Protiti, 23, Abanindranath Tagore Sarani (Camac Street), Kolkata - 700017, West Bengal, India. Phone: +91 33 2255 3700 Fax: +91 33 2255 3737 Email: silpa.sathi@wbidc.com For any technical query or any critical issues faced while submitting application please mail to our Quick Response Team at: qrt.silpasathiwb@gmail.com Silpa Sathi Single Window Cell - Helpline Number (Toll free): 1800-345-5562","Documents required for the Registration and Eligibility Certificate (Form I) : A copy of the Memorandum and Articles of Association issued by the Registrar of Companies/ Partnership agreement. A Statement of names and addresses of the Director/ Partners/Owners of the company. Project Report. Valid No objection Certificate from pollution control Board. Valid No objection Certificate from West Bengal Fire Service. In case of loan, Photocopy of Sanction letter from the Central Financial Institution/State Financial institution/ Bank. Copy of the Audited Balance sheet for the last 3 years with Income Tax acknowledgement. Estimate for Building and Plant & Machinery vetted by Govt. Registered Valluer / Chattered Valluer. Land Deed and all other Documents supporting statements made in the Form (Mutation/ROR, Conversion Certificate, site plan,clearance from M.A. Deptt. etc. All applicable clearance from Govt. authorities (Forest, CRZ, Police, etc.) Sarai Registration Certificate under Bengal Sarai Regulation Act (in case Hotel started their Commercial operation) Valid Trade License from appropriate authority. GST Certificate and GST return. Sanctioned Building Plan from appropriate authority (KMC/ Municipality/ Panchayat/or any other appropriate authority). Documents required for the application of ""Capacity Utilisation"": Schedule of the lands. Sketch map of the land. Building purchased. Details of the proposed fixed capital investment to be made. Certificate to be issued by the Director of Tourism, Govt. of West Bengal, as per Annexure-A (format is available for download in attachment section).",State,Business & Entrepreneurship,,"Tourism, Entrepreneurship, Capacity Utilisation, Incentives"
The West Bengal Incentive Scheme: Interest Subsidy on Term Loan,wbisistl,"“Interest Subsidy on Term Loan” is a sub scheme under “The West Bengal Incentive Scheme”. It was launched on 22nd February, 2021, by the Department of Tourism, Government of West Bengal, and shall remain valid upto 31st December, 2025. Objective of the ""West Bengal Incentive Scheme” Scheme: The object of the Scheme is to provide financial assistance and help enthusiastic intending or prospective entrepreneurs to start their own business as a self-employed youth who will become an employer in upcoming days and generate more employment. Objectives of the ""Interest Subsidy on Term Loan"" Scheme: Through this incentive, an approved project of an eligible unit shall receive an Interest Subsidy on annual interest liability on the Term Loan borrowed from a Commercial Bank/Financial Institution.","Group-'A’ and ‘B' areas: 50%, subject to a limit of ₹ 25,00,000/- per year, for 5 years. Group-'C' and 'D' areas: 60%, subject to a limit of ₹ 25,00,000/- per year, for 7 years. Special Areas: 75% , subject to a limit of ₹ 30,00,000/- per year, for 7 years. Note: The interest subsidy will be payable annually subject to submission of statement or certificate by the lending bank/financial institution to prove that the unit has paid the due interest to the institution on the due dates. The subsidy shall, however, not be paid in respect of term loans availed for second-hand plant and machinery or hire-purchase equipment. ﻿","The Scheme shall be generally applicable to all eligible tourism projects/units and also to expansion projects of existing units set up on or after the effective date (i.e. 22nd February, 2021)  of this incentive scheme. Or, Eligible Hotel Units who started their commercial operation on or after 7th January, 2015 to 31st December, 2020 but could not apply under previous scheme 2015 due to absence of a Bar in the Hotel. The units may be in the private sector, co-operative sector, joint sector as also companies/ undertakings owned or managed by the State Government. The project should be covered by a detailed feasibility report/project prepared for the purpose. The project should have been approved and sanctioned by a Central Financial Institution or Commercial Banks or State Financial Institutions. The unit should hold an Registration Certificate, Date of Commencement Certificate and Eligibility Certificate issued by the West Bengal Tourism Development Corporation Limited on satisfaction of arrangement.","Registration Process: Step 1: Visit the official Shilpasathi portal and click on ‘Apply online’ button. Step 2: A sign up window will appear. Click on ‘Create New’ for new user. Step 3: Select the Industry /Business /Commercial /Charitable Society/ Govt. entity and enter the concerned Registration number. Step 4: Then the ‘User Registration’ window will appear with the relevant fields that the applicant needs to fill accurately and click on ‘Register’. In case the applicant already has an account, click on the ‘Sign In’ button and login using valid User ID, password and Captcha code. Application Process: Step 1: Visit the official Shilpasathi portal and click on ‘Apply online’ button. Step 2: Enter your user name, password and captcha code then click on “Log In”. Or sign in with the registered mobile number and OTP. Step 3: Applicants will be directed to the user dashboard. Click on ‘ALL SERVICES’ to get the desired service. Step 4: A list of services will appear. Applicants need to click on the check box adjacent to the service named ‘Tourism Incentive’. Step 5: Once done, click on ‘Create CAF’. Applicant’s CAF ID will be created. Click on ‘Apply Online’ to proceed with the application. Step 6: Applicant will be redirected to the common application form where he has to fill in the necessary details mentioned for proceeding further with the application. Step 7: Once done, the applicant needs to attach the relevant documents required for the issuance of the certificate and click on ‘Save & Continue’. Step 8: Once uploaded, a ‘Document successfully uploaded’ header message will appear for confirmation. Applicants will be shown the filled application with details provided for final review. Step 9: Once reviewed, the applicant needs to click on the Declaration checkbox on the bottom left of the application page before proceeding to the ‘Submit’ button. Step 10: The applicant will receive notifications through SMS and email at critical stages of application processing–application submission, application approval or rejection at various stages. Step 11: Once done, the applicant will be auto redirected to the ‘Check status’ page to view the current status of the application. Step 12: Once all the steps are successfully completed , after Approval by the authority the applicant will receive in the online system the Registration certificate approved by the Department by clicking on the ‘Download Certificate’ button. Note: The steps for getting the incentives are Issue of Registration Certificate, Issue of Date of Commencement Certificate and issue of Eligibility Certificate before granting incentives in each case. After getting both the Registration and Date of Commercial Operation Certificate, the Tourism unit applies to the Managing Director, West Bengal Tourism Development Corporation for Eligibility Certificate. After getting all the above mentioned three certificates the eligible units apply to The Managing Director, West Bengal Tourism Development Corporation for Different types of incentives (see sl. 1) through different online forms. Helpdesk: Protiti, 23, Abanindranath Tagore Sarani (Camac Street), Kolkata - 700017, West Bengal, India. Phone: +91 33 2255 3700 Fax: +91 33 2255 3737 Email: silpa.sathi@wbidc.com For any technical query or any critical issues faced while submitting application please mail to our Quick Response Team at: qrt.silpasathiwb@gmail.com Silpa Sathi Single Window Cell - Helpline Number (Toll free): 1800-345-5562","Documents required for the Registration and Eligibility Certificate (Form I) : A copy of the Memorandum and Articles of Association issued by the Registrar of Companies/ Partnership agreement. A Statement of names and addresses of the Director/ Partners/Owners of the company. Project Report. Valid No objection Certificate from pollution control Board. Valid No objection Certificate from West Bengal Fire Service. In case of loan, Photocopy of Sanction letter from the Central Financial Institution/State Financial institution/ Bank. Copy of the Audited Balance sheet for the last 3 years with Income Tax acknowledgement. Estimate for Building and Plant & Machinery vetted by Govt. Registered Valluer / Chattered Valluer. Land Deed and all other Documents supporting statements made in the Form (Mutation/ROR, Conversion Certificate, site plan,clearance from M.A. Deptt. etc. All applicable clearance from Govt. authorities (Forest, CRZ, Police, etc.) Sarai Registration Certificate under Bengal Sarai Regulation Act (in case Hotel started their Commercial operation) Valid Trade License from appropriate authority. GST Certificate and GST return. Sanctioned Building Plan from appropriate authority (KMC/ Municipality/ Panchayat/or any other appropriate authority). Documents required for the application of Interest Subsidy on Term Loan: A Certificate from a Bank/Financial Institution is to be furnished in the format as per Annexure-A (format is available for download in attachment section).",State,Business & Entrepreneurship,,"Tourism, Incentives, Interest Subsidy, Tourism Units, Entrepreneurship, Subsidy, Reimbursement, Term Loan, MSME"
The West Bengal Incentive Scheme: Reimbursement of Stamp Duty and Registration Fee,wbisrsdrf,"“Reimbursement of Stamp Duty and Registration Fee” is a sub scheme under “The West Bengal Incentive Scheme”. It was launched on 22nd February, 2021, by the Department of Tourism, Government of West Bengal, and shall remain valid upto 31st December, 2025. Objective of the “West Bengal Incentive Scheme” scheme: The objective of the Scheme is to provide financial assistance and help enthusiastic intending or prospective entrepreneurs to start their own business as a self-employed youth who will become an employer in upcoming days and generate more employment. Objective of the “Reimbursement of Stamp Duty and Registration Fee” scheme: Through this incentive, an eligible unit shall be entitled to a reimbursement stamp duty and registration fee paid by it for the purpose of registration of documents within the State. The registration is related to new purchase/acquisition of land and buildings/ property for setting up the approved project within the specified area.","Group A and B: 50%, Group C and D: 60%, Special Areas: 70%.","The Scheme shall be generally applicable to all eligible tourism projects/units/expansion projects of existing units set up on or after the effective date (i.e. 22nd February, 2021)  of this incentive scheme. Or, Eligible Hotel Units who started their commercial operation on or after 7th January, 2015 to 31st December, 2020 but could not apply under previous scheme 2015 due to absence of a Bar in the Hotel. The units may be in the private sector, co-operative sector, joint sector as also companies/undertakings owned or managed by the State Government. The project should be covered by a detailed feasibility report/project prepared for the purpose. The project should have been approved and sanctioned by a Central Financial Institution or Commercial Banks or State Financial Institutions. The unit should hold an Registration Certificate, Date of Commencement Certificate and Eligibility Certificate issued by the West Bengal Tourism Development Corporation Limited on satisfaction of arrangement.","Registration Process: Step 1: Visit the official Shilpasathi portal and click on ‘Apply online’ button. Step 2: A sign up window will appear. Click on ‘Create New’ for new user. Step 3: Select the Industry /Business /Commercial /Charitable Society/ Govt. entity and enter the concerned Registration number. Step 4: Then the ‘User Registration’ window will appear with the relevant fields that the applicant needs to fill accurately and click on ‘Register’. In case the applicant already has an account, click on the ‘Sign In’ button and login using valid User ID, password and Captcha code. Application Process: Step 1: Visit the official Shilpasathi portal and click on ‘Apply online’ button. Step 2: Enter your user name, password and captcha code then click on “Log In”. Or sign in with the registered mobile number and OTP. Step 3: Applicants will be directed to the user dashboard. Click on ‘ALL SERVICES’ to get the desired service. Step 4: A list of services will appear. Applicants need to click on the check box adjacent to the service named ‘Tourism Incentive’. Step 5: Once done, click on ‘Create CAF’. Applicant’s CAF ID will be created. Click on ‘Apply Online’ to proceed with the application. Step 6: Applicant will be redirected to the common application form where he has to fill in the necessary details mentioned for proceeding further with the application. Step 7: Once done, the applicant needs to attach the relevant documents required for the issuance of the certificate and click on ‘Save & Continue’. Step 8: Once uploaded, a ‘Document successfully uploaded’ header message will appear for confirmation. Applicants will be shown the filled application with details provided for final review. Step 9: Once reviewed, the applicant needs to click on the Declaration checkbox on the bottom left of the application page before proceeding to the ‘Submit’ button. Step 10: The applicant will receive notifications through SMS and email at critical stages of application processing–application submission, application approval or rejection at various stages. Step 11: Once done, the applicant will be auto redirected to the ‘Check status’ page to view the current status of the application. Step 12: Once all the steps are successfully completed , after Approval by the authority the applicant will receive in the online system the Registration certificate approved by the Department by clicking on the ‘Download Certificate’ button. Note: The steps for getting the incentives are Issue of Registration Certificate, Issue of Date of Commencement Certificate and issue of Eligibility Certificate before granting incentives in each case. After getting both the Registration and Date of Commercial Operation Certificate, the Tourism unit applies to the Managing Director, West Bengal Tourism Development Corporation for Eligibility Certificate. After getting all the above mentioned three certificates the eligible units apply to The Managing Director, West Bengal Tourism Development Corporation for Different types of incentives (see sl. 1) through different online forms. Helpdesk: Protiti, 23, Abanindranath Tagore Sarani (Camac Street), Kolkata - 700017, West Bengal, India. Phone: +91 33 2255 3700 Fax: +91 33 2255 3737 Email: silpa.sathi@wbidc.com For any technical query or any critical issues faced while submitting application please mail to our Quick Response Team at: qrt.silpasathiwb@gmail.com Silpa Sathi Single Window Cell - Helpline Number (Toll free): 1800-345-5562","Documents required for the Registration and Eligibility Certificate (Form I) : A copy of the Memorandum and Articles of Association issued by the Registrar of Companies/ Partnership agreement. A Statement of names and addresses of the Director/ Partners/Owners of the company. Project Report. Valid No objection Certificate from pollution control Board. Valid No objection Certificate from West Bengal Fire Service. In case of loan, Photocopy of Sanction letter from the Central Financial Institution/State Financial institution/ Bank. Copy of the Audited Balance sheet for the last 3 years with Income Tax acknowledgement. Estimate for Building and Plant & Machinery vetted by Govt. Registered Valluer / Chattered Valluer. Land Deed and all other Documents supporting statements made in the Form (Mutation/ROR, Conversion Certificate, site plan,clearance from M.A. Deptt. etc. All applicable clearance from Govt. authorities (Forest, CRZ, Police, etc.). Sarai Registration Certificate under Bengal Sarai Regulation Act (in case Hotel started their Commercial operation) Valid Trade License from appropriate authority. GST Certificate and GST return. Sanctioned Building Plan from appropriate authority (KMC/ Municipality/ Panchayat/or any other appropriate authority). Documents required for the application of Reimbursement of Stamp Duty and Registration Fee: Schedule of the lands. Sketch map of the land. Building purchased. Documents showing payment of Stamp Duty and Registration Fee. Certificate to be issued by the Director of Tourism, Govt. of West Bengal, as per Annexure-A (format is available for download in attachment section).",State,Business & Entrepreneurship,,"Tourism, Incentives, Stamp Duty, Tourism Units, Entrepreneurship, Subsidy, Reimbursement, Adventure, Registration Fee"
The West Bengal Incentive Scheme: State Capital Investment Subsidy,wbisscis,"The scheme “State Capital Investment Subsidy” is a sub scheme under “The West Bengal Incentive Scheme”. It was launched on 22nd February, 2021, by the Department of Tourism, Government of West Bengal, and shall remain valid upto 31st December, 2025. Objective of the ""West Bengal Incentive Scheme” Scheme: The object of the Scheme is to provide financial assistance and help enthusiastic intending or prospective entrepreneurs to start their own business as a self-employed youth who will become an employer in upcoming days and generate more employment. Objectives of the ""State Capital Investment Subsidy"" Scheme: Through this incentive, eligible micro or small enterprises shall receive a State Capital Investment Subsidy on the fixed capital investment i.e. the investment made in building and plant and machinery and also on equipment installed for pollution control measures in the tourism unit.","Group A: 7.5%, subject to a limit of ₹ 1,00,00,000/-, Group B: 10%, subject to a limit of ₹ 1,00,00,000/-, Group C: 15%, subject to a limit of ₹ 1,20,00,000/-, Group D: 20%, subject to a limit of ₹ 1,50,00,000/-. Special Area: 25%, subject to a limit of ₹ 1,75,00,000/-. Note: In no case, the amount of this subsidy to an eligible unit in respect of the building component will exceed 50% of the total State Capital Investment Subsidy given to the unit.","The Scheme shall be generally applicable to all eligible tourism projects/units and also to expansion projects of existing units set up on or after the effective date (i.e. 22nd February, 2021)  of this incentive scheme. Or, Eligible Hotel Units who started their commercial operation on or after 7th January, 2015 to 31st December, 2020 but could not apply under previous scheme 2015 due to absence of a Bar in the Hotel. The units may be in the private sector, co-operative sector, joint sector as also companies/undertakings owned or managed by the State Government. The project should be covered by a detailed feasibility report/project prepared for the purpose. The project should have been approved and sanctioned by a Central Financial Institution or Commercial Banks or State Financial Institutions. The unit should hold an Registration Certificate, Date of Commencement Certificate and Eligibility Certificate issued by the West Bengal Tourism Development Corporation Limited on satisfaction of arrangement.","Registration Process: Step 1: Visit the official Shilpasathi portal and click on ‘Apply online’ button. Step 2: A sign up window will appear. Click on ‘Create New’ for new user. Step 3: Select the Industry /Business /Commercial /Charitable Society/ Govt. entity and enter the concerned Registration number. Step 4: Then the ‘User Registration’ window will appear with the relevant fields that the applicant needs to fill accurately and click on ‘Register’. In case the applicant already has an account, click on the ‘Sign In’ button and login using valid User ID, password and Captcha code. Application Process: Step 1: Visit the official Shilpasathi portal and click on ‘Apply online’ button. Step 2: Enter your user name, password and captcha code then click on “Log In”. Or sign in with the registered mobile number and OTP. Step 3: You will be directed to the user dashboard. Click on ‘ALL SERVICES’ to get the desired service. Step 4: A list of services will appear. Applicants need to click on the check box adjacent to the service named ‘Tourism Incentive’. Step 5: Once done, click on ‘Create CAF’. Applicant’s CAF ID will be created. Click on ‘Apply Online’ to proceed with the application. Step 6: You will be redirected to the common application form where he has to fill in the necessary details mentioned for proceeding further with the application. Step 7: Once done, attach the relevant documents required for the issuance of the certificate and click on ‘Save & Continue’. Step 8: Once uploaded, a ‘Document successfully uploaded’ header message will appear for confirmation. You will be shown the filled application with details provided for final review. Step 9: Once reviewed, the applicant needs to click on the ‘Declaration’ checkbox on the bottom left of the application page before proceeding to the ‘Submit’ button. Step 10: The applicant will receive notifications through SMS and email at critical stages of application processing–application submission, application approval or rejection at various stages. Step 11: Once done, the applicant will be auto redirected to the ‘Check status’ page to view the current status of the application. Step 12: Once all the steps are successfully completed , after Approval by the authority the applicant will receive in the online system the Registration certificate approved by the Department by clicking on the ‘Download Certificate’ button. Note: The steps for getting the incentives are Issue of Registration Certificate, Issue of Date of Commencement Certificate and issue of Eligibility Certificate before granting incentives in each case. After getting both the Registration and Date of Commercial Operation Certificate, the Tourism unit applies to the Managing Director, West Bengal Tourism Development Corporation for Eligibility Certificate. After getting all the above mentioned three certificates the eligible units apply to The Managing Director, West Bengal Tourism Development Corporation for Different types of incentives (see sl. 1) through different online forms. Helpdesk: Protiti, 23, Abanindranath Tagore Sarani (Camac Street), Kolkata - 700017, West Bengal, India. Phone: +91 33 2255 3700 Fax: +91 33 2255 3737 Email: silpa.sathi@wbidc.com For any technical query or any critical issues faced while submitting application please mail to our Quick Response Team at: qrt.silpasathiwb@gmail.com Silpa Sathi Single Window Cell - Helpline Number (Toll free): 1800-345-5562","Documents required for the Registration and Eligibility Certificate (Form I) : A copy of the Memorandum and Articles of Association issued by the Registrar of Companies/ Partnership agreement. A Statement of names and addresses of the Director/ Partners/Owners of the company. Project Report. Valid No objection Certificate from pollution control Board. Valid No objection Certificate from West Bengal Fire Service. In case of loan, Photocopy of Sanction letter from the Central Financial Institution/State Financial institution/ Bank. Copy of the Audited Balance sheet for the last 3 years with Income Tax acknowledgement. Estimate for Building and Plant & Machinery vetted by Govt. Registered Valluer / Chattered Valluer. Land Deed and all other Documents supporting statements made in the Form (Mutation/ROR, Conversion Certificate, site plan,clearance from M.A. Deptt. etc. All applicable clearance from Govt. authorities (Forest, CRZ, Police, etc.) Sarai Registration Certificate under Bengal Sarai Regulation Act (in case Hotel started their Commercial operation) Valid Trade License from appropriate authority. GST Certificate and GST return. Sanctioned Building Plan from appropriate authority (KMC/ Municipality/ Panchayat/or any other appropriate authority). Documents required for the application of State Capital Investment Subsidy: A copy of the Techno-Economic Feasibility Report. A copy of (loan) sanctioned letter issued by Financial Institution/Bank. Valuation Certificate by Govt, registered valuer regarding building and plant & machinery. A certificate from a Chartered Accountant as per Annexure-A (format is available for download in attachment section). A certificate in respect of fixed assets as per Annexure-B (format is available for download in attachment section). Audited Annual Accounts till date. GST Return. Trade License up to date. Proof of date of commencement of commercial operation.",State,Business & Entrepreneurship,,"Tourism, Incentives, State Capital Investment Subsidy, Tourism Units, Entrepreneurship, Subsidy, Reimbursement, MsmeS"
The West Bengal Incentive Scheme: Subsidy for Quality Improvement,wbissqi,"“Subsidy for Quality Improvement” is a sub scheme under “The West Bengal Incentive Scheme”. It was launched on 22nd February, 2021, by the Department of Tourism, Government of West Bengal, and shall remain valid upto 31st December, 2025. Objective of the “West Bengal Incentive Scheme” scheme: The objective of the Scheme is to provide financial assistance and help enthusiastic intending or prospective entrepreneurs to start their own business as a self-employed youth who will become an employer in upcoming days and generate more employment. Objective of the “Subsidy for Quality Improvement” scheme: Through this incentive, an eligible unit shall be reimbursed for the fixed capital investment expenditure incurred for quality improvement, modernization and installation of pollution control devices and for obtaining ISI/BIS/ISO certification.","50%, subject to a maximum of ₹ 7,50,000/-.","The Scheme shall be generally applicable to all eligible tourism projects/units/expansion projects of existing units set up on or after the effective date (i.e. 22nd February, 2021)  of this incentive scheme. Or, Eligible Hotel Units who started their commercial operation on or after 7th January, 2015 to 31st December, 2020 but could not apply under previous scheme 2015 due to absence of a Bar in the Hotel. The units may be in the private sector, co-operative sector, joint sector as also companies/undertakings owned or managed by the State Government. The project should be covered by a detailed feasibility report/project prepared for the purpose. The project should have been approved and sanctioned by a Central Financial Institution or Commercial Banks or State Financial Institutions. The unit should hold an Registration Certificate, Date of Commencement Certificate and Eligibility Certificate issued by the West Bengal Tourism Development Corporation Limited on satisfaction of arrangement.","Registration Process: Step 1: Visit the official Shilpasathi portal and click on ‘Apply online’ button. Step 2: A sign up window will appear. Click on ‘Create New’ for new user. Step 3: Select the Industry /Business /Commercial /Charitable Society/ Govt. entity and enter the concerned Registration number. Step 4: Then the ‘User Registration’ window will appear with the relevant fields that the applicant needs to fill accurately and click on ‘Register’. In case the applicant already has an account, click on the ‘Sign In’ button and login using valid User ID, password and Captcha code. Application Process: Step 1: Visit the official Shilpasathi portal and click on ‘Apply online’ button. Step 2: Enter your user name, password and captcha code then click on “Log In”. Or sign in with the registered mobile number and OTP. Step 3: Applicants will be directed to the user dashboard. Click on ‘ALL SERVICES’ to get the desired service. Step 4: A list of services will appear. Applicants need to click on the check box adjacent to the service named ‘Tourism Incentive’. Step 5: Once done, click on ‘Create CAF’. Applicant’s CAF ID will be created. Click on ‘Apply Online’ to proceed with the application. Step 6: Applicant will be redirected to the common application form where he has to fill in the necessary details mentioned for proceeding further with the application. Step 7: Once done, the applicant needs to attach the relevant documents required for the issuance of the certificate and click on ‘Save & Continue’. Step 8: Once uploaded, a ‘Document successfully uploaded’ header message will appear for confirmation. Applicants will be shown the filled application with details provided for final review. Step 9: Once reviewed, the applicant needs to click on the Declaration checkbox on the bottom left of the application page before proceeding to the ‘Submit’ button. Step 10: The applicant will receive notifications through SMS and email at critical stages of application processing–application submission, application approval or rejection at various stages. Step 11: Once done, the applicant will be auto redirected to the ‘Check status’ page to view the current status of the application. Step 12: Once all the steps are successfully completed , after Approval by the authority the applicant will receive in the online system the Registration certificate approved by the Department by clicking on the ‘Download Certificate’ button. Note: The steps for getting the incentives are Issue of Registration Certificate, Issue of Date of Commencement Certificate and issue of Eligibility Certificate before granting incentives in each case. After getting both the Registration and Date of Commercial Operation Certificate, the Tourism unit applies to the Managing Director, West Bengal Tourism Development Corporation for Eligibility Certificate. After getting all the above mentioned three certificates the eligible units apply to The Managing Director, West Bengal Tourism Development Corporation for Different types of incentives (see sl. 1) through different online forms. Helpdesk: Protiti, 23, Abanindranath Tagore Sarani (Camac Street), Kolkata - 700017, West Bengal, India. Phone: +91 33 2255 3700 Fax: +91 33 2255 3737 Email: silpa.sathi@wbidc.com For any technical query or any critical issues faced while submitting application please mail to our Quick Response Team at: qrt.silpasathiwb@gmail.com Silpa Sathi Single Window Cell - Helpline Number (Toll free): 1800-345-5562","Documents required for the Registration and Eligibility Certificate (Form I) : A copy of the Memorandum and Articles of Association issued by the Registrar of Companies/ Partnership agreement. A Statement of names and addresses of the Director/ Partners/Owners of the company. Project Report. Valid No objection Certificate from pollution control Board. Valid No objection Certificate from West Bengal Fire Service. In case of loan, Photocopy of Sanction letter from the Central Financial Institution/State Financial institution/ Bank. Copy of the Audited Balance sheet for the last 3 years with Income Tax acknowledgement. Estimate for Building and Plant & Machinery vetted by Govt. Registered Valluer/ Chattered Valluer. Land Deed and all other Documents supporting statements made in the Form (Mutation/ROR, Conversion Certificate, site plan, clearance from M.A. Deptt. etc. All applicable clearance from Govt. authorities (Forest, CRZ, Police, etc.). Sarai Registration Certificate under Bengal Sarai Regulation Act (in case Hotel started their Commercial operation) Valid Trade License from appropriate authority. GST Certificate and GST return. Sanctioned Building Plan from appropriate authority (KMC/ Municipality/ Panchayat/or any other appropriate authority). Documents required for the application of Subsidy For Quality Improvement : Schedule of the Pollution control equipment purchased and installed. Documents showing cost and dates of procurement of equipment. Copy of the Certification from the appropriate authorities. Documents showing payment of GST. A certificate from a Chartered Accountant as per Annexure-A1 (format is available for download in attachment section). A certificate in respect of fixed assets as per Annexure-B (format is available for download in attachment section). A certificate to be issued by W.B. Pollution Control Board as per Annexure C (format is available for download in attachment section). Certificate to be issued by the Director of Tourism, Govt. of West Bengal, as per Annexure-A (format is available for download in attachment section).",State,Business & Entrepreneurship,,"Tourism, Incentives, Quality Improvement, Tourism Units, Entrepreneurship, Subsidy, Reimbursement"
The West Bengal Incentive Scheme: Tourism Promotion Assistance in lieu of Interest Subsidy,wbistpais,"The scheme “State Capital Investment Subsidy” is a sub scheme under “The West Bengal Incentive Scheme”. It was launched on 22nd February, 2021, by the Department of Tourism, Government of West Bengal, and shall remain valid upto 31st December, 2025. Objective of the ""West Bengal Incentive Scheme” Scheme: The object of the Scheme is to provide financial assistance and help enthusiastic intending or prospective entrepreneurs to start their own business as a self-employed youth who will become an employer in upcoming days and generate more employment. Objective of the “Tourism Promotion Assistance in lieu of Interest Subsidy” scheme: Through this incentive, an eligible unit shall be provided with a Tourism Promotion Assistance for State Goods and Service Tax (SGST) irrespective of the location of the project, which will be in lieu of interest subsidy.","Pattern of Assistance: Assistance at the rate of 75% of SGST for 5 years irrespective of the location of the project, which will be in lieu of interest subsidy. ﻿","The Scheme shall be generally applicable to all eligible tourism projects/units and also to expansion projects of existing units set up on or after the effective date (i.e. 22nd February, 2021)  of this incentive scheme. Or, Eligible Hotel Units who started their commercial operation on or after 7th January, 2015 to 31st December, 2020 but could not apply under previous scheme 2015 due to absence of a Bar in the Hotel. The units may be in the private sector, co-operative sector, joint sector as also companies/undertakings owned or managed by the State Government. The project should be covered by a detailed feasibility report/project prepared for the purpose. The project should have been approved and sanctioned by a Central Financial Institution or Commercial Banks or State Financial Institutions. The unit should hold an Registration Certificate, Date of Commencement Certificate and Eligibility Certificate issued by the West Bengal Tourism Development Corporation Limited on satisfaction of arrangement.","Registration Process: Step 1: Visit the official Shilpasathi portal and click on ‘Apply online’ button. Step 2: A sign up window will appear. Click on ‘Create New’ for new user. Step 3: Select the Industry /Business /Commercial /Charitable Society/ Govt. entity and enter the concerned Registration number. Step 4: Then the ‘User Registration’ window will appear with the relevant fields that the applicant needs to fill accurately and click on ‘Register’. In case the applicant already has an account, click on the ‘Sign In’ button and login using valid User ID, password and Captcha code. Application Process: Step 1: Visit the official Shilpasathi portal and click on ‘Apply online’ button. Step 2: Enter your user name, password and captcha code then click on “Log In”. Or sign in with the registered mobile number and OTP. Step 3: You will be directed to the user dashboard. Click on ‘ALL SERVICES’ to get the desired service. Step 4: A list of services will appear. Applicants need to click on the check box adjacent to the service named ‘Tourism Incentive’. Step 5: Once done, click on ‘Create CAF’. Applicant’s CAF ID will be created. Click on ‘Apply Online’ to proceed with the application. Step 6: You will be redirected to the common application form where he has to fill in the necessary details mentioned for proceeding further with the application. Step 7: Once done, attach the relevant documents required for the issuance of the certificate and click on ‘Save & Continue’. Step 8: Once uploaded, a ‘Document successfully uploaded’ header message will appear for confirmation. You will be shown the filled application with details provided for final review. Step 9: Once reviewed, the applicant needs to click on the ‘Declaration’ checkbox on the bottom left of the application page before proceeding to the ‘Submit’ button. Step 10: The applicant will receive notifications through SMS and email at critical stages of application processing–application submission, application approval or rejection at various stages. Step 11: Once done, the applicant will be auto redirected to the ‘Check status’ page to view the current status of the application. Step 12: Once all the steps are successfully completed , after Approval by the authority the applicant will receive in the online system the Registration certificate approved by the Department by clicking on the ‘Download Certificate’ button. Note: The steps for getting the incentives are Issue of Registration Certificate, Issue of Date of Commencement Certificate and issue of Eligibility Certificate before granting incentives in each case. After getting both the Registration and Date of Commercial Operation Certificate, the Tourism unit applies to the Managing Director, West Bengal Tourism Development Corporation for Eligibility Certificate. After getting all the above mentioned three certificates the eligible units apply to The Managing Director, West Bengal Tourism Development Corporation for Different types of incentives (see sl. 1) through different online forms. Helpdesk: Protiti, 23, Abanindranath Tagore Sarani (Camac Street), Kolkata - 700017, West Bengal, India. Phone: +91 33 2255 3700 Fax: +91 33 2255 3737 Email: silpa.sathi@wbidc.com For any technical query or any critical issues faced while submitting application please mail to our Quick Response Team at: qrt.silpasathiwb@gmail.com Silpa Sathi Single Window Cell - Helpline Number (Toll free): 1800-345-5562","Documents required for the Registration and Eligibility Certificate (Form I) : A copy of the Memorandum and Articles of Association issued by the Registrar of Companies/ Partnership agreement. A Statement of names and addresses of the Director/ Partners/Owners of the company. Project Report. Valid No objection Certificate from pollution control Board. Valid No objection Certificate from West Bengal Fire Service. In case of loan, Photocopy of Sanction letter from the Central Financial Institution/State Financial institution/ Bank. Copy of the Audited Balance sheet for the last 3 years with Income Tax acknowledgement. Estimate for Building and Plant & Machinery vetted by Govt. Registered Valluer / Chattered Valluer. Land Deed and all other Documents supporting statements made in the Form (Mutation/ROR, Conversion Certificate, site plan,clearance from M.A. Deptt. etc. All applicable clearance from Govt. authorities (Forest, CRZ, Police, etc.) Sarai Registration Certificate under Bengal Sarai Regulation Act (in case Hotel started their Commercial operation) Valid Trade License from appropriate authority. GST Certificate and GST return. Sanctioned Building Plan from appropriate authority (KMC/ Municipality/ Panchayat/or any other appropriate authority). Documents required for the application of “Tourism Promotion Assistance in lieu of Interest Subsidy”: Certificate from the Commissioner of GST, Govt. of West Bengal as per Annexure A (format is available for download in attachment section).",State,Business & Entrepreneurship,,"Tourism, Tourism Promotion, Interest Subsidy, Entrepreneurship"
The West Bengal Incentive Scheme: Waiver of Electricity Duty,wbiswed,"“Waiver of Electricity Duty” is a sub scheme under “The West Bengal Incentive Scheme”. It was launched on 22nd February, 2021, by the Department of Tourism, Government of West Bengal, and shall remain valid upto 31st December, 2025. Objective of the “West Bengal Incentive Scheme” scheme: The objective of the Scheme is to provide financial assistance and help enthusiastic intending or prospective entrepreneurs to start their own business as a self-employed youth who will become an employer in upcoming days and generate more employment. Objective of the “Waiver of Electricity Duty” scheme: Through this incentive, an eligible unit will be entitled to waiver of electricity duty on the electricity consumed in its approved project.",An eligible unit will be entitled to waiver of electricity duty on the electricity consumed in its approved project for a period of 5 years from the date of commercial operation.,"The 2021 Scheme shall be generally applicable to all eligible tourism projects/units/expansion projects of existing units set up on or after the effective date (i.e. 22nd February, 2021)  of this incentive scheme. Or, Eligible Hotel Units who started their commercial operation on or after 7th January, 2015 to 31st December, 2020 but could not apply under previous scheme 2015 due to absence of a Bar in the Hotel. The units may be in the private sector, co-operative sector, joint sector as also companies/undertakings owned or managed by the State Government. The project should be covered by a detailed feasibility report/project prepared for the purpose. The project should have been approved and sanctioned by a Central Financial Institution or Commercial Banks or State Financial Institutions. The unit should hold an Registration Certificate, Date of Commencement Certificate and Eligibility Certificate issued by the West Bengal Tourism Development Corporation Limited on satisfaction of arrangement.","Registration Process: Step 1: Visit the official Shilpasathi portal and click on ‘Apply online’ button. Step 2: A sign up window will appear. Click on ‘Create New’ for new user. Step 3: Select the Industry /Business /Commercial /Charitable Society/ Govt. entity and enter the concerned Registration number. Step 4: Then the ‘User Registration’ window will appear with the relevant fields that the applicant needs to fill accurately and click on ‘Register’. In case the applicant already has an account, click on the ‘Sign In’ button and login using valid User ID, password and Captcha code. Application Process: Step 1: Visit the official Shilpasathi portal and click on ‘Apply online’ button. Step 2: Enter your user name, password and captcha code then click on “Log In”. Or sign in with the registered mobile number and OTP. Step 3: Applicants will be directed to the user dashboard. Click on ‘ALL SERVICES’ to get the desired service. Step 4: A list of services will appear. Applicants need to click on the check box adjacent to the service named ‘Tourism Incentive’. Step 5: Once done, click on ‘Create CAF’. Applicant’s CAF ID will be created. Click on ‘Apply Online’ to proceed with the application. Step 6: Applicant will be redirected to the common application form where he has to fill in the necessary details mentioned for proceeding further with the application. Step 7: Once done, the applicant needs to attach the relevant documents required for the issuance of the certificate and click on ‘Save & Continue’. Step 8: Once uploaded, a ‘Document successfully uploaded’ header message will appear for confirmation. Applicants will be shown the filled application with details provided for final review. Step 9: Once reviewed, the applicant needs to click on the Declaration checkbox on the bottom left of the application page before proceeding to the ‘Submit’ button. Step 10: The applicant will receive notifications through SMS and email at critical stages of application processing–application submission, application approval or rejection at various stages. Step 11: Once done, the applicant will be auto redirected to the ‘Check status’ page to view the current status of the application. Step 12: Once all the steps are successfully completed , after Approval by the authority the applicant will receive in the online system the Registration certificate approved by the Department by clicking on the ‘Download Certificate’ button. Note: The steps for getting the incentives are Issue of Registration Certificate, Issue of Date of Commencement Certificate and issue of Eligibility Certificate before granting incentives in each case. After getting both the Registration and Date of Commercial Operation Certificate, the Tourism unit applies to the Managing Director, West Bengal Tourism Development Corporation for Eligibility Certificate. After getting all the above mentioned three certificates the eligible units apply to The Managing Director, West Bengal Tourism Development Corporation for Different types of incentives (see sl. 1) through different online forms. Helpdesk: Protiti, 23, Abanindranath Tagore Sarani (Camac Street), Kolkata - 700017, West Bengal, India. Phone: +91 33 2255 3700 Fax: +91 33 2255 3737 Email: silpa.sathi@wbidc.com For any technical query or any critical issues faced while submitting application please mail to our Quick Response Team at: qrt.silpasathiwb@gmail.com Silpa Sathi Single Window Cell - Helpline Number (Toll free): 1800-345-5562","Documents required for the Registration and Eligibility Certificate (Form I): A copy of the Memorandum and Articles of Association issued by the Registrar of Companies/ Partnership agreement. A Statement of names and addresses of the Director/ Partners/Owners of the company. Project Report. Valid No objection Certificate from pollution control Board. Valid No objection Certificate from West Bengal Fire Service. In case of loan, Photocopy of Sanction letter from the Central Financial Institution/State Financial institution/ Bank. Copy of the Audited Balance sheet for the last 3 years with Income Tax acknowledgement. Estimate for Building and Plant & Machinery vetted by Govt. Registered Valluer / Chattered Valluer. Land Deed and all other Documents supporting statements made in the Form (Mutation/ROR, Conversion Certificate, site plan,clearance from M.A. Deptt. etc. All applicable clearance from Govt. authorities (Forest, CRZ, Police, etc.). Sarai Registration Certificate under Bengal Sarai Regulation Act (in case Hotel started their Commercial operation) Valid Trade License from appropriate authority. GST Certificate and GST return. Sanctioned Building Plan from appropriate authority (KMC/ Municipality/ Panchayat/or any other appropriate authority). Documents required for the application of Waiver of Electricity Duty: Copy of Registration Certificate issued by Director of Tourism, Govt, of Wes, Bengal Copy of Eligibility Certificate issued by WBTDC Ltd. Copy of documents regarding supply of electricity to the unit. Copy of last Electricity Bill (to be submitted as and when received).",State,Business & Entrepreneurship,,"Tourism, Incentives, Waiver, Tourism Units, Entrepreneurship, Subsidy, Reimbursement, Electricity Duty, MSME"
West Bengal Textile Incentive Scheme: Incentive for Energy Efficiency,wbtisiee,"The scheme “Incentive for Energy Efficiency” is a sub scheme under “West Bengal Textile Incentive Scheme”. It was launched on 13 December, 2022, by the Department of Micro, Small and Medium Enterprises and Textiles, Government of West Bengal, and shall remain valid upto five years. Objective of the ""West Bengal Textile Incentive Scheme” Scheme: The object of the scheme is to extend fiscal incentives to textile sector across the entire value chain starting from fibre to stitched garments for setting up such units in the State. The focus is on accelerated and focused development of the textiles sector across the state. This shall enable to maximize the utilization of resources, generate new employment and widen the area of operation to make the state emerge as the preferred destination for investment in the textile sector. Objective of the ""Incentive for Energy Efficiency"" Scheme: Through this incentive, an eligible micro or small enterprise for its approved project will be entitled to a reimbursement of the cost of energy audit undertaken by a certified agency. The reimbursement will be made after implementation of the recommendations. Also a reimbursement of the cost of installations for energy conservation as per energy audit will be entitled for its approved project.","50% subject to a maximum of ₹2,00,000/- (For the cost of energy audit). 25% for subject to a maximum of 10,00,000/- (For the  cost of installations for energy conservation).","Industries in the manufacturing and processing of textiles, apparel and technical textiles products. The unit should have started production on or after 1st April 2022. The units may be in the private sector, co-operative sector, joint sector as also companies/undertakings owned or managed by the State Government. Shall not be applicable to the industrial units/enterprises. The project should have been approved and sanctioned by a Central Financial Institution or Commercial Banks or State Financial Institutions. The unit should hold an Registration Certificate, Date of Commencement Certificate and Eligibility Certificate issued by the West Bengal Tourism Development Corporation Limited on satisfaction of arrangement.",Registration Process : Step 1: Visit the registration page of the Official Website . Step 2: Fill in all the mandatory details in that window and click on “Register”. Step 3: You will be registered successfully with a confirmation. Application Process : Step 1: Visit the user login page of the Official Website . Step 2: Login with your registered Mail Id and Password. Step 3: Fill up the eligible form. Step 4: Check your eligibility in the portal. Step 5: Fill up your CAF. Step 6: Fill up Form A and Form C (if any). Step 7: Download and Self sign Form A and Form C (if any). Step 8: Upload signed copy of Form A and copy of Form C (if any). Step 9: Submit Your Application. Helpdesk:  Directorate of Textile .,"Copies of relevant bills, money receipts for expenditure incurred towards the cost of Energy Audit and installations for energy conservation. Copy of Energy Audit Report/Recommendations of the Certified Agency related to the claim in question. Details of installations for energy conservation. Any other documents as required.",State,Business & Entrepreneurship,,"Textile, Incentives, Waiver, Entrepreneurship, Subsidy, Reimbursement, Electricity Duty"
West Bengal Textile Incentive Scheme: Power Subsidy,wbisps,"The scheme “Power Subsidy” is a sub scheme under “West Bengal Textile Incentive Scheme”. It was launched on 13 December, 2022, by the Department of Micro, Small and Medium Enterprises and Textiles , Government of West Bengal, and shall remain valid upto five years. Objective of the ""West Bengal Textile Incentive Scheme” Scheme: The object of the scheme is to extend fiscal incentives to textile sector across the entire value chain starting from fibre to stitched garments for setting up such units in the State. The focus is on accelerated and focused development of the textiles sector across the state. This shall enable to maximize the utilization of resources, generate new employment and widen the area of operation to make the state emerge as the preferred destination for investment in the textile sector. Objective of the ""Power Subsidy"" Scheme: Through this incentive, an eligible textile sector enterprise for its approved project will be entitled to power subsidy on electricity consumption for 5 years from the date of commencement of production from any licensee power supplier on reimbursement basis for the different manufacturing activity.","₹ 2,00,00,000/- to 50,00,000/- per annum for 5 years. ﻿","Industries in the manufacturing and processing of textiles, apparel and technical textiles products. The unit should have started production on or after 1st April 2022. The units may be in the private sector, co-operative sector, joint sector as also companies/undertakings owned or managed by the State Government. Shall not be applicable to the industrial units/enterprises. The project should have been approved and sanctioned by a Central Financial Institution or Commercial Banks or State Financial Institutions. The unit should hold an Registration Certificate, Date of Commencement Certificate and Eligibility Certificate issued by the Director of Textiles on satisfaction of arrangement.",Registration Process : Step 1: Visit the registration page of the Official Website . Step 2: Fill in all the mandatory details in that window and click on “Register”. Step 3: You will be registered successfully with a confirmation. Application Process : Step 1: Visit the user login page of the Official website . Step 2: Login with your registered Mail Id and Password.. Step 3: Fill up the eligible form. Step 4: Check your eligibility in the portal. Step 5: Fill up your Common Application Form (CAF). Step 6: Fill up Form A and Form C (if any). Step 7 : Download and Self sign Form A and Form C (if any). Step 8: Upload signed copy of Form A and copy of Form C (if any). Step 9: Submit Your Application. Helpdesk :  Directorate of Textile .,Copies of all Electricity Bills and corresponding money receipts for which the claim is made. Any other documents as required.,State,Business & Entrepreneurship,,"Textile, Incentives, Waiver, Entrepreneurship, Subsidy, Reimbursement, Power Subsidy"
West Bengal Textile Incentive Scheme: State Capital Investment Subsidy,wbtisscis,"The scheme “State Capital Investment Subsidy” is a sub scheme under “West Bengal Textile Incentive Scheme”. It was launched on 13 December, 2022, by the Department of Micro, Small and Medium Enterprises and Textiles, Government of West Bengal, and shall remain valid upto five years. Objective of the ""West Bengal Textile Incentive Scheme” Scheme: The object of the scheme is to extend fiscal incentives to textile sector across the entire value chain starting from fibre to stitched garments for setting up such units in the State. The focus is on accelerated and focused development of the textiles sector across the state. This shall enable to maximize the utilization of resources, generate new employment and widen the area of operation to make the state emerge as the preferred destination for investment in the textile sector. Objective of the ""State Capital Investment Subsidy"" Scheme: Through this incentive, an eligible textile sector enterprise shall receive a State Capital Investment Subsidy for its approved project based on the type manufacturing activities.","An eligible textile sector enterprise in the state will be entitled to State Capital Investment Subsidy for its approved project as follows: ﻿ Sl. No. Type of Manufacturing Activities Quantum of Subsidy Maximum Admissible Amount 1. Spinning (short staple) 10% ₹2,00,00,00,00/- 2. Weaving & Knitting (warp and flat-bed) and texturing & twisting 20% ₹1,00,00,00,00/- 3. Circular knitting 10% ₹50,00,00,00/- 4. Dyeing and processing of fibers, yarn, fabric and garment 20% ₹2,00,00,00,00/- 5. Technical textile (Agrotech, Buildtech, Indutech, Geotech, and Medi-tech) and Non-woven fabric manufacturing 20% ₹2,50,00,00,00/- 6. Technical textile (All categories except Agrotech, Buildtech, Indutech, Geotech, and Medi-tech) 10% ₹1,00,00,00,00/- 7. Polymerization 20% ₹5,00,00,00,00/- 8. Composite type of textile unit comprising spinning, weaving, processing (dyeing and processing of fibers, yarn, fabric and garments), technical textile etc. 10% ₹5,00,00,00,00/- ﻿","Industries in the manufacturing and processing of textiles, apparel and technical textiles products. The unit should have started production on or after 1st April 2022. The units may be in the private sector, co-operative sector, joint sector as also companies/undertakings owned or managed by the State Government. Shall not be applicable to the industrial units/enterprises. The project should have been approved and sanctioned by a Central Financial Institution or Commercial Banks or State Financial Institutions. The unit should hold an Registration Certificate, Date of Commencement Certificate and Eligibility Certificate issued by the Directorate of Textiles on satisfaction of arrangement.",Registration Process : Step 1: Visit the registration page of the Official Website . Step 2: Fill in all the mandatory details in that window and click on “Register”. Step 3: You will be registered successfully with a confirmation. Application Process : Step 1: Visit the user login page of the Official Website . Step 2: Login with your registered Mail Id and Password.. Step 3: Fill up the eligible form. Step 4: Check your eligibility in the portal. Step 5: Fill up your CAF. Step 6: Fill up Form A and Form C (if any). Step 7: Download and Self sign Form A and Form C (if any). Step 8: Upload signed copy of Form A and copy of Form C (if any). Step 9: Submit Your Application. Helpdesk :  Directorate of Textile. ﻿,Auditor’s/ Chartered Accountant’s Certificate for utilization of funds. A certificate from a Chartered Accountant as per Annexure - I. ﻿ A certificate in respect of fixed assets as per Annexure - II. ﻿ Any other documents as required.,State,Business & Entrepreneurship,,"Textile, Incentives, State Capital Investment Subsidy, Entrepreneurship, Subsidy, Reimbursement"
West Bengal Textile Incentive Scheme: Subsidy for Water conservation/ Environment Compliance,wbtisswcec,"The scheme “Subsidy for Water Conservation/ Environment Compliance” is a sub scheme under “West Bengal Textile Incentive Scheme”. It was launched on 13 December, 2022, by the Department of Micro, Small and Medium Enterprises and Textiles, Government of West Bengal, and shall remain valid upto five years. Objective of the ""West Bengal Textile Incentive Scheme” Scheme: The object of the scheme is to extend fiscal incentives to textile sector across the entire value chain starting from fibre to stitched garments for setting up such units in the State. The focus is on accelerated and focused development of the textiles sector across the state. This shall enable to maximize the utilization of resources, generate new employment and widen the area of operation to make the state emerge as the preferred destination for investment in the textile sector. Objective of the ""Subsidy for Water Conservation/ Environment Compliance"" Scheme: Through this incentive, an eligible textile sector enterprise for its approved project will be entitled to a reimbursement of expenditure incurred by it towards the cost of captive Effluent Water Treatment Plant for wastewater recycling and/ or other pollution control devices.","A reimbursement of 25%  subject to a maximum of ₹ 1,50,00,000/-. For a cluster of units with a minimum of 5 units with an investment of minimum Rs. 200 crores, the state Govt. in the MSMET department will set up a Common Effluent Treatment Plants (CETP) to be run by an Special Purpose Vehicle (SPV) of the clustered units and the running cost will be borne by those units.","Industries in the manufacturing and processing of textiles, apparel and technical textiles products. The unit should have started production on or after 1st April 2022. The units may be in the private sector, co-operative sector, joint sector as also companies/undertakings owned or managed by the State Government. Shall not be applicable to the industrial units/enterprises. The project should have been approved and sanctioned by a Central Financial Institution or Commercial Banks or State Financial Institutions. The unit should hold an Registration Certificate, Date of Commencement Certificate and Eligibility Certificate issued by the Directorate of Textiles on satisfaction of arrangement.",Registration Process : Step 1: Visit the registration page of the Official Website . Step 2: Fill in all the mandatory details in that window and click on “Register”. Step 3: You will be registered successfully with a confirmation. Application Process : Step 1: Visit the user login page of the Official Website . Step 2: Login with your registered Mail Id and Password. Step 3: Fill up the eligible form. Step 4: Check your eligibility in the portal. Step 5: Fill up your Common Application Form (CAF). Step 6: Fill up Form A and Form C (if any). Step 7: Download and Self sign Form A and Form C (if any). Step 8: Upload signed copy of Form A and copy of Form C (if any). Step 9: Submit Your Application. Helpdesk : Directorate of Textile .,"Copies of relevant bills, money receipts for expenditure incurred towards cost of Captive Effluent Water Treatment Plant and Pollution Control Devices. Details of Captive Effluent Water Treatment Plant and Pollution Control Devices. Any other documents as required.",State,Business & Entrepreneurship,,"Textile, Incentives, Waiver, Entrepreneurship, Subsidy, Reimbursement, Water Conservation, Environment Compliance"
West Bengal Textile Incentive Scheme: Waiver of Electricity Duty,wbtiswed,"The scheme “Waiver of Electricity Duty” is a sub scheme under “West Bengal Textile Incentive Scheme”. It was launched on 13 December, 2022, by the Department of Micro, Small and Medium Enterprises and Textiles, Government of West Bengal, and shall remain valid upto five years. Objective of the ""West Bengal Textile Incentive Scheme” Scheme: The object of the scheme is to extend fiscal incentives to textile sector across the entire value chain starting from fibre to stitched garments for setting up such units in the State. The focus is on accelerated and focused development of the textiles sector across the state. This shall enable to maximize the utilization of resources, generate new employment and widen the area of operation to make the state emerge as the preferred destination for investment in the textile sector. Objective of the ""Waiver of Electricity Duty"" Scheme: Through this incentive, an eligible textile sector enterprise will be entitled to waiver of electricity duty on the electricity consumed in its approved project.","100% waiver of electricity duty for 5 years from the date of commencement of production subject to a maximum of ₹1,00,00,000/- per year.","Industries in the manufacturing and processing of textiles, apparel and technical textiles products. The unit should have started production on or after 1st April 2022. The units may be in the private sector, co-operative sector, joint sector as also companies/undertakings owned or managed by the State Government. Shall not be applicable to the industrial units/enterprises. The project should have been approved and sanctioned by a Central Financial Institution or Commercial Banks or State Financial Institutions. The unit should hold an Registration Certificate, Date of Commencement Certificate and Eligibility Certificate issued by the Director of Textiles on satisfaction of arrangement.",Registration Process: Step 1: Visit the registration page of the Official Website . Step 2: Fill in all the mandatory details in that window and click on “Register”. Step 3: You will be registered successfully with a confirmation. Application Process: Step 1: Visit the user login page of the Official Website . Step 2: Login with your registered Mail Id and Password.. Step 3: Fill up the eligible form. Step 4: Check your eligibility in the portal. Step 5: Fill up your CAF. Step 6: Fill up Form A and Form C (if any). Step 7: Download and Self sign Form A and Form C (if any). Step 8: Upload signed copy of Form A and copy of Form C (if any). Step 9: Submit Your Application. Helpdesk:  Directorate of Textile. ﻿,"Copy of Eligibility Certificate under West Bengal Textile Incentive Scheme, 2022 as modified from time to time certifying the date of commencement of production. Copy of Udyam Reg./lEM(B). Copy of documents regarding supply of electricity to the unit. Copies of all relevant electricity bills (to be submitted as and when received). Any other documents, if necessary.",State,Business & Entrepreneurship,,"Textile, Incentives, Waiver, Entrepreneurship, Subsidy, Reimbursement, Electricity Duty"
West Bengal Textile Incentive Scheme: Waiver of Fees for Land Conversion and Mutation,wbtiswfflcm,"The scheme “Waiver of Fees for Land Conversion and Mutation” is a sub scheme under “West Bengal Textile Incentive Scheme”. It was launched on 13 December, 2022, by the Department of Micro, Small and Medium Enterprises and Textiles, Government of West Bengal, and shall remain valid upto five years. Objective of the ""West Bengal Textile Incentive Scheme” Scheme: The object of the scheme is to extend fiscal incentives to textile sector across the entire value chain starting from fibre to stitched garments for setting up such units in the State. The focus is on accelerated and focused development of the textiles sector across the state. This shall enable to maximize the utilization of resources, generate new employment and widen the area of operation to make the state emerge as the preferred destination for investment in the textile sector. Objective of the ""Waiver of Fees for Land Conversion and Mutation"" Scheme: Through this incentive, an eligible textile sector enterprise for its approved project will be entitled to a waiver of fees for conversion and mutation of the land as approved in the project.",100% waiver of fees for conversion and mutation of the land as approved in the project.,"Industries in the manufacturing and processing of textiles, apparel and technical textiles products. The unit should have started production on or after 1st April 2022. The units may be in the private sector, co-operative sector, joint sector as also companies/undertakings owned or managed by the State Government. Shall not be applicable to the industrial units/enterprises. The project should have been approved and sanctioned by a Central Financial Institution or Commercial Banks or State Financial Institutions. The unit should hold an Registration Certificate, Date of Commencement Certificate and Eligibility Certificate issued by the West Bengal Tourism Development Corporation Limited on satisfaction of arrangement.",Registration Process : Step 1: Visit the registration page of the Official Website . Step 2: Fill in all the mandatory details in that window and click on “Register”. Step 3: You will be registered successfully with a confirmation. Application Process : Step 1: Visit the user login page of the Official Website . Step 2: Login with your registered Mail Id and Password.. Step 3: Fill up the eligible form. Step 4: Check your eligibility in the portal. Step 5: Fill up your CAF. Step 6: Fill up Form A and Form C (if any). Step 7: Download and Self sign Form A and Form C (if any). Step 8: Upload signed copy of Form A and copy of Form C (if any). Step 9: Submit Your Application. Helpdesk : Directorate of Textile .,Copy of land record. Documents showing payment of fees for Land Conversion & Mutation. Any other documents as required.,State,Business & Entrepreneurship,,"Textile, Incentives, Waiver, Entrepreneurship, Subsidy, Reimbursement, Land Conversion, Mutation"
Workers In Case Of His Partial Permanent Disablement-JKBOCWWB,wicohppdjkbocwwb,"The ""Workers In Case of Partial Permanent Disablement"" scheme by the Building and Other Construction Workers Welfare Board, Labour Department, Jammu & Kashmir, under the MUHAFIZ Scheme (PMJJBY: Pradhan Mantri Jeevan Jyoti Bima Yojana, PMSBY: Pradhan Mantri Suraksha Bima Yojana) from 01.01.2018, provides Rs. 1,00,000 to registered BOC workers in the case of partial permanent disablement.","Under the scheme, Rs. 1,00,000 is provided to registered BOC workers in case of partial permanent disablement.",For Registration as a Building/ Construction Worker: The applicant should be a resident of Jammu & Kashmir. The applicant should be a Building/ Construction Worker. The applicant should be between 18 and 60 years. The applicant should have engaged in any building or other construction work for at least 90 days during the preceding 12 months. The applicant should be registration is renewed annually. For the Application of the Welfare Scheme: The worker must be a registered member of the Building and Other Construction Workers (BOC) Welfare Board. The scheme applies to workers who suffer from partial permanent disablement.,"Registration of a Construction Worker under JKBOCWWB: Step 1: Go to the J&K Building and Other Construction Workers Welfare Board (JKBOCWWB) official website. ﻿ Step 2: On the homepage, find and click the "" Labour Registration"" link. Step 3:If you're a new user, click on ""Apply for New Registration."" Step 4: Complete the registration form with your details, submit the form, and send the OTP to your registered mobile number. Enter the OTP and click ""Verify OTP & Submit."" Step 5: After the OTP is verified, a confirmation message with your Login ID and password will be sent to your registered mobile number. Step 6:Use the Login ID, password, and captcha to log in (remember, the username and password are case-sensitive). filled are case sensitive)Read all the instruction carefully and Click to continue Step 7: Once logged in, choose the ""Construction Worker’s Registration"" option and click on ""Registration Form."" Step 8: A dashboard will appear. Complete the form by entering all required details (marked with *). Step 9: Upload all the important documents, such as ID proof and other relevant certificates. Step 10: Once the form is completed and documents uploaded, click ""Submit"" and pay the application fee online. You will receive a registration number after successful payment and submission. ﻿ ﻿ Steps to Apply for Scheme Benefits: Step1: Go to the official website of the Jammu & Kashmir Building and Other Construction Workers Welfare Board. Step2: Click on ""Login,"" enter your details, and sign in to your account. Step3: After logging in, click on ""Scheme Registration"" and select ""Apply for Scheme."" Step4: Choose the scheme you wish to apply for in order to avail the benefits. Step5: Enter all required information and upload the necessary documents as prompted. Step6: Finally, click on ""Submit Application"" to complete the process. ﻿ ﻿ Application Tracking: Applicant can track their application status online through the official website of the  Jammu & Kashmir Building and Other Construction Workers Welfare Board. Relevant updates will be sent to the registered mobile number.","Original Medical Certificate issued by the Medical Board or competent authority. Attested Age Proof of the registered worker. Duly attested photocopy of Bank Passbook of the worker or nominee/legal heir, or a cancelled cheque bearing the name of the worker/nominee/legal heir and IFSC code of the bank branch. Photocopy of Aadhaar Card/Biometric Card of the registered worker. Registration Certificate of the worker under the BOC Welfare Board. Proof of employment in the building/construction sector (work records or pay slips). Disability Certificate from a recognized medical authority confirming the partial permanent disablement. Proof of residence (Voter ID, Ration Card, Utility Bill, etc.) for address verification. Photograph of the worker (passport size). Income Certificate to establish eligibility under the scheme (if applicable).",State,Social welfare & Empowerment,,"Building Worker, Construction Worker, Labour, Disability, Financial Assistance"
"Advance / High Skill Training Component of the ""Development of Industries"" Scheme",ahst,"The ""Advance / High Skill Training"" Component of the ""Development of Industries"" Scheme by the District Industries Centre, Department of Industries and Commerce, Union Territory of Puducherry aims to enhance the skill of those who have completed the basic training and are interested in advanced training in their trade or the candidates having technical qualification who are willing to undergo some special high skilled training to start their ventures or to get suitable employment opportunity in competitive fields.","Skill Training Selected candidates are sponsored to training in relevant courses offered by reputed Training Institutions situated in the neighbouring states. Stipend to Trainee (per month) Higher Secondary / ITI: ₹ 2,500/-. Any Graduate or 3 years Diploma in Engineering or equivalent: ₹ 3,000/-. Travelling Allowances One-time to and fro expenses restricted to 2nd class train fare and accommodation charges as fixed by the institute Course Fees / Honorarium and Accommodation Charges As prescribed by the training units/institutions will be paid. Period of Training As prescribed by the Training Units/ Institutions.",The applicant should be between 18 and 35 years of age. The applicant should possess the educational qualification as prescribed by the Training Units/ Institutions. The applicant should be a native of the Union Territory of Puducherry (or) continuous resident of the area for the past three years.,"Step 1: The interested applicant should take print of the prescribed format of the application form. Step 2: In the application form, fill in all the mandatory fields, paste the passport-sized photograph (signed across, if required), and attach copies of all the mandatory documents (self-attest, if required). Step 3: The interested applicant should visit (on a working day, and during office hours) the General Manager of the District Industries Centre (Thattanchavady, Puducherry - 605 009, 2248391, 2249392, 2248987, dic_pdy@bsnl.in), and submit the duly filled and signed application form and the documents to the concerned authority. Step 4: On receipt of the application, necessary entries will be made in the application receipt register and a unique number is assigned to the applicant for identifying each applicant which shall be used for all further references and also as acknowledgement for the receipt of the application.","Aadhaar Card. Applicant's Passport-sized Photo. Residence-cum-Nativity Certificate, issued by the competent authority. Age Proof. Educational Certificates/Marksheets.",State,Skills & Employment,,"Skill, Training, Youth, Employment, Stipend, ITI"
"Advance/High Skill Training in Coir Component of the ""Development of Coir"" Scheme",ahstc-dc,"The ""Advance/High Skill Training in Coir"" Component of the ""Development of Coir"" Scheme by the Department of Industries and Commerce, Union Territory of Puducherry, aims to enhance the skills of Coir artisans and interested individuals. The objective is to acquire the latest skills and modern technologies through advanced/high-skilled training available across various locations in India, offering valuable benefits to eligible candidates.","Trainees receive a stipend of ₹2,500 per month. Accommodation charges for trainees are ₹500 per month. Travelling allowance covers to-and-fro 2nd class sleeper train fare. Full course fees are paid to the training units/institutions as prescribed.",The applicant must either be a native of Puducherry or have been a continuous resident for the past 3 years. The age limit for applicants is between 18 to 35 years. Educational qualifications should meet the standards specified by the Training Units/Institutions. Candidates who have already undergone this training are not eligible to apply. ﻿,"Step 1: The interested applicant should take print of the prescribed format of the application form. Step 2: In the application form, fill in all the mandatory fields, paste the passport-sized photograph (signed across, if required), and attach copies of all the mandatory documents (self-attest, if required). Step 3: The interested applicant should visit (on a working day, and during office hours) the Project Manager (Cottage Industries) of the District Industries Centre (Thattanchavady, Puducherry - 605 009), and submit the duly filled and signed application form and the documents to the concerned authority. Step 4: On receipt of the application, necessary entries will be made in the application receipt register and a unique number is assigned to the applicant for identifying each applicant which shall be used for all further references and also as acknowledgement for the receipt of the application.",Birth Certificate/Education Certificate/Residence Certificate. Age Proof. Educational Qualification Certificates.,State,Skills & Employment,,"Training, Skill, Coir, Accomodation, Allowance, Trainee"
"Advanced Training in Handicrafts Component of the ""Development of Handicrafts"" Scheme",atihcdohs,"The ""Advanced Training in Handicrafts"" Component of the ""Development of Handicrafts"" Scheme is introduced by the Department of Industries and Commerce, Union Territory of Puducherry, to provide advanced training to individuals seeking to master exquisite craft skills. Through this scheme, candidates will be sponsored for training in other states where the craft is practised to its finest. The training program focuses on enhancing craft skills, enabling participants to acquire advanced techniques and proficiency in their chosen craft.","Course Fee: as Prescribed by the Training Institution. Stipend: ₹2,500/- Per Month Per Trainee. Accommodation Charges: ₹500/- Per Month Per Trainee. Travelling Allowance: Restricted to to-and-fro 2nd Class (Berth) Train Fare. Period of Training: As Prescribed by the Training Unit/institution.",The applicant should be between 18 and 35 years of age. The applicant should be a native of the Union Territory of Puducherry or a continuous resident for the past three years. The applicant should possess the education qualification as required by the Training Unit/Institution.,"Step 1: The interested applicant should take print of the prescribed format of the application form. Step 2: In the application form, fill in all the mandatory fields, paste the passport-sized photograph (signed across, if required), and attach copies of all the mandatory documents (self-attest, if required). Step 3: The interested applicant should visit (on a working day, and during office hours) the Project Manager (Cottage Industries), and submit the duly filled and signed application form and the documents to the concerned authority. Step 4: On receipt of the application, necessary entries will be made in the application receipt register and a unique number is assigned to the applicant for identifying each applicant which shall be used for all further references and also as acknowledgement for the receipt of the application.",Birth Certificate/ Residential Certificate. Proof of Age. Educational Certificates/Marksheets.,State,Skills & Employment,,"Training, Handicrafts, Craft, Stipend, Trainee"
"Annual Insurance Premium for Boat Owners under ""Financial Assistance for Availing Subsidy Components for the Development of Marine Fisheries""",aipbo-faascdmf,"The scheme ""Annual Insurance Premium for Boat Owners"" is a Sub-Component under the Umbrella Scheme ""Financial Assistance for Availing Subsidy Components for the Development of Marine Fisheries"" by the Department of Fisheries and Fishermen Welfare, Government of Puducherry. The scheme is introduced with the objective to increase marine fish production by extending subsidies for the procurement of annual premiums for insurance coverage paid by the registered mechanized boat operators. ﻿ ﻿","50% subsidy subject to a maximum of ₹ 20,000 per boat on annual insurance premium. The rate of subsidy/maximum limit may be revised by the Government from time to time.","The applicant should either belong to the fishermen community or be one of those professionally engaged in fishing/fish trade occupation on a full-time basis/prospective entrepreneurs. The applicant must have resided in the Union territory of Puducherry for a continuous period of not less than five years at the time of applying for extending subsidies/ grants. The applicant must have been enrolled as a member of the Fishermen Co-operative Society and be above the age of 23 years and below 60 years. The applicant must not have been a recipient of Old Age Pension, issued by the department. The applicant should not be employed in Government/ Government Undertakings/Fishermen Co-operative Society. The applicant must not have any dues to be paid to the Department/Fishermen Co-operative Societies at the time of making the application. The applicant should possess a registered mechanized boat. The applicant should have insured the boat on an annual basis with the authorized insurance company.","Step 1: The interested applicant should visit the Office/ Sub-Office of the Department of Fisheries and Fishermen Welfare. Step 1: The interested applicant should request the hard copy of the prescribed format of the application form from the concerned authority. Step 2: In the application form, fill in all the mandatory fields, paste the passport-sized photograph (signed across, if required), and attach copies of all the mandatory documents (self-attest, if required). Step 3: Submit the duly filled and signed application form along with the documents to the concerned authority. Step 4: Request a receipt or acknowledgment from the concerned authority to whom the application has been submitted. Ensure that the receipt contains essential details such as the date and time of submission, and a unique identification number (if applicable).",Passport Sized Photograph. Aadhaar Card. Election Photo Identity Card (for Proof of Identity). Ration Card (for Proof of Address). Birth Certificate (for Proof of Age). Membership Certificate from the President/Administrator of Fishermen/Fisherwoman Co-operative Society (in the case of fishermen). Document attesting full-time engagement in fishing or fish trade occupation (in the case of Fish Traders). Residence Certificate indicating a continuous period of not less than five years in the Union territory of Puducherry (from Deputy Tahsildar of the Area of Residence). Enrollment certificate as a member of the Fishermen Co-operative Society. Declaration of not being a recipient of Old Age Pension. Declaration of not being employed in Government/Government Undertakings/Fishermen Co-operative Society. Declaration certifying that the applicant has no outstanding dues to the Department/Fishermen Co-operative Societies at the time of application. Proof of Possession of the Registered Mechanized Boat. Proof of Insurance of the Boat With an Authorized Insurance Company.,State,"Agriculture,Rural & Environment, Banking,Financial Services and Insurance",,"Insurance, Boat, Marine, Fisheries, Fisherman"
"Assistance for Energy and Water Conservation under ""Motivation of Entrepreneurs to Start Industries and Fiscal Assistance to Industries - Various Incentives""",aewc-mesifai-vi,"Assistance for Energy and Water Conservation under ""Motivation of Entrepreneurs to Start Industries and Fiscal Assistance to Industries - Various Incentives"" is a scheme by the Industries and Commerce Department, Union Territory of Puducherry. The scheme came into force with effect from 1st April 2017 and is in operation in the whole of the UT of Puducherry. Through this scheme, 50% of the fees paid to the recognized institution/consultant for conducting the energy/water audit is reimbursed, subject to a limit of ₹25,000/-. In order to be eligible, the unit should have achieved saving in energy/water minimum by 10% of average monthly consumption of previous 12 months before conduct of audit. The applications are accepted offline in the prescribed form available on the Official Website of the Department.","Reimbursement of 50% of the fees paid to the recognized institution/consultant for conducting the energy/water audit, subject to a limit of ₹25,000/-. Number of Installments In single or multiple installments, depending on the availability of fund. Mode of Disbursement The subsidy amount shall be disbursed through the financial institutions/banks only, if the unit is financed by them, towards the adjustment against the loan availed by the entrepreneurs or for the creation of additional fixed assets or for the working capital purposes. In case of self-financed units, the subsidy shall be disbursed directly to the entrepreneur/unit. *The financial institution shall mean and include PIPDIC or any other Government Corporation, Scheduled Banks including Co-operative Banks.","All the Micro, Small, Medium and Large Industries are eligible. The Unit should have made the investment on or after 1st April 2017. The unit should provide at least 60% of employment to the people of the Union territory of Puducherry of the total employment strength of the industrial units. This 60% of the local employment will have to be maintained by the industrial unit during the period specified in the Affidavit. The unit should have achieved saving in energy/water minimum by 10% of average monthly consumption of previous 12 months before conduct of audit. The audit should have been conducted in the unit by a recognized institution/consultant. The industrial unit shall not transfer or dispose of the fixed asset including plant and machinery in any manner till the completion of 5 years from the date of submitting the application/disbursement of the subsidy whichever is later. The additional investments made by the new/existing industrial units after availing the first claim are also eligible for subsidy up to the ceiling limit. *The date of commencement as admitted by the entrepreneurs shall be reckoned after due verification by the officials of the Industries Department. Special Cases If, two or more industrial undertakings are set up by the same person as proprietor, common partners, common Board of Directors/shareholders, such units are eligible for subsidy as separate entity provided the location of the unit are different and licenses /clearances/ registrations are obtained separately for the enterprises.","Step 1: The industrial unit should register the claim for the grant of incentive/subsidy in the prescribed form available on the Official Website of the Directorate of Industries and Commerce, Puducherry. Step 2: In the application form, fill in all the mandatory fields, and attach copies of all the mandatory documents (self-attest, if required). Step 3: The unit should submit the duly filled and signed application form and the documents to the concerned authority. Step 4: Request a receipt or acknowledgement from the concerned authority to whom the application form has been submitted. Ensure that the receipt contains essential details such as the date and time of submission, and a unique identification number (if applicable). Post-Application Process Step 1: The applications shall be scrutinized by the Directorate of the Industries on merit basis for the grant of incentives/subsidies/assistances to determine the quantum of amount admissible will be placed before the State Level Committee. Step 2: The State Level Committee will go into the merits of each case to decide whether the unit qualifies for the grant of incentive/subsidy and will recommend the quantum of incentive/subsidy admissible to the unit. Application Deadline For New Units Within one year from the date of commencement of obtaining the Entrepreneurs Memorandum Part-2/ Permanent Registration/ Commencement of Production Certificate. For Existing Units Within one year of completion of Expansion/ Diversification/ Modernization.","Entrepreneurs Memorandum Part-2 (UAM/ PMT) Registration/ Commencement of Production Certificate. Chartered Accountant Certificate for Payment Made to Quality Certifying Agency/ Patent Attorney/ Technical Providing Institution & Agency. Approval from the Quality Council of India for the Certifying Agency. Quality Certificates. Receipt for Payment to the Quality Certifying Agency (if Applicable). Patent (if Applicable). Receipt for Payment to the Patent Attorney (if Applicable). Registration Certificate of Membership with Export Promotion Council / Federation of Indian Export Organisation (FIEO). Prior Approval of the Director of Industries and Commerce for Participation in the Exhibition/Trade Fair. Receipt for Payment to the Exhibition Organiser for Rent/Space. Bill/Invoices for Printing Charges of Literature and Display Material. Chartered Accountant Certificate for Payment Made to the Exhibition Organiser, Literature, and Display Material. Original Copy of the Catalogue/Printing Material Prepared for Exhibition/Trade Fair. Brochure/Catalogue of Exhibition/Trade Fair. Photographs of the Applicant's Stall in the Exhibition/Trade Fair. Recognition/Accreditation for Energy/Water Auditing Institution/Consultant (if Applicable). Energy/Water Audit Report. Chartered Accountant Certificate for Payment Made to the Energy/Water Audit Institution/Agency. Receipt for Payment to the Energy/Water Institution/Agency. *The industrial unit shall have to furnish the details of production, employment and other information every year and from time to time as sought by the Industries and Commerce Department.",State,Business & Entrepreneurship,,"Audit, Energy, Water, Industry, Business, Entrepreneur"
"Assistance for Intellectual Property Protection Support under ""Motivation of Entrepreneurs to Start Industries and Fiscal Assistance to Industries - Various Incentives""",aipps-mesifai-vi,"Assistance for Intellectual Property Protection Support under ""Motivation of Entrepreneurs to Start Industries and Fiscal Assistance to Industries - Various Incentives"" is a scheme by the Industries and Commerce Department, Union Territory of Puducherry. The scheme came into force with effect from 1st April 2017 and is in operation in the whole of the UT of Puducherry. Through this scheme, assistance of 50% is provided subject to a maximum of ₹2,00,000/- for the expenditure for obtaining domestic patent (₹5,00,000/- for international patent). The applications are accepted offline in the prescribed form available on the Official Website of the Department.","Assistance @ 50% subject to a maximum of ₹2,00,000/- for the expenditure for obtaining domestic patent (₹5,00,000/- for international patent). Time of Disbursement After the publication/notification of the patent. Number of Installments In single or multiple instalments, depending on the availability of funds. Mode of Disbursement The subsidy amount shall be disbursed through the financial institutions/banks only, if the unit is financed by them, towards the adjustment against the loan availed by the entrepreneurs or for the creation of additional fixed assets or for working capital purposes. In the case of self-financed units, the subsidy shall be disbursed directly to the entrepreneur/unit. *The financial institution shall mean and include PIPDIC or any other Government Corporation, Scheduled Banks including Co-operative Banks.","All the Micro, Small, Medium and Large Industries are eligible. The Unit should have made the investment on or after 1st April 2017. The unit should provide at least 60% of employment to the people of the Union territory of Puducherry of the total employment strength of the industrial units. This 60% of the local employment will have to be maintained by the industrial unit during the period specified in the Affidavit. The fees paid to patent attorney, patent service centre and patent registration will be eligible as cost/expenditure (excluding travel, hotel charges) for any patent registration. The industrial unit shall not transfer or dispose of the fixed asset including plant and machinery in any manner till the completion of 5 years from the date of submitting the application/disbursement of the subsidy whichever is later. The additional investments made by the new/existing industrial units after availing the first claim are also eligible for subsidy up to the ceiling limit. *The date of commencement as admitted by the entrepreneurs shall be reckoned after due verification by the officials of the Industries Department. Special Cases If, two or more industrial undertakings are set up by the same person as proprietor, common partners, common Board of Directors/shareholders, such units are eligible for subsidy as separate entity provided the location of the unit are different and licenses /clearances/ registrations are obtained separately for the enterprises.","Step 1: The industrial unit should register the claim for the grant of incentive/subsidy in the prescribed form available on the Official Website of the Directorate of Industries and Commerce, Puducherry. Step 2: In the application form, fill in all the mandatory fields, and attach copies of all the mandatory documents (self-attest, if required). Step 3: The unit should submit the duly filled and signed application form and the documents to the concerned authority. Step 4: Request a receipt or acknowledgement from the concerned authority to whom the application form has been submitted. Ensure that the receipt contains essential details such as the date and time of submission, and a unique identification number (if applicable). Post-Application Process Step 1: The applications shall be scrutinized by the Directorate of the Industries on merit basis for the grant of incentives/subsidies/assistances to determine the quantum of amount admissible will be placed before the State Level Committee. Step 2: The State Level Committee will go into the merits of each case to decide whether the unit qualifies for the grant of incentive/subsidy and will recommend the quantum of incentive/subsidy admissible to the unit. Application Deadline Within 1 year from the date of publication/notification of the patent.","Entrepreneurs Memorandum Part-2 (UAM/ PMT) Registration/ Commencement of Production Certificate. Chartered Accountant Certificate for Payment Made to Quality Certifying Agency/ Patent Attorney/ Technical Providing Institution & Agency. Approval from the Quality Council of India for the Certifying Agency. Quality Certificates. Receipt for Payment to the Quality Certifying Agency (if Applicable). Patent (if Applicable). Receipt for Payment to the Patent Attorney (if Applicable). Registration Certificate of Membership with Export Promotion Council / Federation of Indian Export Organisation (FIEO). Prior Approval of the Director of Industries and Commerce for Participation in the Exhibition/Trade Fair. Receipt for Payment to the Exhibition Organiser for Rent/Space. Bill/Invoices for Printing Charges of Literature and Display Material. Chartered Accountant Certificate for Payment Made to the Exhibition Organiser, Literature, and Display Material. Original Copy of the Catalogue/Printing Material Prepared for Exhibition/Trade Fair. Brochure/Catalogue of Exhibition/Trade Fair. Photographs of the Applicant's Stall in the Exhibition/Trade Fair. Recognition/Accreditation for Energy/Water Auditing Institution/Consultant (if Applicable). Energy/Water Audit Report. Chartered Accountant Certificate for Payment Made to the Energy/Water Audit Institution/Agency. Receipt for Payment to the Energy/Water Institution/Agency. *The industrial unit shall have to furnish the details of production, employment and other information every year and from time to time as sought by the Industries and Commerce Department.",State,Business & Entrepreneurship,,"Patent, IPR, Business, Enterprise, MSME"
"Assistance for Technology Acquisition under ""Motivation of Entrepreneurs to Start Industries and Fiscal Assistance to Capital Intensive Industries""",ata-mesifa-cii,"Assistance for Technology Acquisition under ""Motivation of Entrepreneurs to Start Industries and Fiscal Assistance to Capital Intensive Industries"" is a scheme by the Industries and Commerce Department, Union Territory of Puducherry. The scheme came into force with effect from 1st April 2017 and is in operation in the whole of the UT of Puducherry. Through this scheme, assistance for acquisition of appropriate technology in any form for specific product/process will be provided by way of 50% grant subject to a maximum of ₹10,00,000/-. The applications are accepted offline in the prescribed form available on the Official Website of the Department.","Assistance: 50%. Ceiling: ₹10,00,000/-. Purpose: Acquisition of Appropriate Technology in Any Form for Specific Product/ Process. Number of Installments In single or multiple installments, depending on the availability of fund. Mode of Disbursement The subsidy amount shall be disbursed through the financial institutions/banks only, if the unit is financed by them, towards the adjustment against the loan availed by the entrepreneurs or for the creation of additional fixed assets or for the working capital purposes. In case of self-financed units, the subsidy shall be disbursed directly to the entrepreneur/unit. *The financial institution shall mean and include PIPDIC or any other Government Corporation, Scheduled Banks including Co-operative Banks.","The assistance should have been sought to set up a new unit with new technology. Existing units will also be eligible for new product or for improvement of production process. The unit should provide at least 60% of employment to the people of the Union territory of Puducherry of the total employment strength of the industrial units. This 60% of the local employment will have to be maintained by the industrial unit during the period specified in the Affidavit. The industrial unit shall not transfer or dispose of the fixed asset including plant and machinery in any manner till the completion of 5 years from the date of submitting the application/disbursement of the subsidy whichever is later. The additional investments made by the new/existing industrial units after availing the first claim are also eligible for subsidy up to the ceiling limit. *The units which have commenced commercial production on or after 1-4-2017 are considered new industries. *The units which have commenced production before 1-4-2017 are considered as existing units. *The date of commencement as admitted by the entrepreneurs shall be reckoned after due verification by the officials of the Industries Department. Special Cases If, two or more industrial undertakings are set up by the same person as proprietor, common partners, common Board of Directors/shareholders, such units are eligible for subsidy as separate entity provided the location of the unit are different and licenses /clearances/ registrations are obtained separately for the enterprises.","Step 1: The industrial unit should register the claim for the grant of incentive/subsidy in the prescribed form available on the Official Website of the Directorate of Industries and Commerce, Puducherry. Step 2: In the application form, fill in all the mandatory fields, and attach copies of all the mandatory documents (self-attest, if required). Step 3: The unit should submit the duly filled and signed application form and the documents to the concerned authority. Step 4: Request a receipt or acknowledgement from the concerned authority to whom the application form has been submitted. Ensure that the receipt contains essential details such as the date and time of submission, and a unique identification number (if applicable). Post-Application Process Step 1: The applications shall be scrutinized by the Directorate of the Industries on merit basis for the grant of incentives/subsidies/assistances to determine the quantum of amount admissible will be placed before the State Level Committee. Step 2: The State Level Committee will go into the merits of each case to decide whether the unit qualifies for the grant of incentive/subsidy and will recommend the quantum of incentive/subsidy admissible to the unit. Application Deadline For New Units Within one year from the date of commencement of obtaining the Entrepreneurs Memorandum Part-2/ Permanent Registration/ Commencement of Production Certificate. For Existing Units Within one year of completion of Expansion/ Diversification/ Modernization.","Entrepreneurs Memorandum Part-2 (UAM/ PMT) Registration/ Commencement of Production Certificate. Loan Sanction Letter. Receipt for the Payment to the Technology-Providing Institution/Agency. Chartered Accountant Certificate for the Payment Made to the Quality Certifying Agency / Patent Attorney / Technical Providing Institution & Agency. Approval Copy Obtained from the Director of Industries after Signing the Memorandum of Understanding (MOU) with the Technology-Providing Institution/Agency. *The industrial unit shall have to furnish the details of production, employment and other information every year and from time to time as sought by the Industries and Commerce Department. ﻿",State,Business & Entrepreneurship,,"Technology, Entrepreneur, Industry, Business"
"Back Ended Investment Subsidy to Paddy Growers component of the ""Crop Production Technology"" scheme",beispgccpts,"The ""Back Ended Investment Subsidy to Paddy Growers"" component of the ""Crop Production Technology"" scheme was introduced by the Department of Agriculture and Farmer's Welfare, Union Territory of Puducherry. Through this scheme, the paddy farmers residing in the Yanam region are provided a back-ended investment subsidy at ₹4,000/- per hectare.","Back-ended investment subsidy to paddy growers @ ₹4,000/- per hectare.",The applicant should be a resident/native of Puducherry. The applicant should be residing in the Yanam region. The applicant should be a Farmer. The applicant should possess land holdings.,"Step 1: The interested applicant should visit (during office hours) one of the offices given below, and request the hard copy of the prescribed format of the application form from the concerned authority. Agricultural Officers of the Uzhavar Udhaviyagam . ﻿ Office of the Deputy Director of Agriculture, Yanam. Step 2: In the application form, fill in all the mandatory fields, paste the passport-sized photograph (signed across, if required), and attach copies of all the mandatory documents (self-attest, if required). Step 3: Submit the duly filled and signed application form and the documents to the concerned authority. Step 4: On receipt of the application, necessary entries will be made in the application receipt register and a unique number is assigned to the applicant for identifying each applicant which shall be used for all further references and also as acknowledgement for the receipt of the application.","Aadhaar Card. Ration Card. Applicant's Photo. Farmer's Identity Card. Bank Passbook. FMB (Field Measurement Book). Residence-cum-Nativity Certificate, issued by the competent authority.",State,"Agriculture,Rural & Environment",,"Paddy, Subsidy, Financial Assistance, Farmer, Agriculture"
"Capital Investment Subsidy (for New and Existing Industries) under ""Motivation of Entrepreneurs to Start Industries and Fiscal Assistance to Capital Intensive Industries""",cis-mesifa-cii,"Capital Investment Subsidy (for New and Existing Industries) under ""Motivation of Entrepreneurs to Start Industries and Fiscal Assistance to Capital Intensive Industries"" is a scheme by the Industries and Commerce Department, Union Territory of Puducherry. The scheme came into force with effect from 1st April 2017 and is in operation in the whole of the UT of Puducherry. Through this scheme, the enterprises and entrepreneurs are provided subsidy of upto 45% on the investments made on land, buildings, plant and machinery. The applications are accepted offline in the prescribed form available on the Official Website of the Department.","For Micro and Small Enterprises, a 40% subsidy on the investments made on land, building, plant and machinery, subject to a maximum of ₹40,00,000/-. For Medium and Large Enterprises, a 35% subsidy on the investments made on land, building, plant and machinery, subject to a maximum of ₹35,00,000/-. For Women/SC/ST Entrepreneurs, a 45% subsidy on the investments made on land, building, plant and machinery, subject to a maximum of ₹75,00,000/-. Number of Installments In single or multiple instalments, depending on the availability of funds. Mode of Disbursement The subsidy amount shall be disbursed through the financial institutions/banks only, if the unit is financed by them, towards the adjustment against the loan availed by the entrepreneurs or for the creation of additional fixed assets or for working capital purposes. In the case of self-financed units, the subsidy shall be disbursed directly to the entrepreneur/unit. *The financial institution shall mean and include PIPDIC or any other Government Corporation, Scheduled Banks including cooperative banks.","The scheme applies to the Micro, Small, Medium and Large Enterprises, and to the Women/SC/ST Entrepreneurs. In the case of the SC/ST/Women category, the investments in respect of industrial units fully owned by the respective category and women entrepreneurs will alone be considered. In the case of partnership and private limited companies, all the partners, shareholders and Board of Directors shall belong to the respective category as the case may be. The Unit should have made the investment on or after 1st April 2017. The unit should provide at least 60% of employment to the people of the Union territory of Puducherry of the total employment strength of the industrial units. This 60% of the local employment will have to be maintained by the industrial unit during the period specified in the Affidavit. The industrial unit shall not transfer or dispose of the fixed asset including plant and machinery in any manner till the completion of 5 years from the date of submitting the application/disbursement of the subsidy whichever is later. The additional investments made by the new/existing industrial units after availing the first claim are also eligible for subsidy up to the ceiling limit. *The date of commencement, as admitted by the entrepreneurs, shall be reckoned after due verification by the officials of the Industries Department. *The units which have commenced commercial production on or after 1-4-2017 are considered new industries. *The units which have commenced production before 1-4-2017 are considered as existing units. Special Cases If, two or more industrial undertakings are set up by the same person as proprietor, common partners, common Board of Directors/shareholders, such units are eligible for subsidy as separate entity provided the location of the unit are different and licenses /clearances/ registrations are obtained separately for the enterprises.","Step 1: The industrial unit should register the claim for the grant of incentive/subsidy in the prescribed form available on the Official Website of the Directorate of Industries and Commerce, Puducherry. Step 2: In the application form, fill in all the mandatory fields, and attach copies of all the mandatory documents (self-attest, if required). Step 3: The unit should submit the duly filled and signed application form and the documents to the concerned authority. Step 4: Request a receipt or acknowledgement from the concerned authority to whom the application form has been submitted. Ensure that the receipt contains essential details such as the date and time of submission, and a unique identification number (if applicable). Post-Application Process Step 1: The applications shall be scrutinized by the Directorate of the Industries on a merit basis for the grant of incentives/subsidies/assistance to determine the quantum of amount admissible will be placed before the State Level Committee. Step 2: The State Level Committee will go into the merits of each case to decide whether the unit qualifies for the grant of incentive/subsidy and will recommend the quantum of incentive/subsidy admissible to the unit. Application Deadline Within one year from the date of commencement of regular commercial production. The delay can be condoned by the State Level Committee.","Entrepreneurs Memorandum Part-2 (UAM/ PMT) Registration/ Commencement of Production Certificate. Caste certificate from the competent authority in the case of Scheduled Caste/Scheduled Tribe (SC/ST) Entrepreneurs. Loan Sanction Letter. Registered Land Document. Plan Approval from the Pollution Control Board (PPA). Engineer’s Certificate for Building Valuation Assessed by Public Works Department (PWD)/Pondicherry Industrial Promotion Development and Investment Corporation (PIPDIC). Registered Lease Agreement for the Building Executed Between the Developer and the Unit. Purchase Invoices for Plant & Machinery/ Pollution Equipment/ Generator. Chartered Accountant Certificate for the Investment in Fixed Assets / Pollution Control Equipment / Generator. Certificate for the Installation of Pollution Control Equipment Obtained from the Directorate of Sustainable Technologies and Environmental (DSTE). Air/Water Consent Orders Obtained from DSTE. Notary Affidavit. *The industrial unit shall have to furnish the details of production, employment and other information every year and from time to time as sought by the Industries and Commerce Department.",State,Business & Entrepreneurship,,"Building, Machinery, Subsidy, Investment, MSME, Entrepreneur"
"Capital Investment Subsidy: 5% Additional Capital Investment Subsidy to Karaikal Region under ""Motivation of Entrepreneurs to Start Industries and Fiscal Assistance to Industries""",cis5aciskr-mesifai,"The ""Capital Investment Subsidy: 5% Additional Capital Investment Subsidy to Karaikal Region"" is a Component of the ""Motivation of Entrepreneurs to Start Industries and Fiscal Assistance to Industries"" Scheme by the Department of Industrial Development (Industries and Commerce), Union Territory of Puducherry. Through this scheme, 5% Additional Incentive on the Existing Subsidy Schemes is provided to the Units in Karaikal Region. The applications are accepted offline in the prescribed form available on the Official Website of the Department.","5% Additional Incentive on the Existing Subsidy Schemes to the Units in Karaikal Region: 30% subject to a limit of ₹30,00,000/- in case of SC/ST/Women Entrepreneurs. 25% subject to a limit of ₹25,00,000/- for IT Industries. 40% subject to a limit of ₹35,00,000/- for Small and Micro Thrust Area Enterprises. 25% Subject to a Maximum of ₹25,00,000/- for Medium and Large Thrust Area Enterprises. The priority industries which will be announced by Government and set up in Karaikal district shall be eligible for subsidy at the rate of 25% on fixed asset viz., land, building and plant and machinery subject to a maximum of ₹40,00,000/-.",The applicant should have an industrial unit in the Karaikal Region of Puducherry. The applicant should have a priority industry announced by Government and set up in Karaikal.,"Step 1: The industrial unit should register the claim for the grant of incentive/subsidy in the prescribed form available on the Official Website of the Directorate of Industries and Commerce, Puducherry. Step 2: In the application form, fill in all the mandatory fields, and attach copies of all the mandatory documents (self-attest, if required). Step 3: The unit should submit the duly filled and signed application form and the documents to the concerned authority. Step 4: Request a receipt or acknowledgement from the concerned authority to whom the application form has been submitted. Ensure that the receipt contains essential details such as the date and time of submission, and a unique identification number (if applicable). *The State Level Committee will go into the merits of each case to decide whether the unit qualifies for the grant of incentive/subsidy. ﻿ Application Deadline For New Units Within one year from the date of commencement of obtaining the Entrepreneurs Memorandum Part-2/ Permanent Registration/ Commencement of Production Certificate. For Existing Units Within one year of completion of Expansion/ Diversification/ Modernization.","General Documents Entrepreneurs Memorandum Part-2 (UAM/ PMT) Registration/ Commencement of Production Certificate. Caste certificate from the competent authority in the case of Scheduled Caste/Scheduled Tribe (SC/ST) Entrepreneurs. Loan Sanction Letter. Scheme-Specific Documents Registered Land Document. Plan Approval from the Pollution Control Board (PPA). Engineer’s Certificate for Building Valuation Assessed by Public Works Department (PWD)/Pondicherry Industrial Promotion Development and Investment Corporation (PIPDIC). Registered Lease Agreement for the Building Executed Between the Developer and the Unit. Purchase Invoices for Plant & Machinery/ Pollution Equipment/ Generator. Chartered Accountant Certificate for the Investment in Fixed Assets / Pollution Control Equipment / Generator. Certificate for the Installation of Pollution Control Equipment Obtained from the Directorate of Sustainable Technologies and Environmental (DSTE). Air/Water Consent Orders Obtained from DSTE. Notary Affidavit. Case-Specific Documents In the case of Second Hand Machinery, an affidavit stating that the subsidy has not been availed of from the Central Government or any State or Union Territories.",State,Business & Entrepreneurship,,"Investment, Subsidy, Business, Industry, Machinery"
"Capital Investment Subsidy: Information Technology (IT) / Information Technology Enabled Services (ITES) Industries under ""Motivation of Entrepreneurs to Start Industries and Fiscal Assistance to Industries""",cisitites-mesifai,"The ""Capital Investment Subsidy: Information Technology (IT) / Information Technology Enabled Services (ITES) Industries"" is a Component of the ""Motivation of Entrepreneurs to Start Industries and Fiscal Assistance to Industries"" Scheme by the Department of Industrial Development (Industries and Commerce), Union Territory of Puducherry. The new IT/ITES industrial unit which started production on or after 6-11-2002 are provided with subsidy on the investments made on plant and machinery @ 20% thereon subject to a maximum of ₹20,00,000/- for the large, medium, small and micro enterprises during the period of operation of the scheme. The applications are accepted offline in the prescribed form available on the Official Website of the Department.","Subsidy on the investments made on plant and machinery @ 20% thereon subject to a maximum of ₹20,00,000/- for the large, medium, small and micro enterprises during the period of operation of the scheme. ﻿ Number of Installments The subsidy shall be disbursed in a single instalment. ﻿ Mode of Disbursement In the case of Units Financed by Financial Institutions/Banks, the subsidy amount shall be disbursed through the financial institutions/banks only, towards the adjustment against the loan availed by the entrepreneurs or for the creation of additional fixed assets or working capital purposes. In the case of Self-financed Units, the subsidy shall be disbursed directly to the entrepreneurs.",The applicant should be a new IT/ITES industrial unit which started production on or after 6-11-2002.,"Step 1: The industrial unit should register the claim for the grant of incentive/subsidy in the prescribed form available on the Official Website of the Directorate of Industries and Commerce, Puducherry. Step 2: In the application form, fill in all the mandatory fields, and attach copies of all the mandatory documents (self-attest, if required). Step 3: The unit should submit the duly filled and signed application form and the documents to the concerned authority. Step 4: Request a receipt or acknowledgement from the concerned authority to whom the application form has been submitted. Ensure that the receipt contains essential details such as the date and time of submission, and a unique identification number (if applicable). *The State Level Committee will go into the merits of each case to decide whether the unit qualifies for the grant of incentive/subsidy. ﻿ Application Deadline For New Units Within one year from the date of commencement of obtaining the Entrepreneurs Memorandum Part-2/ Permanent Registration/ Commencement of Production Certificate. For Existing Units Within one year of completion of Expansion/ Diversification/ Modernization.","General Documents Entrepreneurs Memorandum Part-2 (UAM/ PMT) Registration/ Commencement of Production Certificate. Caste certificate from the competent authority in the case of Scheduled Caste/Scheduled Tribe (SC/ST) Entrepreneurs. Loan Sanction Letter. Scheme-Specific Documents Registered Land Document. Plan Approval from the Pollution Control Board (PPA). Engineer’s Certificate for Building Valuation Assessed by Public Works Department (PWD)/Pondicherry Industrial Promotion Development and Investment Corporation (PIPDIC). Registered Lease Agreement for the Building Executed Between the Developer and the Unit. Purchase Invoices for Plant & Machinery/ Pollution Equipment/ Generator. Chartered Accountant Certificate for the Investment in Fixed Assets / Pollution Control Equipment / Generator. Certificate for the Installation of Pollution Control Equipment Obtained from the Directorate of Sustainable Technologies and Environmental (DSTE). Air/Water Consent Orders Obtained from DSTE. Notary Affidavit. Case-Specific Documents In the case of Second Hand Machinery, an affidavit stating that the subsidy has not been availed of from the Central Government or any State or Union Territories.",State,"Business & Entrepreneurship, Science, IT & Communications",,"Information Technology, Investment, Subsidy, Entrepreneur, Business"
"Capital Investment Subsidy: Physically Handicapped Persons/ Ex-Servicemen under ""Motivation of Entrepreneurs to Start Industries and Fiscal Assistance to Industries""",cisphpes-mesifai,"The ""Capital Investment Subsidy: Physically Handicapped Persons/ Ex-Servicemen"" is a Component of the ""Motivation of Entrepreneurs to Start Industries and Fiscal Assistance to Industries"" Scheme by the Department of Industrial Development (Industries and Commerce), Union Territory of Puducherry. Through this scheme, the new industrial units which started production on or after 5th August 2009 by physically handicapped entrepreneurs and Ex-Servicemen for the investments made on land, building and plant and machinery are eligible for capital investment subsidy at the rate of 25% thereon subject to a maximum of ₹25,00,000/- for the micro and small manufacturing enterprises.","A capital investment subsidy at the rate of 25% thereon subject to a maximum of ₹25,00,000/- for the micro and small manufacturing enterprises for the investments made on land, building and plant and machinery. ﻿ Number of Installments The subsidy shall be disbursed in a single instalment. NOTE: Where due to paucity of funds in a particular financial year or for such other reasons as the case may be, single instalment disbursement is not possible, such disbursement will be made in instalments. ﻿ Mode of Disbursement In the case of Units Financed by Financial Institutions/Banks, the subsidy amount shall be disbursed through the financial institutions/banks only, towards the adjustment against the loan availed by the entrepreneurs or for the creation of additional fixed assets or working capital purposes. In the case of Self-financed Units, the subsidy shall be disbursed directly to the entrepreneurs.",The scheme is applicable to the new industrial units which started production on or after 5th August 2009 by physically handicapped entrepreneurs and Ex-Servicemen. The subsidy for Physically Handicapped (PH) persons will be admissible only for those who suffer from not less than 40% incapacity under relevant category.,"Step 1: The industrial unit should register the claim for the grant of incentive/subsidy in the prescribed form available on the Official Website of the Directorate of Industries and Commerce, Puducherry. Step 2: In the application form, fill in all the mandatory fields, and attach copies of all the mandatory documents (self-attest, if required). Step 3: The unit should submit the duly filled and signed application form and the documents to the concerned authority. Step 4: Request a receipt or acknowledgement from the concerned authority to whom the application form has been submitted. Ensure that the receipt contains essential details such as the date and time of submission, and a unique identification number (if applicable). *The State Level Committee will go into the merits of each case to decide whether the unit qualifies for the grant of incentive/subsidy. ﻿ Application Deadline For New Units Within one year from the date of commencement of obtaining the Entrepreneurs Memorandum Part-2/ Permanent Registration/ Commencement of Production Certificate. For Existing Units Within one year of completion of Expansion/ Diversification/ Modernization.","General Documents Entrepreneurs Memorandum Part-2 (UAM/ PMT) Registration/ Commencement of Production Certificate. Caste certificate from the competent authority in the case of Scheduled Caste/Scheduled Tribe (SC/ST) Entrepreneurs. Loan Sanction Letter. Scheme-Specific Documents Registered Land Document. Plan Approval from the Pollution Control Board (PPA). Engineer’s Certificate for Building Valuation Assessed by Public Works Department (PWD)/Pondicherry Industrial Promotion Development and Investment Corporation (PIPDIC). Registered Lease Agreement for the Building Executed Between the Developer and the Unit. Purchase Invoices for Plant & Machinery/ Pollution Equipment/ Generator. Chartered Accountant Certificate for the Investment in Fixed Assets / Pollution Control Equipment / Generator. Certificate for the Installation of Pollution Control Equipment Obtained from the Directorate of Sustainable Technologies and Environmental (DSTE). Air/Water Consent Orders Obtained from DSTE. Notary Affidavit. Case-Specific Documents In the case of Second Hand Machinery, an affidavit stating that the subsidy has not been availed of from the Central Government or any State or Union Territories.",State,Business & Entrepreneurship,,"Business, Entrepreneur, Machinery, Investment, Disability"
"Capital Investment Subsidy: SC/ST/Women Entrepreneurs Component of the ""Motivation of Entrepreneurs to Start Industries and Fiscal Assistance to Industries"" Scheme",cisscstwe-mesifai,"The ""Capital Investment Subsidy: SC/ST/Women Entrepreneurs"" is a Component of the ""Motivation of Entrepreneurs to Start Industries and Fiscal Assistance to Industries"" Scheme by the Department of Industrial Development (Industries and Commerce), Union Territory of Puducherry. The department extends subsidies for the investments made on land, buildings, plants & machinery @ 25% by the Scheduled Caste/ Scheduled Tribe/ Women Entrepreneurs. The applications are accepted offline in the prescribed form available on the Official Website of the Department.","For Scheduled Caste/ Scheduled Tribe/ Women Entrepreneurs Subsidy for the investments made on land, building, plant & machinery @ 25% thereof subject to a maximum of ₹25,00,000/-. For Scheduled Caste and Scheduled Tribe Entrepreneurs Subsidy at the rate of 25% on the land, building and plant & machinery subject to a cumulative maximum of ₹50,00,000/-. ﻿ Number of Installments The subsidy shall be disbursed in a single instalment. NOTE: Where due to paucity of funds in a particular financial year or for such other reasons as the case may be, single instalment disbursement is not possible, such disbursement will be made in instalments. ﻿ Mode of Disbursement In the case of Units Financed by Financial Institutions/Banks, the subsidy amount shall be disbursed through the financial institutions/banks only, towards the adjustment against the loan availed by the entrepreneurs or for the creation of additional fixed assets or working capital purposes. In the case of Self-financed Units, the subsidy shall be disbursed directly to the entrepreneurs.","The applicant should be a Scheduled Caste/ Scheduled Tribe/ Woman Entrepreneur. In the case of indigenous second-hand machinery, the initial purchase value with depreciation, or the second-hand purchase value, or value assessed by the Chartered Engineer, whichever is less, will be taken as an investment. If two or more industrial undertakings are set up by the same person as proprietor, common partners, or common board of directors/shareholders, such units are eligible for subsidy as separate entities provided the location, products and licences/clearances/registrations are obtained separately. For Scheduled Caste/ Scheduled Tribe/ Women Entrepreneurs The subsidy for the investments made on land, building, plant & machinery will be applicable for the small and micro manufacturing enterprises which started production on or after 27-3-2002. For Scheduled Caste and Scheduled Tribe Entrepreneurs The subsidy to Scheduled Caste and Scheduled Tribe Entrepreneurs on the land, building and plant & machinery will be applicable on the investment made on or after 24-8-2011. The unit should commence production/complete expansion as the case may be on or after 24-8-2011. Second-hand machinery shall be eligible provided it is imported by the unit directly or through an agent, and the claim is supported with required import documents.","Step 1: The industrial unit should register the claim for the grant of incentive/subsidy in the prescribed form available on the Official Website of the Directorate of Industries and Commerce, Puducherry. Step 2: In the application form, fill in all the mandatory fields, and attach copies of all the mandatory documents (self-attest, if required). Step 3: The unit should submit the duly filled and signed application form and the documents to the concerned authority. Step 4: Request a receipt or acknowledgement from the concerned authority to whom the application form has been submitted. Ensure that the receipt contains essential details such as the date and time of submission, and a unique identification number (if applicable). *The State Level Committee will go into the merits of each case to decide whether the unit qualifies for the grant of incentive/subsidy. ﻿ Application Deadline For New Units Within one year from the date of commencement of obtaining the Entrepreneurs Memorandum Part-2/ Permanent Registration/ Commencement of Production Certificate. For Existing Units Within one year of completion of Expansion/ Diversification/ Modernization.","General Documents Entrepreneurs Memorandum Part-2 (UAM/ PMT) Registration/ Commencement of Production Certificate. Caste certificate from the competent authority in the case of Scheduled Caste/Scheduled Tribe (SC/ST) Entrepreneurs. Loan Sanction Letter. Scheme-Specific Documents Registered Land Document. Plan Approval from the Pollution Control Board (PPA). Engineer’s Certificate for Building Valuation Assessed by Public Works Department (PWD)/Pondicherry Industrial Promotion Development and Investment Corporation (PIPDIC). Registered Lease Agreement for the Building Executed Between the Developer and the Unit. Purchase Invoices for Plant & Machinery/ Pollution Equipment/ Generator. Chartered Accountant Certificate for the Investment in Fixed Assets / Pollution Control Equipment / Generator. Certificate for the Installation of Pollution Control Equipment Obtained from the Directorate of Sustainable Technologies and Environmental (DSTE). Air/Water Consent Orders Obtained from DSTE. Notary Affidavit. Case-Specific Documents In the case of Second Hand Machinery, an affidavit stating that the subsidy has not been availed of from the Central Government or any State or Union Territories.",State,Business & Entrepreneurship,,"Subsidy, Entrepreneur, Investment, Machinery"
"Conducting of Exhibitions Component of the ""Development of Coir"" Scheme",cecdcs,"The ""Conducting of Exhibitions"" Component of the ""Development of Coir"" Scheme by the Department of Industries and Commerce, Union Territory of Puducherry, aims to enhance awareness of diverse coir products and promote their market presence. It extends financial support, including a daily allowance of ₹150 per participant and travel reimbursements, to both local and outstation participants. The initiative emphasizes the eco-friendly nature of coir products.","Participants receive a daily allowance of ₹150 during the exhibition. Travel expenses, in 2nd sleeper class, are provided for the journey from production units to the exhibition venue and back. Actual transportation charges for transferring coir products from industrial units to the exhibition site are covered. Free stall space is allocated to participants during the exhibition.","Participants receive a daily allowance of ₹150 during the exhibition. Travel expenses, in 2nd sleeper class, are provided for the journey from production units to the exhibition venue and back. Actual transportation charges for transferring coir products from industrial units to the exhibition site are covered. Free stall space is allocated to participants during the exhibition.","Step 1: The interested applicant should take print of the prescribed format of the application form. Step 2: In the application form, fill in all the mandatory fields, paste the passport-sized photograph (signed across, if required), and attach copies of all the mandatory documents (self-attest, if required). Step 3: The interested applicant should visit (on a working day, and during office hours) the Project Manager (Cottage Industries) of the District Industries Centre (Thattanchavady, Puducherry - 605 009), and submit the duly filled and signed application form and the documents to the concerned authority. Step 4: On receipt of the application, necessary entries will be made in the application receipt register and a unique number is assigned to the applicant for identifying each applicant which shall be used for all further references and also as acknowledgement for the receipt of the application.",Proof of Possession of an Industrial Unit for Coir Products. Travel Receipts (for Reimbursement). Invoices or Receipts (for Transportation Expenses). Any additional documentation required by the Department.,State,Business & Entrepreneurship,,"Exhibition, Allowance, Coir, Awareness"
"Conversion/Modernisation of Mechanised Fishing Boats for Deep Sea Fishing under ""Financial Assistance for Availing Subsidy Components for the Development of Marine Fisheries""",cmmfbdsf-faascdmf,"The scheme ""Conversion/Modernisation of Mechanised Fishing Boats for Deep Sea Fishing"" is a Sub-Component under the Umbrella Scheme ""Financial Assistance for Availing Subsidy Components for the Development of Marine Fisheries"" by the Department of Fisheries and Fishermen Welfare, Government of Puducherry. The scheme is introduced with the objective of increasing marine fish production by extending financial grants for the conversion/modernization of mechanized boats for deep-sea fishing.","50% subsidy subject to a maximum of ₹ 2,50,000 per boat linked to bank finance. *The rate of subsidy/maximum limit may be revised by the Government from time to time.","The applicant should either belong to the fishermen community or be one of those professionally engaged in fishing/fish trade occupation on a full-time basis/prospective entrepreneurs. The applicant must have resided in the Union territory of Puducherry for a continuous period of not less than five years at the time of applying for extending subsidies/ grants. The applicant must have been enrolled as a member of the Fishermen Co-operative Society and be above the age of 23 years and below 60 years. The applicant must not have been a recipient of Old Age Pension, issued by the department. The applicant should not be employed in Government/ Government Undertakings/Fishermen Co-operative Society. The applicant must not have any dues to be paid to the Department/Fishermen Co-operative Societies at the time of making the application. The mechanized boat should be registered. The hull should be extended above 47 feet of overall length procured and fixed with a new hydraulic winch, steel ropes, global positioning system, echo sounder, inbuilt insulated ice-box, life savings appliances, etc. The applicant must have obtained a provisional loan sanction order from the bank.","Step 1: The interested applicant should visit the Office/ Sub-Office of the Department of Fisheries and Fishermen Welfare. Step 1: The interested applicant should request the hard copy of the prescribed format of the application form from the concerned authority. Step 2: In the application form, fill in all the mandatory fields, paste the passport-sized photograph (signed across, if required), and attach copies of all the mandatory documents (self-attest, if required). Step 3: Submit the duly filled and signed application form along with the documents to the concerned authority. Step 4: Request a receipt or acknowledgment from the concerned authority to whom the application has been submitted. Ensure that the receipt contains essential details such as the date and time of submission, and a unique identification number (if applicable).",Passport Sized Photograph. Aadhaar Card. Election Photo Identity Card (for Proof of Identity). Ration Card (for Proof of Address). Birth Certificate (for Proof of Age). Membership Certificate from the President/Administrator of Fishermen/Fisherwoman Co-operative Society (in the case of fishermen). Document attesting full-time engagement in fishing or fish trade occupation (in the case of Fish Traders). Residence Certificate indicating a continuous period of not less than five years in the Union territory of Puducherry (from Deputy Tahsildar of the Area of Residence). Enrollment certificate as a member of the Fishermen Co-operative Society. Declaration of not being a recipient of Old Age Pension. Declaration of not being employed in Government/Government Undertakings/Fishermen Co-operative Society. Declaration certifying that the applicant has no outstanding dues to the Department/Fishermen Co-operative Societies at the time of application. Proof of possession of a registered mechanized boat. Specifications of the Hull. Provisional Loan Sanction Order From the Bank.,State,"Agriculture,Rural & Environment",,"Boat, Subsidy, Fisherman, Financial Assistance, Marine"
"Design Development Training For Master Crafts Persons Component of the ""Development of Handicrafts"" Scheme",ddtmcp,"The ""Design Development Training For Master Crafts Persons"" Component of the ""Development of Handicrafts"" Scheme by the Department of Industries and Commerce, Union Territory of Puducherry aims to enhance the skills of craftspersons in moulding and designing their traditional crafts. The objective is to make these crafts more appealing to customers and increase marketability. The training is expected to have a significant impact on the development of modern art and techniques in crafts, potentially introducing new crafts from other regions.","For Craftsperson Remuneration: ₹3,000 per month. Accommodation Charges: ₹1,000 per month. Travelling Allowances: To & Fro 2nd class (berth) train fare. Period of Training: As prescribed by the Training Unit/ Institution. For Training Unit/ Institution Course Fee: As prescribed will be paid.",The applicant should be a Craftsperson or Artisan. The applicant should be literate. The applicant should be from Puducherry. The applicant should be carrying out the activity in their respective crafts for at least three years.,"Step 1: The interested applicant should take print of the prescribed format of the application form. Step 2: In the application form, fill in all the mandatory fields, paste the passport-sized photograph (signed across, if required), and attach copies of all the mandatory documents (self-attest, if required). Step 3: The interested applicant should visit (on a working day, and during office hours) the Project Manager of the District Industries Centre (Thattanchavady, Puducherry - 605 009), and submit the duly filled and signed application form and the documents to the concerned authority. Step 4: On receipt of the application, necessary entries will be made in the application receipt register and a unique number is assigned to the applicant for identifying each applicant which shall be used for all further references and also as acknowledgement for the receipt of the application.","Proof of Occupation. Educational Certificates/Marksheets. Residential Certificate. Proof of Craftsperson/Artisan status for at least three years. Proof of Permanent Registration of the Unit with the Department of Industries and Commerce, Puducherry.",State,Skills & Employment,,"Design, Training, Craft, Craftsperson, Allowance"
"Employment Incentive under ""Motivation of Entrepreneurs to Start Industries and Fiscal Assistance to Industries - Various Incentives""",ei-mesifai-vi,"Employment Incentive under ""Motivation of Entrepreneurs to Start Industries and Fiscal Assistance to Industries - Various Incentives"" is a scheme by the Industries and Commerce Department, Union Territory of Puducherry. The scheme came into force with effect from 1st April 2017 and is in operation in the whole of the UT of Puducherry. Through this scheme, Wage/Employment subsidy of 20% wage/salary up to a maximum of ₹5,00,000/- per annum, in case of workers who are covered under Provident Fund (PF), will be granted. The applications are accepted offline in the prescribed form available on the Official Website of the Department. ﻿ ﻿","Subsidy: Wage/Employment Subsidy of 20% Wage/Salary. Ceiling: ₹5,00,000/- per annum. Number of Installments: In single or multiple instalments, depending on the availability of funds. Period: 5 years for Puducherry and Karaikal regions. 7 years for Mahe and Yanam regions. Mode of Disbursement: The subsidy amount shall be disbursed through the financial institutions/banks only, if the unit is financed by them, towards the adjustment against the loan availed by the entrepreneurs or for the creation of additional fixed assets or for the working capital purposes. In case of self-financed units, the subsidy shall be disbursed directly to the entrepreneur/unit. *The financial institution shall mean and include PIPDIC or any other Government Corporation, Scheduled Banks including Co-operative Banks.","All the Micro, Small, Medium and Large Industries are eligible. The Unit should have made the investment on or after 1st April 2017. The unit should provide at least 60% of employment to the people of the Union territory of Puducherry of the total employment strength of the industrial units. This 60% of the local employment will have to be maintained by the industrial unit during the period specified in the Affidavit. The unit should provide direct employment to at least 10 persons. The workers should be covered under Provident Fund (PF). The industrial unit shall not transfer or dispose of the fixed asset including plant and machinery in any manner till the completion of 5 years from the date of submitting the application/disbursement of the subsidy whichever is later. *The additional investments made by the new/existing industrial units after availing the first claim are also eligible for subsidy up to the ceiling limit. Special Cases If, two or more industrial undertakings are set up by the same person as proprietor, common partners, common Board of Directors/shareholders, such units are eligible for subsidy as separate entity provided the location of the unit are different and licenses /clearances/ registrations are obtained separately for the enterprises.","Step 1: The industrial unit should register the claim for the grant of incentive/subsidy in the prescribed form available on the Official Website of the Directorate of Industries and Commerce, Puducherry. Step 2: In the application form, fill in all the mandatory fields, and attach copies of all the mandatory documents (self-attest, if required). Step 3: The unit should submit the duly filled and signed application form and the documents to the concerned authority. Step 4: Request a receipt or acknowledgement from the concerned authority to whom the application form has been submitted. Ensure that the receipt contains essential details such as the date and time of submission, and a unique identification number (if applicable). Post-Application Process Step 1: The applications shall be scrutinized by the Directorate of the Industries on merit basis for the grant of incentives/subsidies/assistances to determine the quantum of amount admissible will be placed before the State Level Committee. Step 2: The State Level Committee will go into the merits of each case to decide whether the unit qualifies for the grant of incentive/subsidy and will recommend the quantum of incentive/subsidy admissible to the unit. Application Deadline For New Units Within one year from the date of commencement of obtaining the Entrepreneurs Memorandum Part-2/ Permanent Registration/ Commencement of Production Certificate. For Existing Units Within one year of completion of Expansion/ Diversification/ Modernization.","Entrepreneurs Memorandum Part-2 (UAM/ PMT) Registration/ Commencement of Production Certificate. Loan Sanction Letter. Purchase Invoices for Plant & Machinery/ Pollution Equipment/ Generator. Chartered Accountant Certificate for the Investment in Fixed Assets / Pollution Control Equipment / Generator. Month-wise Interest Paid Statement from the Finance Institution/Bank Along with No-due Certificate. List of Employees Covered Under the Provident Fund Scheme Along with Wage/Salary Payment Particulars. Provident Fund Remittance for the Claiming Period. Notary Affidavit. *The industrial unit shall have to furnish the details of production, employment and other information every year and from time to time as sought by the Industries and Commerce Department.",State,Business & Entrepreneurship,,"Employment, Incentive, Subsidy, Business, Industry, MSME"
"Employment Incentive under ""Motivation of Entrepreneurs to Start Industries and Fiscal Assistance to Industries""",ei-mesifai,"The ""Employment Incentive"" is a Component of the ""Motivation of Entrepreneurs to Start Industries and Fiscal Assistance to Industries"" Scheme by the Industries and Commerce Department, Union Territory of Puducherry. Through this scheme, a Wage/Employment subsidy of 20% of wage/ salary up to a maximum of ₹5,00,000/- per annum is provided in the case of workers who are covered under the Provident Fund (PF). The new units which commence production on or after 2-8-2004 would alone be eligible for this incentive for 5 years from the date of commencement of production. The applications are accepted offline in the prescribed form available on the Official Website of the Department.","Wage/Employment Subsidy of 20% wage/salary up to a maximum of ₹5,00,000/- per annum for the workers who are covered under the Provident Fund (PF) (if applicable). ""Employment Incentives"", granted only if the unit has provided at least 60% of the employment to the people of UT of Puducherry. *Wage/Salary would be limited by the minimum wages prescribed by the Government from time to time.","The new units which commence production on or after 2-8-2004 would alone be eligible for this incentive for 5 years from the date of commencement of production. The unit should provide direct employment to at least 10 persons. The ""employment incentive"" will be granted if the unit has provided at least 60% of the employment to the people of UT of Puducherry.","Step 1: The industrial unit should register the claim for the grant of incentive/subsidy in the prescribed form available on the Official Website of the Directorate of Industries and Commerce, Puducherry. Step 2: In the application form, fill in all the mandatory fields, and attach copies of all the mandatory documents (self-attest, if required). Step 3: The unit should submit the duly filled and signed application form and the documents to the concerned authority. Step 4: Request a receipt or acknowledgement from the concerned authority to whom the application form has been submitted. Ensure that the receipt contains essential details such as the date and time of submission, and a unique identification number (if applicable). *The applications will be processed by the Industries Department to obtain sanctions. These cases need not be placed before the said State Level Committee. ﻿ Application Deadline For New Units Within one year from the date of commencement of obtaining the Entrepreneurs Memorandum Part-2/ Permanent Registration/ Commencement of Production Certificate. For Existing Units Within one year of completion of Expansion/ Diversification/ Modernization.",Entrepreneurs Memorandum Part-2 (UAM/ PMT) Registration/ Commencement of Production Certificate. Caste certificate from the competent authority in the case of Scheduled Caste/Scheduled Tribe (SC/ST) Entrepreneurs. Loan Sanction Letter. Purchase Invoices for Plant & Machinery/ Pollution Equipment/ Generator. Chartered Accountant Certificate for the Investment in Fixed Assets / Pollution Control Equipment / Generator. Month-wise Interest Paid Statement from the Finance Institution/Bank Along with No-due Certificate. List of Employees Covered Under the Provident Fund Scheme Along with Wage/Salary Payment Particulars. Provident Fund Remittance for the Claiming Period. Notary Affidavit.,State,Business & Entrepreneurship,,"Employment, Subsidy, Incentive, Entrepreneur, Industry"
"Entrepreneureship Development Programme (EDP) Component of the ""Development of Industries"" Scheme",edpedp,"The scheme ""Entrepreneureship Development Programme (EDP)"" by the District Industries Centre, Department of Industries and Commerce, Union Territory of Puducherry aims to to develop entrepreneurship skills by providing training for setting up of the projects. The programmes contains motivating the prospective entrepreneurs, highlight respective projects, the course of actions to taken by them for setting up and successful running their unit.",The entire expenditure towards the training will be met. The period of training will generally be for a week.,The applicant should be a native of the Union Territory of Puducherry (or) continuous resident of the area for the past three years.,"Step 1: The interested applicant should take print of the prescribed format of the application form. Step 2: In the application form, fill in all the mandatory fields, paste the passport-sized photograph (signed across, if required), and attach copies of all the mandatory documents (self-attest, if required). Step 3: The interested applicant should visit (on a working day, and during office hours) the Deputy Functional Manager (EI) of the District Industries Centre (Thattanchavady, Puducherry - 605 009), and submit the duly filled and signed application form and the documents to the concerned authority. Step 4: On receipt of the application, necessary entries will be made in the application receipt register and a unique number is assigned to the applicant for identifying each applicant which shall be used for all further references and also as acknowledgement for the receipt of the application.","Aadhaar Card. Applicant's Passport-sized Photo. Birth Certificate/ Residence-cum-Nativity Certificate, issued by the competent authority. Age Proof (if applicable). Educational Certificates/Marksheets (if applicable). ﻿",State,"Business & Entrepreneurship, Skills & Employment",,"Entrepreneurship, Entrepreneur, Business, Skill, Training, Vocational"
"Entrepreneurship Development Programme Component of the ""Development of Coir"" Scheme",edp-dc,"The ""Entrepreneurship Development Programme"" Component of the ""Development of Coir"" Scheme by the Department of Industries and Commerce, Union Territory of Puducherry, aims to provide Entrepreneurship training, to encourage prospective entrepreneurs to start the coir industry. Awareness programmes will also be arranged for the existing coir industries about the modern technology and scheme, and incentives available under the State Grant.",Entrepreneurship training to prospective entrepreneurs to start the coir industry. Awareness programmes on modern technology and incentives under the state grant for existing coir industries.,The applicant should be a prospective entrepreneur willing to start a coir industry. The applicant should be an entrepreneur with a coir industry.,"Step 1: The interested applicant should take print of the prescribed format of the application form. Step 2: In the application form, fill in all the mandatory fields, paste the passport-sized photograph (signed across, if required), and attach copies of all the mandatory documents (self-attest, if required). Step 3: The interested applicant should visit (on a working day, and during office hours) the District Industries Centre (Thattanchavady, Puducherry - 605 009), and submit the duly filled and signed application form and the documents to the concerned authority. Step 4: On receipt of the application, necessary entries will be made in the application receipt register and a unique number is assigned to the applicant for identifying each applicant which shall be used for all further references and also as acknowledgement for the receipt of the application.",Proof of Unit Establishment in Puducherry. Any other documents as specified by the Department of Industries and Commerce.,State,Business & Entrepreneurship,,"Coir, Industry, Awareness, Skill, Training, Entrepreneur"
"Exhibition Component of the ""Development Of Handicrafts"" Scheme",ecdhs,"The ""Exhibition"" component of the ""Development Of Handicrafts"" scheme by the Department of Industries and Commerce, Government of Puducherry, was introduced to boost the marketability of handicrafts and enhance sales through the organization of exhibitions. These exhibitions are conducted locally and in various states of the country.",Travelling allowance to-and-fro 2nd class (berth) train fare. For participation in A1 cities' exhibitions: Daily allowance of ₹300 per day per crafts person. For participation in non-A1 cities' exhibitions: Daily allowance of ₹200 per day per crafts person. For participation in local exhibitions: Daily allowance of ₹150 per day per crafts person. Reimbursement of actual expenditure for transporting handicrafts goods from the unit to the exhibition spot.,The applicant should be a resident of the Union Territory of Puducherry. The scheme is open to all craftspersons with handicraft units.,"Step 1: The interested applicant should take print of the prescribed format of the application form. Step 2: In the application form, fill in all the mandatory fields, paste the passport-sized photograph (signed across, if required), and attach copies of all the mandatory documents (self-attest, if required). Step 3: The interested applicant should visit (on a working day, and during office hours) the General Manager of the District Industries Centre (Thattanchavady, Puducherry - 605 009, 2248391, 2249392, 2248987, dic_pdy@bsnl.in), and submit the duly filled and signed application form and the documents to the concerned authority. Step 4: On receipt of the application, necessary entries will be made in the application receipt register and a unique number is assigned to the applicant for identifying each applicant which shall be used for all further references and also as acknowledgement for the receipt of the application.",Residential Certificate. Occupation Proof. Proof of Ownership of a Handicraft Unit in Puducherry.,State,Business & Entrepreneurship,,"Exhibition, Allowance, Business, Entrepreneurship, Handicraft"
"Financial Grant for Reactivation of Mechanised Boats under ""Financial Assistance for Availing Subsidy Components for the Development of Marine Fisheries""",fgrmb-faascdmf,"The scheme ""Financial Grant for Reactivation of Mechanised Boats"" is a Sub-Component under the Umbrella Scheme ""Financial Assistance for Availing Subsidy Components for the Development of Marine Fisheries"" by the Department of Fisheries and Fishermen Welfare, Government of Puducherry. The scheme is introduced with the objective of increasing marine fish production by extending financial grants for the reactivation of wooden/steel mechanized boats.","A financial grant for the reactivation of a registered wooden/steel mechanized boat will be extended at ₹ 10,000 per boat and ₹ 5,000 for a registered fiber-reinforced plastic mechanized boat. *The grant is subject to revision as and when approved by the Government from time to time.","The applicant should either belong to the fishermen community or be one of those professionally engaged in fishing/fish trade occupation on a full-time basis/prospective entrepreneurs. The applicant must have resided in the Union territory of Puducherry for a continuous period of not less than five years at the time of applying for extending subsidies/ grants. The applicant must have been enrolled as a member of the Fishermen Co-operative Society and be above the age of 23 years and below 60 years. The applicant must not have been a recipient of Old Age Pension, issued by the department. The applicant should not be employed in Government/ Government Undertakings/Fishermen Co-operative Society. The applicant must not have any dues to be paid to the Department/Fishermen Co-operative Societies at the time of making the application. The applicant should possess a registered mechanized boat. The applicant should have carried out overhauling/ repairs to the engine/hull during the notified fishing ban period and should not have ventured fishing during the notified ban on fishing periods.","Step 1: The interested applicant should visit the Office/ Sub-Office of the Department of Fisheries and Fishermen Welfare. Step 1: The interested applicant should request the hard copy of the prescribed format of the application form from the concerned authority. Step 2: In the application form, fill in all the mandatory fields, paste the passport-sized photograph (signed across, if required), and attach copies of all the mandatory documents (self-attest, if required). Step 3: Submit the duly filled and signed application form along with the documents to the concerned authority. Step 4: Request a receipt or acknowledgment from the concerned authority to whom the application has been submitted. Ensure that the receipt contains essential details such as the date and time of submission, and a unique identification number (if applicable).",Passport Sized Photograph. Aadhaar Card. Election Photo Identity Card (for Proof of Identity). Ration Card (for Proof of Address). Birth Certificate (for Proof of Age). Membership Certificate from the President/Administrator of Fishermen/Fisherwoman Co-operative Society (in the case of fishermen). Document attesting full-time engagement in fishing or fish trade occupation (in the case of Fish Traders). Residence Certificate indicating a continuous period of not less than five years in the Union territory of Puducherry (from Deputy Tahsildar of the Area of Residence). Enrollment certificate as a member of the Fishermen Co-operative Society. Declaration of not being a recipient of Old Age Pension. Declaration of not being employed in Government/Government Undertakings/Fishermen Co-operative Society. Declaration certifying that the applicant has no outstanding dues to the Department/Fishermen Co-operative Societies at the time of application. Proof of possession of a registered mechanized boat. Proof of overhauling/ repairs to the engine/hull during the notified fishing ban period. A declaration/affidavit that the applicant has not ventured for fishing during the notified ban on fishing periods.,State,"Agriculture,Rural & Environment",,"Boat, Grant, Financial Assistance, Fisheries, Fisherman"
"Fishing Ban Period Assistance under ""Welfare and Relief for Fishermen During Lean Seasons and Natural Calamities Scheme""",wrflsncs-fbps,"The scheme ""Fishing Ban Period Assistance"" is a Sub-Component under the scheme ""Welfare and Relief for Fishermen During Lean Seasons and Natural Calamities Scheme"". The scheme is extended to all the regions of the Union territory of Puducherry. The scheme is introduced with the objective to assist fishermen families who are deprived of income during natural calamities and fishing ban periods, and to conserve the fishery wealth in sea during breeding season.",100 kgs. of rice and a cash dole at ₹ 750/- per fishermen's family during the period of ban on fishing during the year.,"The applicant should be an ordinarily resident of the Union territory of Puducherry. The applicant should be a fisherman. The applicant should belong to a group designated to be ""Below Poverty Line"". *Beneficiary shall also be considered based on the decisions taken periodically by the Governing Body of the Pondicherry Fishermen Welfare and Distress Relief Society. The applicant should not be ordinarily residing in any foreign nation during the natural calamity, lean season, or ban on the fishing period for which relief assistance is issued. The beneficiary or any other members of the ration card should not be in regular service in the Government/Quasi Government/Government undertakings/Retired Government Pensioner. * The benefit under this scheme shall not be denied only on the ground that the head of the family or family member is a recipient of Old Age Pension (OAP); * The benefit under this scheme shall not be restricted on the ground that the fisherman is in possession of mechanized or motorized or traditional fishing boats or is not in possession of the said fishing boats.","Step 1: The interested applicant should visit the office of the concerned authority i.e. Pondicherry State Fishermen Co-operative Federation Limited, Puducherry/The Karaikal Fishermen Co-operative Marketing Union, Karaikal/The Assistant Director of Fisheries and Fishermen Welfare, Mahe/The Assistant Director of Fisheries and Fishermen Welfare, Yanam of the respective regions. Step 1: The interested applicant should request the hard copy of the prescribed format of the application form from the concerned authority. Step 2: In the application form, fill in all the mandatory fields, paste the passport-sized photograph (signed across, if required), and attach copies of all the mandatory documents (self-attest, if required). Step 3: Submit the duly filled and signed application form along with the documents to the concerned authority. Step 4: Request a receipt or acknowledgment from the concerned authority to whom the application has been submitted. Ensure that the receipt contains essential details such as the date and time of submission, and a unique identification number (if applicable).","Aadhar Card Copy of the First Page of the Passbook of the Bank Account. Red Ration Card Issued by the Department of Civil Supplies and Consumer Affairs, Puducherry. Identity Card Issued by the Director of Fisheries and Fishermen Welfare. Membership Certificate as Proof Obtained From Fishermen Co-operative Society of the Village Concerned in the Union Territory of Puducherry.",State,"Agriculture,Rural & Environment, Social welfare & Empowerment",,"Welfare, Relief, Clothes, Fisheries, Fisherman"
"Generator Subsidy under ""Motivation of Entrepreneurs to Start Industries and Fiscal Assistance to Industries - Various Incentives""",gs-mesifai-vi,"Generator Subsidy under ""Motivation of Entrepreneurs to Start Industries and Fiscal Assistance to Industries - Various Incentives"" is a scheme by the Industries and Commerce Department, Union Territory of Puducherry. The scheme came into force with effect from 1st April 2017 and is in operation in the whole of the UT of Puducherry. Through this scheme, 50% subsidy is provided to the industrial units of the micro, small, medium and large industries for the purchase and installation of generators. The applications are accepted offline in the prescribed form available on the Official Website of the Department.","Subsidy: 50%. Purpose: For the purchase and installation of the Generator purchased on or after 1st April 2017. Ceiling: ₹5,00,000/- per annum per industrial unit. Number of Installments: In single or multiple instalments, depending on the availability of funds. Mode of Disbursement: The subsidy amount shall be disbursed through the financial institutions/banks only, if the unit is financed by them, towards the adjustment against the loan availed by the entrepreneurs or for the creation of additional fixed assets or for the working capital purposes. In case of self-financed units, the subsidy shall be disbursed directly to the entrepreneur/unit. *The financial institution shall mean and include PIPDIC or any other Government Corporation, Scheduled Banks including Co-operative Banks.","All the Micro, Small, Medium and Large Industries are eligible. The Unit should have made the investment on or after 1st April 2017. The unit should provide at least 60% of employment to the people of the Union territory of Puducherry of the total employment strength of the industrial units. This 60% of the local employment will have to be maintained by the industrial unit during the period specified in the Affidavit. The generator should have been purchased on or after 1st April 2017. The industrial unit shall not transfer or dispose of the fixed asset including plant and machinery in any manner till the completion of 5 years from the date of submitting the application/disbursement of the subsidy whichever is later. The additional investments made by the new/existing industrial units after availing the first claim are also eligible for subsidy up to the ceiling limit. *The date of commencement as admitted by the entrepreneurs shall be reckoned after due verification by the officials of the Industries Department. Special Cases If, two or more industrial undertakings are set up by the same person as proprietor, common partners, common Board of Directors/shareholders, such units are eligible for subsidy as separate entity provided the location of the unit are different and licenses /clearances/ registrations are obtained separately for the enterprises.","Step 1: The industrial unit should register the claim for the grant of incentive/subsidy in the prescribed form available on the Official Website of the Directorate of Industries and Commerce, Puducherry. Step 2: In the application form, fill in all the mandatory fields, and attach copies of all the mandatory documents (self-attest, if required). Step 3: The unit should submit the duly filled and signed application form and the documents to the concerned authority. Step 4: Request a receipt or acknowledgement from the concerned authority to whom the application form has been submitted. Ensure that the receipt contains essential details such as the date and time of submission, and a unique identification number (if applicable). Post-Application Process Step 1: The applications shall be scrutinized by the Directorate of the Industries on merit basis for the grant of incentives/subsidies/assistances to determine the quantum of amount admissible will be placed before the State Level Committee. Step 2: The State Level Committee will go into the merits of each case to decide whether the unit qualifies for the grant of incentive/subsidy and will recommend the quantum of incentive/subsidy admissible to the unit. Application Deadline For New Units Within one year from the date of commencement of obtaining the Entrepreneurs Memorandum Part-2/ Permanent Registration/ Commencement of Production Certificate. For Existing Units Within one year of completion of Expansion/ Diversification/ Modernization.","Entrepreneurs Memorandum Part-2 (UAM/ PMT) Registration/ Commencement of Production Certificate. Loan Sanction Letter. Purchase Invoices for Plant & Machinery/ Pollution Equipment/ Generator. Chartered Accountant Certificate for the Investment in Fixed Assets / Pollution Control Equipment / Generator. Month-wise Interest Paid Statement from the Finance Institution/Bank Along with No-due Certificate. List of Employees Covered Under the Provident Fund Scheme Along with Wage/Salary Payment Particulars. Provident Fund Remittance for the Claiming Period. Notary Affidavit. *The industrial unit shall have to furnish the details of production, employment and other information every year and from time to time as sought by the Industries and Commerce Department.",State,Business & Entrepreneurship,,"Machine, Generator, Subsidy, Business, MSME, Entrepreneur"
"Generator Subsidy under ""Motivation of Entrepreneurs to Start Industries and Fiscal Assistance to Industries""",gs-mesifai,"The ""Generator Subsidy"" is a Component of the ""Motivation of Entrepreneurs to Start Industries and Fiscal Assistance to Industries"" Scheme by the Industries and Commerce Department, Union Territory of Puducherry. Through this scheme, the micro, small and medium industrial units (manufacturing and service sector) shall be eligible for the grant of 50% subsidy with a cap of ₹5,00,000/- per industrial unit on the investment made on or after 5-3-2009 on generator sets. The applications are accepted offline in the prescribed form available on the Official Website of the Department.","50% subsidy with a cap of ₹5,00,000/- per industrial unit.",The applicant should be a micro/ small/ medium industrial unit. The unit should be from the manufacturing sector or service sector. The unit should have made investment on generator sets. The unit should have made investment on or after 5th March 2009.,"Step 1: The industrial unit should register the claim for the grant of incentive/subsidy in the prescribed form available on the Official Website of the Directorate of Industries and Commerce, Puducherry. Step 2: In the application form, fill in all the mandatory fields, and attach copies of all the mandatory documents (self-attest, if required). Step 3: The unit should submit the duly filled and signed application form and the documents to the concerned authority. Step 4: Request a receipt or acknowledgement from the concerned authority to whom the application form has been submitted. Ensure that the receipt contains essential details such as the date and time of submission, and a unique identification number (if applicable). *The applications will be processed by the Industries Department to obtain sanctions. These cases need not be placed before the said State Level Committee. ﻿ Application Deadline For New Units Within one year from the date of commencement of obtaining the Entrepreneurs Memorandum Part-2/ Permanent Registration/ Commencement of Production Certificate. For Existing Units Within one year of completion of Expansion/ Diversification/ Modernization.",Entrepreneurs Memorandum Part-2 (UAM/ PMT) Registration/ Commencement of Production Certificate. Caste certificate from the competent authority in the case of Scheduled Caste/Scheduled Tribe (SC/ST) Entrepreneurs. Loan Sanction Letter. Purchase Invoices for Plant & Machinery/ Pollution Equipment/ Generator. Chartered Accountant Certificate for the Investment in Fixed Assets / Pollution Control Equipment / Generator. Month-wise Interest Paid Statement from the Finance Institution/Bank Along with No-due Certificate. List of Employees Covered Under the Provident Fund Scheme Along with Wage/Salary Payment Particulars. Provident Fund Remittance for the Claiming Period. Notary Affidavit.,State,Business & Entrepreneurship,,"Machinery, Subsidy, Business, Entrepreneurship, Industry"
"Grant To Handicrafts Societies Component of the ""Development of Handicrafts"" Scheme",ghs-pudu,"The scheme “Grant To Handicrafts Societies” Component of the ""Development of Handicrafts"" Scheme by the Department of Industries and Commerce, Union Territory of Puducherry aims to encourage the creation of Handicrafts Societies to enhance coordination and skill among craftspeople. Grants are provided to registered societies, either as a Cooperative society or under the Societies Act, for organizing or participating in exhibitions, thereby fostering the marketing of handicraft products.","Grants to Handicrafts Societies for conducting exhibitions. PUDUMAI Handicrafts Artisans Society in Puducherry receives an annual grant of ₹10,00,000 for exhibition conduct. Other eligible societies receive ₹2,00,000 per annum for participating in exhibitions in and outside India for 5 years.",The Handicrafts Society should be registered either as a Co-operative society or under the Societies Act. Members of the society should be artisans approved either by the State Government or Development Commissioner (Handicrafts). The Society should exclusively deal with handicraft products produced by artisans of the UT of Puducherry.,"Step 1: The interested applicant should take print of the prescribed format of the application form. Step 2: In the application form, fill in all the mandatory fields, paste the passport-sized photograph (signed across, if required), and attach copies of all the mandatory documents (self-attest, if required). Step 3: The interested applicant should visit (on a working day, and during office hours) the General Manager of the District Industries Centre (Thattanchavady, Puducherry - 605 009, 2248391, 2249392, 2248987, dic_pdy@bsnl.in), and submit the duly filled and signed application form and the documents to the concerned authority. Step 4: On receipt of the application, necessary entries will be made in the application receipt register and a unique number is assigned to the applicant for identifying each applicant which shall be used for all further references and also as acknowledgement for the receipt of the application.",Registration Certificate as a Co-operative Society or Under the Societies Act. Approval Documents of Artisans by the State Government or Development Commissioner (Handicrafts).,State,Business & Entrepreneurship,,"Society, Exhibition, Grant, Handicraft, Artisan"
"Grant of Margin Money for Availing Capital Loan Component of the ""Development of Coir"" Scheme",gmmacl-dc,"The ""Grant of Margin Money for Availing Capital Loan"" Component of the ""Development of Coir"" Scheme by the Department of Industries and Commerce, Union Territory of Puducherry, aims to incentivize entrepreneurs to establish new coir industries or revitalise existing ones. Eligible units must be set up in the Union Territory of Puducherry. The scheme provides margin money upon receipt of a financial institution's sanction order for a project.","25% margin money, capped at ₹25,00,000, upon receipt of a financial institution's sanction order for a project worth ₹1,00,00,000. The loan amount will be released to the bank on behalf of the entrepreneurs. The commercial production should commence within six months of the Margin Money Grant release.",The coir unit must be established in Puducherry.,"Step 1: The interested applicant should take print of the prescribed format of the application form. Step 2: In the application form, fill in all the mandatory fields, paste the passport-sized photograph (signed across, if required), and attach copies of all the mandatory documents (self-attest, if required). Step 3: The interested applicant should visit (on a working day, and during office hours) the District Industries Centre (Thattanchavady, Puducherry - 605 009), and submit the duly filled and signed application form and the documents to the concerned authority. Step 4: On receipt of the application, necessary entries will be made in the application receipt register and a unique number is assigned to the applicant for identifying each applicant which shall be used for all further references and also as acknowledgement for the receipt of the application.","Loan sanction letter from the financial institution. Undertaking letter from the promoter, assuring successful operation for five years post-establishment. Proof of unit establishment in the Union Territory of Puducherry.",State,Business & Entrepreneurship,,"Loan, Business, Coir, Entrepreneur"
"Grant of Margin Money for Availing the Capital Loan Component of the ""Development of Silk"" Scheme",gmmacl-ds,"The ""Grant of Margin Money for Availing the Capital Loan"" Component of the ""Development of Silk"" Scheme by the Department of Industries and Commerce, Union Territory of Puducherry, aims to encourage the entrepreneur to set up Silk Weaving Units in Puducherry. This margin money grants will reduce the initial financial burden on the entrepreneurs while availing term loan/working capital loan from the financial institutions for setting up of silk weaving units.","25% as margin money (restricted to ₹50,000/-) on the loan amount, upon receipt of sanction order from the financial institution. The amount is released to the bank on behalf of the entrepreneurs.","The applicant should belong to Puducherry by virtue of birth or by residence continuously for 5 years The applicant should ascertain availability of loan. The silk unit should be set up in Puducherry. The unit should start its commercial production within six months from the date of release of the Margin Money Grant. The income of the applicant and his/her family members should not be more than ₹1,00,000/- and above from all sources.","Step 1: The interested applicant should take print of the prescribed format of the application form. Step 2: In the application form, fill in all the mandatory fields, paste the passport-sized photograph (signed across, if required), and attach copies of all the mandatory documents (self-attest, if required). Step 3: The interested applicant should visit (on a working day, and during office hours) the District Industries Centre (Thattanchavady, Puducherry - 605 009), and submit the duly filled and signed application form and the documents to the concerned authority. Step 4: On receipt of the application, necessary entries will be made in the application receipt register and a unique number is assigned to the applicant for identifying each applicant which shall be used for all further references and also as acknowledgement for the receipt of the application.",Birth Certificate/Residential Certificate. Loan sanction letter from the financial institution. Income Certificate. An undertaking letter (on a stamped paper of ₹10/-) assuring that the applicant will run the unit successfully for 5 years after establishment of the unit. Any Other Document as Required by the District Industries Centre.,State,Business & Entrepreneurship,,"Loan, Capital, Entrepreneur, Business, Silk, Bank"
"Grant to Coir Cluster/Societies/Agency Component of the ""Development of Coir"" Scheme",gccsa-dc,"The ""Grant to Coir Cluster/Societies/Agency"" Component of the ""Development of Coir"" Scheme by the Department of Industries and Commerce, Union Territory of Puducherry, aims to foster the development of coir industries. The scheme encourages unemployed rural youth and artisan individuals to participate in the manufacturing and sales of coir products.","Grant of ₹2,00,000 per year for five years to cover administrative and developmental expenses.",The applicant should be a cluster/society/agency. The applicant should be engaged in coir product activities. The members of the organization should be coir artisans. The applicant should be registered under the Co-operative Act or any other Societies Act.,"Step 1: The interested applicant should take print of the prescribed format of the application form. Step 2: In the application form, fill in all the mandatory fields, paste the passport-sized photograph (signed across, if required), and attach copies of all the mandatory documents (self-attest, if required). Step 3: The interested applicant should visit (on a working day, and during office hours) the Project Manager (Cottage Industries) of the District Industries Centre (Thattanchavady, Puducherry - 605 009), and submit the duly filled and signed application form and the documents to the concerned authority. Step 4: On receipt of the application, necessary entries will be made in the application receipt register and a unique number is assigned to the applicant for identifying each applicant which shall be used for all further references and also as acknowledgement for the receipt of the application.",Registration proof under the Co-operative Act or relevant Societies Act. Details confirming engagement in coir product activities. Membership details of coir artisans.,State,Business & Entrepreneurship,,"Coir, Society, Grant, Artisan, Youth"
"Grant to Silk Societies/Agency Component of the ""Development of Silk"" Scheme",gssa-ds,"The ""Grant to Silk Societies/Agency"" Component of the ""Development of Silk"" Scheme by the Department of Industries and Commerce, Union Territory of Puducherry, aims to encourage the silk weaving artisans to form registered societies/agencies to develop a cluster approach among the artisans which is effective and advisable at present for the successful development of their business.","Grant of ₹2,00,000 per annum for 5 years, allocated for Administrative and Marketing expenses.",The applicant should be a Society/Agency. The Society/Agency should be registered under either the Co-operative Society Act or the Society Act. The members of the Society/Agency should be silk-weaving artisans. The Society/Agency should exclusively deal with silk products produced by artisans in Puducherry.,"Step 1: The interested applicant should take print of the prescribed format of the application form. Step 2: In the application form, fill in all the mandatory fields, paste the passport-sized photograph (signed across, if required), and attach copies of all the mandatory documents (self-attest, if required). Step 3: The interested applicant should visit (on a working day, and during office hours) the District Industries Centre (Thattanchavady, Puducherry - 605 009), and submit the duly filled and signed application form and the documents to the concerned authority. Step 4: On receipt of the application, necessary entries will be made in the application receipt register and a unique number is assigned to the applicant for identifying each applicant which shall be used for all further references and also as acknowledgement for the receipt of the application.",Proof of Society/Agency Registration. Membership Details of Silk Weaving Artisans. Document Confirming Exclusive Dealing With Silk Products. Any Other Document as Required by the District Industries Centre.,State,Business & Entrepreneurship,,"Society, Grant, Silk, Artisan, Business"
"Grant to Subsidy for Raw Materials Procurement Component of the ""Development of Coir"" Scheme",gsrmp-dc,"The ""Grant to Subsidy for Raw Materials Procurement"" Component of the ""Development of Coir"" Scheme by the Department of Industries and Commerce, Union Territory of Puducherry, aims to promote Coir Industries by providing a 15% subsidy on annual raw materials procurement, capped at ₹5,00,000 per annum per unit.","15% subsidy on annual raw materials procurement. Maximum subsidy capped at ₹5,00,000 per annum per unit.",The applicant should possess a Coir Industry Unit in Puducherry.,"Step 1: The interested applicant should take print of the prescribed format of the application form. Step 2: In the application form, fill in all the mandatory fields, paste the passport-sized photograph (signed across, if required), and attach copies of all the mandatory documents (self-attest, if required). Step 3: The interested applicant should visit (on a working day, and during office hours) the District Industries Centre (Thattanchavady, Puducherry - 605 009), and submit the duly filled and signed application form and the documents to the concerned authority. Step 4: On receipt of the application, necessary entries will be made in the application receipt register and a unique number is assigned to the applicant for identifying each applicant which shall be used for all further references and also as acknowledgement for the receipt of the application.",Proof Of Unit Establishment In Puducherry. Annual Procurement Records. Any Other Documents As Specified By The Department Of Industries And Commerce.,State,Business & Entrepreneurship,,"Coir, Entrepreneur, Entrepreneurship, Business, Subsidy, Grant"
"Green and Eco-Friendly Measures under “Motivation of Entrepreneurs to Start Industries and Fiscal Assistance to Industries - State Awards to Micro, Small and Medium Enterprises”",gefm-mesifai-sa-msme,"Green and Eco-Friendly Measures under “Motivation of Entrepreneurs to Start Industries and Fiscal Assistance to Industries - State Awards to Micro, Small and Medium Enterprises” is a scheme by the Industries and Commerce Department, Union Territory of Puducherry. The award is conferred upon the industries that are green and eco-friendly as per the standards of the Department of Science, Technology and Environment (DSTE), Puducherry. The awardee is given a cash award of ₹2,00,000/- and a citation. The applications are accepted offline in the prescribed form available on the Official Website of the Department.","Cash Award of ₹2,00,000/- and a Citation.",The industry should be green and eco-friendly as per the DSTE standards. The unit should provide at least 60% of employment to the people of UT of Puducherry of the total employment strength of the industrial units.,"The Director of Industries will invite the application for award by wide publicity. Step 1: The industrial unit should apply for the award in the prescribed form available on the Official Website of the Directorate of Industries and Commerce, Puducherry. Step 2: In the application form, fill in all the mandatory fields, and attach copies of all the mandatory documents (self-attest, if required). Step 3: The unit should submit the duly filled and signed application form and the documents to the concerned authority either in person or by post. Post-Application Process Step 1: The applications shall be scrutinised by the Directorate of Industries and Commerce on a merit basis for the grant of state awards will be placed before the award Committee. Step 2: The Committee for the awards will go into the merits of each case for granting the award. Step 3: The list of selected enterprises shall be notified and informed by the Director of Industries to the enterprises to receive the awards.","Certification from the Department of Science, Technology and Environment (DSTE), Puducherry for Zero/Minimum Effluent Discharge. Entrepreneurs Memorandum Part-2 (UAM/ PMT) Registration/ Commencement of Production Certificate. Any other document, as required by the Award Committee.",State,"Business & Entrepreneurship, Agriculture,Rural & Environment",,"Award, Entrepreneur, MSME, Business, Environment"
"Immediate Death Relief Assistance under ""Welfare and Relief for Fishermen During Lean Seasons and Natural Calamities Scheme""",wrflsncs-idra,"The scheme ""Immediate Death Relief Assistance"" is a Sub-Component under the scheme ""Welfare and Relief for Fishermen During Lean Seasons and Natural Calamities Scheme"". The scheme is extended to all the regions of the Union territory of Puducherry. The scheme is introduced with the objective of extending financial assistance to the fishermen's families to compensate for the loss due to the sudden demise of the breadwinner and to support them financially to run their family.","₹ 1,00,000 as immediate death relief assistance for the family (legal heir) of the deceased fisherman, received within 15 days to 3 months from the date of receipt of the application from the affected family.",The applicant should be the family (legal heir) of the deceased fisherman. The deceased fisherman should have been a resident of the Union territory of Puducherry. The deceased fisherman must have lost his/her life while fishing. The deceased fisherman must have been in the age group of 18-60 years. The deceased fisherman must not have been a beneficiary of the old age pension scheme. The deceased fisherman should have enrolled as a member of the Fishermen/Fisherwomen Co-operative Society.,"Step 1: The interested applicant should visit the office of the concerned authority i.e. the Department of Fisheries and Fishermen Welfare/Sub-Offices of outlying regions in all four regions. Step 1: The interested applicant should request the hard copy of the prescribed format of the application form from the concerned authority. Step 2: In the application form, fill in all the mandatory fields, paste the passport-sized photograph (signed across, if required), and attach copies of all the mandatory documents (self-attest, if required). Step 3: Submit the duly filled and signed application form along with the documents to the concerned authority. Step 4: Request a receipt or acknowledgment from the concerned authority to whom the application has been submitted. Ensure that the receipt contains essential details such as the date and time of submission, and a unique identification number (if applicable). *The affected family (legal heir) should apply immediately within 30 days from the date of the event for consideration in case of the death of the fishermen.","Photograph of the Family (Legal Heir) of the Deceased. Residential Certificate of the Deceased Fishermen. Proof of Age of the Deceased Fishermen. Declaration That the Deceased Fisherman Was Not a Beneficiary of the Old Age Pension Scheme. Membership Certificate from the President/Administrator of Fishermen/Fisherwoman Co-operative Society. ‘No Claim’ Certificate in Respect of Financial Assistance Extended by the Revenue Department (to Be Obtained From the Department of Revenue and Disaster Management) for Consideration. Electoral Identity Card (Attested Copy) Ration Card (Attested Copy) Panchayathar’s Letter of Village Concerned Name, Relationship, and Address of the Legal Heir (Affidavit in ₹ 5 Stamp Paper, Affixing as the Legal Heir Duly Signed in Before a Notary Public). Death Certificate in Case of Deceased Fishermen.",State,"Agriculture,Rural & Environment, Social welfare & Empowerment",,"Death, Fisherman, Relief, Financial Assistance, Family"
"In-Plant Training Component of the ""Development of Industries"" Scheme",ipt,"The ""In-Plant Training"" component of the ""Development of Industries"" scheme by the District Industries Centre, Department of Industries and Commerce, UT of Puducherry was introduced to create employment opportunities and motivate entrepreneurship among the educated unemployed youth. Through this scheme, training is imparted to the educated unemployed youth at various industrial establishments in a real-time environment. The trainees acquire the skill by observing, assisting and learning the job on their own in the plant itself. The training makes them acquire better skills in the trade to start either their self-ventures or to get employment in established industries. The training is imparted for one year with a monthly stipend at rates based on educational qualification.","Stipend Higher Secondary / ITI and below: ₹ 1,500/-. Any Graduate or 3 years Diploma in Engg. Or equivalent: ₹ 2,500/-. Degree in Engineering or Post Graduate in Arts & Science or equivalent: ₹ 3,000/-. * Trainees having postgraduate qualification in a trade which requires under graduation as minimum qualification will be paid ₹ 3,000/- per month. * During the period of training, the trainees may waste some of the raw materials for which an amount of ₹ 300/- per trainee per month is paid to the industrial units which impart training as compensation for wastage. * Stipend payable will be based on the minimum educational qualification fixed for the trade concerned i.e. stipend will be the same for any notified trade irrespective of the trainee possessing higher qualification. ﻿ Indicative List of Trades under In-Plant Training: Computer Application, Electrician, Electronics, Composing & Printing, Machinist, Auto Mechanic, A/C Refrigeration, Lab Technician. Commencement of Training: In July. Period of Training: One year.",The applicant should be between 18 and 35 years of age. The applicant should be unemployed. The applicant should have passed Class 10th (SSLC). The applicant should be a native of the Union Territory of Puducherry (or) a continuous resident of the area for the past three years.,"Step 1: The interested applicant should take print of the prescribed format of the application form. Step 2: In the application form, fill in all the mandatory fields, paste the passport-sized photograph (signed across, if required), and attach copies of all the mandatory documents (self-attest, if required). Step 3: The interested applicant should visit (on a working day, and during office hours) the General Manager of the District Industries Centre (Thattanchavady, Puducherry - 605 009, 2248391, 2249392, 2248987, dic_pdy@bsnl.in), and submit the duly filled and signed application form and the documents to the concerned authority. Step 4: On receipt of the application, necessary entries will be made in the application receipt register and a unique number is assigned to the applicant for identifying each applicant which shall be used for all further references and also as acknowledgement for the receipt of the application. Time of Submission of Application: Month of January (Advertisement will be floated in local dailies during December).","Aadhaar Card. Applicant's Passport-sized Photo. Residence-cum-Nativity Certificate, issued by the competent authority. Age Proof. Educational Certificates/Marksheets.",State,Skills & Employment,,"Training, Skill, Stipend, Youth, Unemployed"
"Infrastructure Development Subsidy (For IT/ITES) under ""Motivation of Entrepreneurs to Start Industries and Fiscal Assistance to Capital Intensive Industries""",ids-mesifa-cii,"Infrastructure Development Subsidy (For IT/ITES) under ""Motivation of Entrepreneurs to Start Industries and Fiscal Assistance to Capital Intensive Industries"" is a scheme by the Industries and Commerce Department, Union Territory of Puducherry. The scheme came into force with effect from 1st April 2017 and is in operation in the whole of the UT of Puducherry. Through this scheme, 30% Subsidy subject to a maximum of ₹1,00,00,000/- will be granted on the investment made on building with a minimum extent of 50,000 sq.ft. constructed area, by the infrastructure developers/industries for leasing out to Information Technology industries or for own industrial use. The applications are accepted offline in the prescribed form available on the Official Website of the Department.","30% subsidy, subject to a maximum of ₹1,00,00,000/-. *The building value will be assessed by the PIPDIC/Public Works Department. Number of Installments The infrastructure subsidy shall be disbursed in annual installment not exceeding ₹25,00,000/- per annum till completion of the total eligible subsidy. Mode of Disbursement The subsidy amount shall be disbursed through the financial institutions/banks only, if the unit is financed by them, towards the adjustment against the loan availed by the entrepreneurs or for the creation of additional fixed assets or for the working capital purposes. In case of self-financed units, the subsidy shall be disbursed directly to the entrepreneur/unit. *The financial institution shall mean and include PIPDIC or any other Government Corporation, Scheduled Banks including Co-operative Banks.","The investment should have been made on building with a minimum extent of 50,000 sq.ft. constructed area. The investment should have been made by the infrastructure developers/industries. The investment should have been made for leasing out to IT industries or for own industrial use (for manufacturer of computer systems, Software/ITES, BPO, KPO). The unit should provide at least 60% of employment to the people of the Union territory of Puducherry of the total employment strength of the industrial units. This 60% of the local employment will have to be maintained by the industrial unit during the period specified in the Affidavit. The industrial unit shall not transfer or dispose of the fixed asset including plant and machinery in any manner till the completion of 5 years from the date of submitting the application/disbursement of the subsidy whichever is later. The additional investments made by the new/existing industrial units after availing the first claim are also eligible for subsidy up to the ceiling limit. *The date of commencement as admitted by the entrepreneurs shall be reckoned after due verification by the officials of the Industries Department. *The units which have commenced commercial production on or after 1-4-2017 are considered new industries. *The units which have commenced production before 1-4-2017 are considered as existing units. Special Cases If, two or more industrial undertakings are set up by the same person as proprietor, common partners, common Board of Directors/shareholders, such units are eligible for subsidy as separate entity provided the location of the unit are different and licenses /clearances/ registrations are obtained separately for the enterprises.","Step 1: The industrial unit should register the claim for the grant of incentive/subsidy in the prescribed form available on the Official Website of the Directorate of Industries and Commerce, Puducherry. Step 2: In the application form, fill in all the mandatory fields, and attach copies of all the mandatory documents (self-attest, if required). Step 3: The unit should submit the duly filled and signed application form and the documents to the concerned authority. Step 4: Request a receipt or acknowledgement from the concerned authority to whom the application form has been submitted. Ensure that the receipt contains essential details such as the date and time of submission, and a unique identification number (if applicable). Post-Application Process Step 1: The applications shall be scrutinized by the Directorate of the Industries on merit basis for the grant of incentives/subsidies/assistances to determine the quantum of amount admissible will be placed before the State Level Committee. Step 2: The State Level Committee will go into the merits of each case to decide whether the unit qualifies for the grant of incentive/subsidy and will recommend the quantum of incentive/subsidy admissible to the unit. Application Deadline For New Units Within one year from the date of commencement of obtaining the Entrepreneurs Memorandum Part-2/ Permanent Registration/ Commencement of Production Certificate. For Existing Units Within one year of completion of Expansion/ Diversification/ Modernization.",1. Entrepreneurs Memorandum Part-2 (UAM/ PMT) Registration/ Commencement of Production Certificate. 2. Caste certificate from the competent authority in the case of Scheduled Caste/Scheduled Tribe (SC/ST) Entrepreneurs. 3. Loan Sanction Letter. 4. Registered Land Document. 5. Plan Approval from the Pollution Control Board (PPA). 6. Engineer’s Certificate for Building Valuation Assessed by Public Works Department (PWD)/Pondicherry Industrial Promotion Development and Investment Corporation (PIPDIC). 7. Registered Lease Agreement for the Building Executed Between the Developer and the Unit. 8. Purchase Invoices for Plant & Machinery/ Pollution Equipment/ Generator. 9. Chartered Accountant Certificate for the Investment in Fixed Assets / Pollution Control Equipment / Generator. 10. Certificate for the Installation of Pollution Control Equipment Obtained from the Directorate of Sustainable Technologies and Environmental (DSTE). 11. Air/Water Consent Orders Obtained from DSTE. 12. Notary Affidavit.,State,"Business & Entrepreneurship, Transport & Infrastructure",,"Infrastructure, Subsidy, Industry, MSME, Entrepreneur"
"Infrastructure Subsidy under ""Motivation of Entrepreneurs to Start Industries and Fiscal Assistance to Industries""",infs-mesifai,"The ""Infrastructure Subsidy"" is a Component of the ""Motivation of Entrepreneurs to Start Industries and Fiscal Assistance to Industries"" Scheme by the Industries and Commerce Department, Union Territory of Puducherry. 25% subsidy is provided to the industrial units who have made investments on building with a minimum extent of 50,000 sq. ft. constructed area. The applications are accepted offline in the prescribed form available on the Official Website of the Department.","25% subsidy subject to a maximum of ₹1,00,00,000/-. For the infrastructure developer who has made investment on building with a minimum extent of 50,000 sq. ft. constructed area, for leasing out to IT industries. 25% subsidy subject to a maximum of ₹1,00,00,000/-. For the industrial unit, which is investing for construction of factory building of not less than 50,000 sq.ft for setting up of the IT industries. 25% subsidy subject to a maximum of ₹1,00,00,000/-. For the infrastructure developer who has made investment on building with a minimum extent of 50,000 sq. ft. constructed area, for leasing out to the bio-technology industries. 25% subsidy subject to a maximum of ₹50,00,000/-. For the bio-technology industry unit which has made investment on building with a minimum extent of 5,000 sq. ft for self-occupation. ﻿ Number of Installments The subsidy shall be disbursed in annual installment not exceeding ₹25,00,000/- per annum till completion of the total eligible subsidy.","The applicant should be an infrastructure developer who has made investment on building with a minimum extent of 50,000 sq. ft. constructed area, for leasing out to IT industries. OR The applicant should be an industrial unit, which is investing for construction of factory building of not less than 50,000 sq.ft for setting up of the IT industries. OR The applicant should be an infrastructure developer who has made investment on building with a minimum extent of 50,000 sq. ft. constructed area, for leasing out to the bio-technology industries. OR The applicant should be a bio-technology industry unit which has made investment on building with a minimum extent of 5,000 sq. ft for self-occupation. *The subsidy would be eligible for the investment made on building on or after 31-7-2006. *For the purpose of this scheme, ""IT industries"" mean Manufacturers of Computer Systems, Software/Information Technology Enabled Services (ITES), Business Process Outsourcing (BPO) and Knowledge Process Outsourcing (KPO).","Step 1: The industrial unit should register the claim for the grant of incentive/subsidy in the prescribed form available on the Official Website of the Directorate of Industries and Commerce, Puducherry. Step 2: In the application form, fill in all the mandatory fields, and attach copies of all the mandatory documents (self-attest, if required). Step 3: The unit should submit the duly filled and signed application form and the documents to the concerned authority. Step 4: Request a receipt or acknowledgement from the concerned authority to whom the application form has been submitted. Ensure that the receipt contains essential details such as the date and time of submission, and a unique identification number (if applicable). *The State Level Committee will go into the merits of each case to decide whether the unit qualifies for the grant of incentive/subsidy. ﻿ Application Deadline For New Units Within one year from the date of commencement of obtaining the Entrepreneurs Memorandum Part-2/ Permanent Registration/ Commencement of Production Certificate. For Existing Units Within one year of completion of Expansion/ Diversification/ Modernization.",1. Entrepreneurs Memorandum Part-2 (UAM/ PMT) Registration/ Commencement of Production Certificate. 2. Caste certificate from the competent authority in the case of Scheduled Caste/Scheduled Tribe (SC/ST) Entrepreneurs. 3. Loan Sanction Letter. 4. Registered Land Document. 5. Plan Approval from the Pollution Control Board (PPA). 6. Engineer’s Certificate for Building Valuation Assessed by Public Works Department (PWD)/Pondicherry Industrial Promotion Development and Investment Corporation (PIPDIC). 7. Registered Lease Agreement for the Building Executed Between the Developer and the Unit. 8. Purchase Invoices for Plant & Machinery/ Pollution Equipment/ Generator. 9. Chartered Accountant Certificate for the Investment in Fixed Assets / Pollution Control Equipment / Generator. 10. Certificate for the Installation of Pollution Control Equipment Obtained from the Directorate of Sustainable Technologies and Environmental (DSTE). 11. Air/Water Consent Orders Obtained from DSTE. 12. Notary Affidavit.,State,"Business & Entrepreneurship, Transport & Infrastructure",,"Infrastructure, Subsidy, Entrepreneurship, Industry"
"Innovation in Technology [Product (or) Process] under “Motivation of Entrepreneurs to Start Industries and Fiscal Assistance to Industries - State Awards to Micro, Small and Medium Enterprises”",itpp-mesifai-sa-msme,"Innovation in Technology [Product (or) Process] under “Motivation of Entrepreneurs to Start Industries and Fiscal Assistance to Industries - State Awards to Micro, Small and Medium Enterprises” is a scheme by the Industries and Commerce Department, Union Territory of Puducherry. The award is conferred upon the industrial units who have patented their technology innovation. The scheme is formulated under the New Industrial Policy 2016, introduced on 4th October 2016. The scheme is in operation in the UT of Puducherry. The applications are accepted offline in the prescribed form available on the Official Website of the Department.","Cash Award of ₹2,00,000/- and a Citation.",The unit shall have obtained a patent/applied for a patent for the innovation. The unit shall be functioning profitably for 3 years before the date of application. The unit should provide at least 60% of employment to the people of UT of Puducherry of the total employment strength of the industrial units.,"The Director of Industries will invite the application for award by wide publicity. Step 1: The industrial unit should apply for the award in the prescribed form available on the Official Website of the Directorate of Industries and Commerce, Puducherry. Step 2: In the application form, fill in all the mandatory fields, and attach copies of all the mandatory documents (self-attest, if required). Step 3: The unit should submit the duly filled and signed application form and the documents to the concerned authority either in person or by post. Post-Application Process Step 1: The applications shall be scrutinised by the Directorate of Industries and Commerce on a merit basis for the grant of state awards will be placed before the award Committee. Step 2: The Committee for the awards will go into the merits of each case for granting the award. Step 3: The list of selected enterprises shall be notified and informed by the Director of Industries to the enterprises to receive the awards.",Copy of the Patent/ Application for Patent. Entrepreneurs Memorandum Part-2 (UAM/ PMT) Registration/ Commencement of Production Certificate.,State,Business & Entrepreneurship,,"Innovation, Technology, MSME, Industry, Patent"
"Input Assistance to Farmers for Taking up Fish Farming in Farm Ponds Component of the ""Mukhyamantri Maschyajibi Kalyan Yojana"" Scheme",mmky-iaftufffp,"The ""Input Assistance to Farmers for Taking up Fish Farming in Farm Ponds"" Component of the ""Mukhyamantri Maschyajibi Kalyan Yojana"" Scheme was launched by the Fisheries & Animal Resources Development Department, Government of Odisha. The objective of this scheme is to increase the inland fish production, and to enhance the income of farmers in the State though aquaculture. Input assistance is provided to the farmers who have excavated farm ponds under MGNREGA for facilitating the production of fingerling and fish. The scheme is implemented by the Directorate of Fisheries through its field functionaries in Odisha.","One-day training and awareness programme will be conducted by the District Fisheries Officers for skill up-gradation of the beneficiaries. ﻿ Type of Farm Pond with Unit Cost and Pattern of Assistance The input assistance towards pisciculture on the unit cost of ₹4,00,000/- hectare shall be given to the farmer as a one-time support at 40% for General Category, and 60% for Scheduled Castes (SC)/ Scheduled Tribes (ST)/Women/Transgender/Person with Disability (PwD) Category of farmers. ﻿ Model 1 Specification of Farm Pond: 20m x 20m Seed: 2400 Feed: 10800 Other Input: 2800 Unit Cost (₹): 16000 Subsidy Assistance (₹) General (40%): 6400 SC/ST/Women/Transgender/PwD (60%): 9600 Model 2 Specification of Farm Pond: 15m x 15m Seed: 1350 Feed: 6075 Other Input: 1575 Unit Cost (₹): 9000 Subsidy Assistance (₹) General (40%): 3600 SC/ST/Women/Transgender/PwD (60%): 5400 Model 3 Specification of Farm Pond: 10m x 10m Seed: 600 Feed: 2700 Other Input: 700 Unit Cost (₹): 4000 Subsidy Assistance (₹) General (40%): 1600 SC/ST/Women/Transgender/PwD (60%): 2400 *Other Inputs include fertiliser, lime, pro/pre/grow biotics, Vit-min mix, disinfectant, medicines, castnet, etc. NOTE 1: Farmers are free to stock more seed as per their choice for seed raising purpose. NOTE 2: The assistance shall be limited to 0.5 acres of water spread area per beneficiary. ﻿ ﻿","The applicant should be a resident of Odisha. The applicant must have a bank account in his/her name in Odisha. The farm pond should have been excavated by the applicant. The farm pond should have been excavated under the various Government schemes including Watershed Development Projects & MGNREGA through the Directorate of Soil Conservation & Watershed Development. The farm pond should have a minimum 5 feet water depth. The farm pond should have sufficient water retaining capacity for a minimum 5 months of culture period. While availing subsidy, the beneficiary family will be considered instead of individual member of the family.","Step 1: The applicant should take print of the prescribed format of the application form. Step 2: In the application form, fill in all the mandatory fields, paste the passport-sized photograph (signed across, if required), and attach copies of all the mandatory documents (self-attest, if required). Step 3: Submit the duly filled and signed application form along with the documents to the Block Level Office. Step 4: Request a receipt or acknowledgement from the concerned authority to whom the application has been submitted. Ensure that the receipt contains essential details such as the date and time of submission, and a unique identification number (if applicable).","Aadhaar Card (photocopy). Identification & Residential Proof (Aadhaar card). A Mobile Number (Aadhaar linked Mandatory). First page of Bank Passbook (photocopy). Land Document. Caste Certificate. The certificate of identity as transgender person issued by the District Magistrate as per ""The Transgender persons (Protection of Rights) Act, 2019 will be accepted for transgender category. For differently abled persons the certificate of disability issued by certifying authority/ competent authority indicating 40% or more disability as per ""The Rights of Persons with Disabilities Act, 2016 will be acceptable."" ﻿",State,"Agriculture,Rural & Environment",,"Farmer, Fisheries, Seed, Subsidy, Fertilizer, Pond"
Integrated Farming for Productivity Improvement Scheme by the Coconut Development Board,ifpisbtcdb,"The scheme “Integrated Farming for Productivity Improvement Scheme"" by the Coconut Development Board was launched by the Department of Agriculture and Farmer's Welfare, Union Territory of Puducherry. Through this scheme, the coconut farmers are provided financial assistance through DBT (Direct Benefit Transfer) mode for the Laying of the Demonstration Plot, and for the Construction of the Organic Manure Unit.","Laying of Demonstration Plot (LoDP): Financial assistance @ ₹ 35,000/‐ Ha in two annual instalments. Construction of Organic Manure Unit: Financial assistance @ ₹ 40,000/‐ to ₹ 60,000/‐ per Unit on Pro‐rata basis. Unit size of 1200 cubic feet to 150 cubic feet (60 x 8 x 2.5 ft to 15 x 5 x 2 ft). The eligible subsidy amount shall be released to the beneficiary's account on DBT (Direct Benefit Transfer) mode after obtaining expenditure sanction as per norms. The final list of the beneficiaries would be displayed on the notice board of Uzhavar Uthaviyagams.",All categories of coconut farmers with farmer's identity cards/ authenticated land records/documents are eligible.,"Step 1: The interested applicant should visit (during office hours) the Uzhavar Udhaviyagam (Farmers' Help Centres) or the Office of the Additional Director of Agriculture (Horticulture) and request the hard copy of the prescribed format of the application form from the Agricultural Officer. Step 2: In the application form, fill in all the mandatory fields, paste the passport-sized photograph (signed across, if required), and attach copies of all the mandatory documents (self-attest, if required). Step 3: Submit the duly filled and signed application form and the documents to the concerned authority. Step 4: On receipt of the application, necessary entries will be made in the application receipt register and a unique number is assigned to the applicant for identifying each applicant which shall be used for all further references and also as acknowledgement for the receipt of the application.","In the case of land owners cultivating their land, a copy of the farmer identity card containing the details of survey numbers and the extent of land holding needs to be submitted along with the application form. If no identity card is issued to the farmer to date a copy of the land document (sale deed/ partition deed/ gift deed or will) needs to be submitted. The tenants cultivating lands owned by religious Institutions/Wakfs/Mutts/Trusts/ Municipalities shall produce a letter of consent from the authority of the institutions concerned as prescribed by the Department. Further, tenants shall produce a cultivation certificate from the land owner or Agriculture Department / Revenue Department who carried out joint verification for the purpose.",State,"Agriculture,Rural & Environment",,"Manure, Construction, Farmer, Subsidy, DBT"
"Interest Subsidy (For Micro, Small, Medium and Large New Industries) under ""Motivation of Entrepreneurs to Start Industries and Fiscal Assistance to Industries - Various Incentives""",is-mesifai-vi,"Interest Subsidy (For Micro, Small, Medium and Large New Industries) under ""Motivation of Entrepreneurs to Start Industries and Fiscal Assistance to Industries - Various Incentives"" is a scheme by the Industries and Commerce Department, Union Territory of Puducherry. The scheme came into force with effect from 1st April 2017 and is in operation in the whole of the UT of Puducherry. Through this scheme, the industrial units availing loans from financial institutions towards the creation of fixed assets and for working capital shall be eligible for an interest subsidy to an extent of 25% of the annual interest amount paid. The applications are accepted offline in the prescribed form available on the Official Website of the Department.","Subsidy: Upto  25% of the annual interest amount paid. Admissibility: From the date of commencement of commercial production. Ceiling: ₹5,00,000/- per annum. Period: 5 years for Puducherry and Karaikal, and for 7 years for Mahe and Yanam. Number of Installments: In single or multiple instalments, depending on the availability of funds. Mode of Disbursement: Through the financial institution.","All the Micro, Small, Medium and Large Industries are eligible. The Unit should have made the investment on or after 1st April 2017. The unit should provide at least 60% of employment to the people of the Union territory of Puducherry of the total employment strength of the industrial units. This 60% of the local employment will have to be maintained by the industrial unit during the period specified in the Affidavit. The industrial unit should be availing of a loan from a financial institution. The industrial unit should be availing of a loan towards the creation of fixed assets and/or for working capital. The industrial unit shall not transfer or dispose of the fixed asset including plant and machinery in any manner till the completion of 5 years from the date of submitting the application/disbursement of the subsidy whichever is later. The additional investments made by the new/existing industrial units after availing the first claim are also eligible for subsidy up to the ceiling limit. *The date of commencement as admitted by the entrepreneurs shall be reckoned after due verification by the officials of the Industries Department. Special Cases If, two or more industrial undertakings are set up by the same person as proprietor, common partners, common Board of Directors/shareholders, such units are eligible for subsidy as separate entity provided the location of the unit are different and licenses /clearances/ registrations are obtained separately for the enterprises.","Step 1: The industrial unit should register the claim for the grant of incentive/subsidy in the prescribed form available on the Official Website of the Directorate of Industries and Commerce, Puducherry. Step 2: In the application form, fill in all the mandatory fields, and attach copies of all the mandatory documents (self-attest, if required). Step 3: The unit should submit the duly filled and signed application form and the documents to the concerned authority. Step 4: Request a receipt or acknowledgement from the concerned authority to whom the application form has been submitted. Ensure that the receipt contains essential details such as the date and time of submission, and a unique identification number (if applicable). Post-Application Process Step 1: The applications shall be scrutinized by the Directorate of the Industries on a merit basis for the grant of incentives/subsidies/assistance to determine the quantum of amount admissible will be placed before the State Level Committee. Step 2: The State Level Committee will go into the merits of each case to decide whether the unit qualifies for the grant of incentive/subsidy and will recommend the quantum of incentive/subsidy admissible to the unit. Application Deadline For New Units Within one year from the date of commencement of obtaining the Entrepreneurs Memorandum Part-2/ Permanent Registration/ Commencement of Production Certificate. For Existing Units Within one year of completion of Expansion/ Diversification/ Modernization.",Entrepreneurs Memorandum Part-2 (UAM/ PMT) Registration/ Commencement of Production Certificate. Caste certificate from the competent authority in the case of Scheduled Caste/Scheduled Tribe (SC/ST) Entrepreneurs. Loan Sanction Letter. Purchase Invoices for Plant & Machinery/ Pollution Equipment/ Generator. Chartered Accountant Certificate for the Investment in Fixed Assets / Pollution Control Equipment / Generator. Month-wise Interest Paid Statement from the Finance Institution/Bank Along with No-due Certificate. List of Employees Covered Under the Provident Fund Scheme Along with Wage/Salary Payment Particulars. Provident Fund Remittance for the Claiming Period. Notary Affidavit. 'No Due Certificate of Interest' issued by the financial institution/bank etc.,State,Business & Entrepreneurship,,"Interest, Subsidy, Industry, Business, Enterpreneur, MSME"
"Interest Subsidy under ""Motivation of Entrepreneurs to Start Industries and Fiscal Assistance to Industries""",is-mesifai,"The ""Interest Subsidy"" is a Component of the ""Motivation of Entrepreneurs to Start Industries and Fiscal Assistance to Industries"" Scheme by the Industries and Commerce Department, Union Territory of Puducherry. The industrial units which have availed loans from financial institutions towards the creation of fixed assets and for working capital shall be eligible for an interest incentive to an extent of 25% of the annual interest amount paid. The applications are accepted offline in the prescribed form available on the Official Website of the Department.","For industry set up by SC/ST/Women entrepreneurs, that commenced production on or after 2-8-2004 An interest incentive to an extent of 25% of the annual interest amount paid for five years which shall be admissible from the date of commencement of commercial production. The maximum amount of interest incentive admissible to each industry shall not exceed ₹75,000/- in any financial year. For the industry set up by SC/ST/Women/Physically Handicapped/Ex-Servicemen entrepreneurs, that commenced production on or after 24-8-2011 25% interest subsidy subject to a maximum of ₹5,00,000/- per annum for a period of 5 years. ﻿ *The incentive will be paid through the financial institution.","The industry should be set up by SC/ST/Women/ Entrepreneur OR The industry should be a ""Thrust Area Industry"" or an ""IT Sector Industry"". The industrial unit should have availed of a loan from a financial institution towards the creation of fixed assets and working capital. The industry should have commenced production on or after 2-8-2004. OR The industry should be set up by SC/ST/Women/Physically Handicapped/Ex-Servicemen Entrepreneur OR The industry should be a ""Thrust Area Industry"" or an ""IT Sector Industry"". The industry should have availed the loan on or after 24-8-2011 from a financial institution towards the creation of fixed assets and working capital. The industry should have commenced production on or after 24-8-2011. *The ""Financial Institution"" mean and includes PIPDIC, or any other Government Corporation, Scheduled Banks including Co-operative Banks and Government Co-operative Societies.","Step 1: The industrial unit should register the claim for the grant of incentive/subsidy in the prescribed form available on the Official Website of the Directorate of Industries and Commerce, Puducherry. Step 2: In the application form, fill in all the mandatory fields, and attach copies of all the mandatory documents (self-attest, if required). Step 3: The unit should submit the duly filled and signed application form and the documents to the concerned authority. Step 4: Request a receipt or acknowledgement from the concerned authority to whom the application form has been submitted. Ensure that the receipt contains essential details such as the date and time of submission, and a unique identification number (if applicable). *The applications will be processed by the Industries Department to obtain sanctions. These cases need not be placed before the said State Level Committee. ﻿ Application Deadline For New Units Within one year from the date of commencement of obtaining the Entrepreneurs Memorandum Part-2/ Permanent Registration/ Commencement of Production Certificate. For Existing Units Within one year of completion of Expansion/ Diversification/ Modernization.",Entrepreneurs Memorandum Part-2 (UAM/ PMT) Registration/ Commencement of Production Certificate. Caste certificate from the competent authority in the case of Scheduled Caste/Scheduled Tribe (SC/ST) Entrepreneurs. Loan Sanction Letter. Purchase Invoices for Plant & Machinery/ Pollution Equipment/ Generator. Chartered Accountant Certificate for the Investment in Fixed Assets / Pollution Control Equipment / Generator. Month-wise Interest Paid Statement from the Finance Institution/Bank Along with No-due Certificate. List of Employees Covered Under the Provident Fund Scheme Along with Wage/Salary Payment Particulars. Provident Fund Remittance for the Claiming Period. Notary Affidavit. 'No Due Certificate of Interest' issued by the financial institution/bank etc.,State,Business & Entrepreneurship,,"Interest, Subsidy, Loan, Finance, Incentive"
"Management Training Component of the ""Development of Industries"" Scheme",mt-pudu,"The scheme ""Management Training"" is a component of the ""Development of Industries"" Scheme by the District Industries Centre, Department of Industries and Commerce, Union Territory of Puducherry. Through this scheme, management training is imparted as a means to enhance productivity. It is imparted to the entrepreneurs/industrialists or their representative in various disciplines namely Financial Management, Marketing Management, Personnel Management, Quality control, etc, to discharge their duties in an efficient manner benefiting both the employee and employer and the economy.","90% of the Training Expenditure is Given as Subsidy by the Government to the Micro and Small Scale Entrepreneur/industrialists or Their Representatives. The amount of subsidy is paid through the Puducherry Management and Productivity Council. 10% of the fees for training is to be borne by the Industrialists. Management Training is Imparted by qualified resource persons from various renowned institutions in Various Disciplines Namely Financial Management, Marketing Management, Personnel Management, Quality Control, Etc.",Entrepreneurs/Industrialists or their representatives are eligible.,"Step 1: The interested applicant should take print of the prescribed format of the application form. Step 2: In the application form, fill in all the mandatory fields, paste the passport-sized photograph (signed across, if required), and attach copies of all the mandatory documents (self-attest, if required). Step 3: The interested applicant should visit (on a working day, and during office hours) the Secretary, Puducherry Management and Productivity Council, Puducherry, and submit the duly filled and signed application form and the documents to the concerned authority. Step 4: On receipt of the application, necessary entries will be made in the application receipt register and a unique number is assigned to the applicant for identifying each applicant which shall be used for all further references and also as acknowledgement for the receipt of the application.","Aadhaar Card. Applicant's Passport-sized Photo. Residence-cum-Nativity Certificate, issued by the competent authority. Proof regarding the Applicant's Occupation.",State,Skills & Employment,,"Management, Training, Entrepreneur, Financial, Marketing"
"Market Development Support Assistance under ""Motivation of Entrepreneurs to Start Industries and Fiscal Assistance to Industries - Various Incentives""",mdsa-mesifai-vi,"Market Development Support Assistance under ""Motivation of Entrepreneurs to Start Industries and Fiscal Assistance to Industries - Various Incentives"" is a scheme by the Industries and Commerce Department, Union Territory of Puducherry. The scheme came into force with effect from 1st April 2017 and is in operation in the whole of the UT of Puducherry. Through this scheme, assistance worth 50% of total rent, literature and display material (subject to a maximum of ₹5,00,000/-) is provided to the industrial unit for participation in international trade fair as an industry association. The applications are accepted offline in the prescribed form available on the Official Website of the Department.","Assistance: 50% of Total Rent, Literature and Display Material. Ceiling: ₹5,00,000/-. Purpose: Participation in International Trade Fair as an Industry Association. Number of Installments: In single or multiple installments, depending on the availability of fund. Mode of Disbursement: The subsidy amount shall be disbursed through the financial institutions/banks only, if the unit is financed by them, towards the adjustment against the loan availed by the entrepreneurs or for the creation of additional fixed assets or for the working capital purposes. In case of self-financed units, the subsidy shall be disbursed directly to the entrepreneur/unit. *The assistance would be reimbursed provided on the basis of actual expenditure incurred. *The financial institution shall mean and include PIPDIC or any other Government Corporation, Scheduled Banks including Co-operative Banks.","All the Micro, Small, Medium and Large Industries are eligible. The Unit should have made the investment on or after 1st April 2017. The unit should provide at least 60% of employment to the people of the Union territory of Puducherry of the total employment strength of the industrial units. This 60% of the local employment will have to be maintained by the industrial unit during the period specified in the Affidavit. The unit should obtain prior approval from the Director of Industries about participating in the exhibition. The industrial unit shall not transfer or dispose of the fixed asset including plant and machinery in any manner till the completion of 5 years from the date of submitting the application/disbursement of the subsidy whichever is later. The additional investments made by the new/existing industrial units after availing the first claim are also eligible for subsidy up to the ceiling limit. *The date of commencement as admitted by the entrepreneurs shall be reckoned after due verification by the officials of the Industries Department. Special Cases If, two or more industrial undertakings are set up by the same person as proprietor, common partners, common Board of Directors/shareholders, such units are eligible for subsidy as separate entity provided the location of the unit are different and licenses /clearances/ registrations are obtained separately for the enterprises.","Step 1: The industrial unit should register the claim for the grant of incentive/subsidy in the prescribed form available on the Official Website of the Directorate of Industries and Commerce, Puducherry. Step 2: In the application form, fill in all the mandatory fields, and attach copies of all the mandatory documents (self-attest, if required). Step 3: The unit should submit the duly filled and signed application form and the documents to the concerned authority. Step 4: Request a receipt or acknowledgement from the concerned authority to whom the application form has been submitted. Ensure that the receipt contains essential details such as the date and time of submission, and a unique identification number (if applicable). Post-Application Process Step 1: The applications shall be scrutinized by the Directorate of the Industries on a merit basis for the grant of incentives/subsidies/assistance to determine the quantum of amount admissible will be placed before the State Level Committee. Step 2: The State Level Committee will go into the merits of each case to decide whether the unit qualifies for the grant of incentive/subsidy and will recommend the quantum of incentive/subsidy admissible to the unit. Application Deadline For New Units Within one year from the date of commencement of obtaining the Entrepreneurs Memorandum Part-2/ Permanent Registration/ Commencement of Production Certificate. For Existing Units Within one year of completion of Expansion/ Diversification/ Modernization.","Entrepreneurs Memorandum Part-2 (UAM/ PMT) Registration/ Commencement of Production Certificate. Chartered Accountant Certificate for Payment Made to Quality Certifying Agency/ Patent Attorney/ Technical Providing Institution & Agency. Approval from the Quality Council of India for the Certifying Agency. Quality Certificates. Receipt for Payment to the Quality Certifying Agency (if Applicable). Patent (if Applicable). Receipt for Payment to the Patent Attorney (if Applicable). Registration Certificate of Membership with Export Promotion Council / Federation of Indian Export Organisation (FIEO). Prior Approval of the Director of Industries and Commerce for Participation in the Exhibition/Trade Fair. Receipt for Payment to the Exhibition Organiser for Rent/Space. Bill/Invoices for Printing Charges of Literature and Display Material. Chartered Accountant Certificate for Payment Made to the Exhibition Organiser, Literature, and Display Material. Original Copy of the Catalogue/Printing Material Prepared for Exhibition/Trade Fair. Brochure/Catalogue of Exhibition/Trade Fair. Photographs of the Applicant's Stall in the Exhibition/Trade Fair. Recognition/Accreditation for Energy/Water Auditing Institution/Consultant (if Applicable). Energy/Water Audit Report. Chartered Accountant Certificate for Payment Made to the Energy/Water Audit Institution/Agency. Receipt for Payment to the Energy/Water Institution/Agency. *The industrial unit shall have to furnish the details of production, employment and other information every year and from time to time as sought by the Industries and Commerce Department.",State,Business & Entrepreneurship,,"Market, Trade, Industry, Business, Enterpreneur"
"Monthly Grant To Old Crafts Persons (Pension) Component of the ""Development of Handicrafts"" Scheme",mgtocpp,"The scheme “Monthly Grant To Old Crafts Persons (Pension)” Component of the ""Development of Handicrafts"" Scheme by the Department of Industries and Commerce, Union Territory of Puducherry, aims to provide pension to artisans in their old age, recognizing their contribution to traditional crafts. Under this scheme, eligible craftspersons receive a monthly grant of ₹2,000/-.","A monthly grant of ₹2,000/-. This financial assistance continues until the lifetime of the beneficiary, subject to renewal every year. In the case of the craftsperson's death, the living spouse is entitled to receive ₹1,000/- per month.","The applicant should be an artisan who has attained the age of 60 years. The artisan should be a native or resident of the Union Territory of Puducherry for at least 5 years. The artisan should have practised the craft for at least 5 years in the Union Territory of Puducherry. The family income from all sources should not exceed ₹40,000 per annum. The applicant should not be a recipient of similar financial assistance from any other source.","Step 1: The interested applicant should take print of the prescribed format of the application form. Step 2: In the application form, fill in all the mandatory fields, paste the passport-sized photograph (signed across, if required), and attach copies of all the mandatory documents (self-attest, if required). Step 3: The interested applicant should visit (on a working day, and during office hours) the General Manager of the District Industries Centre (Thattanchavady, Puducherry - 605 009, 2248391, 2249392, 2248987, dic_pdy@bsnl.in), and submit the duly filled and signed application form and the documents to the concerned authority. Step 4: On receipt of the application, necessary entries will be made in the application receipt register and a unique number is assigned to the applicant for identifying each applicant which shall be used for all further references and also as acknowledgement for the receipt of the application.",Proof of Age. Residence Certificate of the Union Territory of Puducherry. Evidence of Practising the Craft for at Least 5 Years in the Union Territory of Puducherry. Income Certificate. Declaration Stating the Non-receipt of Similar Financial Assistance From Any Other Source.,State,Social welfare & Empowerment,,"Pension, Senior Citizen, Handicraft, Death"
"Outstanding Artisan of the Year under “Motivation of Entrepreneurs to Start Industries and Fiscal Assistance to Industries - State Awards to Micro, Small and Medium Enterprises”",oay-mesifai-sa-msme,"Outstanding Artisan of the Year under “Motivation of Entrepreneurs to Start Industries and Fiscal Assistance to Industries - State Awards to Micro, Small and Medium Enterprises” is a scheme by the Industries and Commerce Department, Union Territory of Puducherry. The award is conferred upon the artisan who has been a participant for 3 years in National / International handicraft exhibitions/fairs. The awardee is given a cash award of ₹2,00,000/- and a citation. The applications are accepted offline in the prescribed form available on the Official Website of the Department.","Cash Award of ₹2,00,000/- and a Citation.",The applicant should be an Artisan. The applicant should have been a participant for 3 years in National / International handicraft exhibitions/fairs.,"The Director of Industries will invite the application for award by wide publicity. Step 1: The artisan should apply for the award in the prescribed form available on the Official Website of the Directorate of Industries and Commerce, Puducherry. Step 2: In the application form, fill in all the mandatory fields, and attach copies of all the mandatory documents (self-attest, if required). Step 3: The artisan should submit the duly filled and signed application form and the documents to the concerned authority either in person or by post. Post-Application Process Step 1: The applications shall be scrutinised by the Directorate of Industries and Commerce on a merit basis for the grant of state awards will be placed before the award Committee. Step 2: The Committee for the awards will go into the merits of each case for granting the award. Step 3: The list of selected artisans shall be notified and informed by the Director of Industries to the enterprises to receive the awards.","Proof of participation in National / International handicraft exhibitions/fairs. Any other document, as required by the Award Committee.",State,Business & Entrepreneurship,,"Artisan, Handicraft, Exhibition, Award, Entrepreneur"
"Outstanding Entrepreneur under “Motivation of Entrepreneurs to Start Industries and Fiscal Assistance to Industries - State Awards to Micro, Small and Medium Enterprises”",oe-mesifai-sa-msme,"Outstanding Entrepreneur under “Motivation of Entrepreneurs to Start Industries and Fiscal Assistance to Industries - State Awards to Micro, Small and Medium Enterprises” is a scheme by the Industries and Commerce Department, Union Territory of Puducherry. The scheme is formulated under the New Industrial Policy 2016, introduced on 4th October 2016. The 'State Award' Schemes are formulated to provide awards for the best outstanding Entrepreneurs/Enterprises conforming to the New Industrial Policy 2016. The scheme is in operation in the whole of the UT of Puducherry. The applications are accepted offline in the prescribed form available on the Official Website of the Department.","Cash Award of ₹2,00,000/- and a Citation.",The unit shall be functioning profitably for 3 years before the date of application. The unit should provide atleast 60% of employment to the people of UT of Puducherry of the total employment strength of the industrial units.,"The Director of Industries will invite the application for award by wide publicity. Step 1: The industrial unit should apply for the award in the prescribed form available on the Official Website of the Directorate of Industries and Commerce, Puducherry. Step 2: In the application form, fill in all the mandatory fields, and attach copies of all the mandatory documents (self-attest, if required). Step 3: The unit should submit the duly filled and signed application form and the documents to the concerned authority either in person or by post. Post-Application Process Step 1: The applications shall be scrutinised by the Directorate of Industries and Commerce on a merit basis for the grant of state awards will be placed before the award Committee. Step 2: The Committee for the awards will go into the merits of each case for granting the award. Step 3: The list of selected enterprises shall be notified and informed by the Director of Industries to the enterprises to receive the awards.",Entrepreneurs Memorandum Part-2 (UAM/ PMT) Registration/ Commencement of Production Certificate.,State,Business & Entrepreneurship,,"Entrepreneur, Business, Industry, MSME, Award"
"Outstanding Exporter under “Motivation of Entrepreneurs to Start Industries and Fiscal Assistance to Industries - State Awards to Micro, Small and Medium Enterprises”",oexp-mesifai-sa-msme,"Outstanding Exporter under “Motivation of Entrepreneurs to Start Industries and Fiscal Assistance to Industries - State Awards to Micro, Small and Medium Enterprises” is a scheme by the Industries and Commerce Department, Union Territory of Puducherry. The direct manufacture exporters that are exporting for 3 years are conferred with a cash award of ₹2,00,000/- and a citation. The scheme is formulated under the New Industrial Policy 2016, introduced on 4th October 2016. The 'State Award' Schemes are formulated to provide awards for the best outstanding Entrepreneurs/Enterprises conforming to the New Industrial Policy 2016.","Cash Award of ₹2,00,000/- and a Citation.",The unit should be functioning profitably and exporting for 3 years. The exporting industry should be a direct manufacture exporter. The unit should provide at least 60% of employment to the people of UT of Puducherry of the total employment strength of the industrial units.,"The Director of Industries will invite the application for award by wide publicity. Step 1: The industrial unit should apply for the award in the prescribed form available on the Official Website of the Directorate of Industries and Commerce, Puducherry. Step 2: In the application form, fill in all the mandatory fields, and attach copies of all the mandatory documents (self-attest, if required). Step 3: The unit should submit the duly filled and signed application form and the documents to the concerned authority either in person or by post. Post-Application Process Step 1: The applications shall be scrutinised by the Directorate of Industries and Commerce on a merit basis for the grant of state awards will be placed before the award Committee. Step 2: The Committee for the awards will go into the merits of each case for granting the award. Step 3: The list of selected enterprises shall be notified and informed by the Director of Industries to the enterprises to receive the awards.","Proof of Profitable Exports. Proof of being a Direct Manufacture Exporter. Entrepreneurs Memorandum Part-2 (UAM/ PMT) Registration/ Commencement of Production Certificate. Any other document, as required by the Award Committee.",State,Business & Entrepreneurship,,"Export, Award, Business, Industry, MSME"
"Outstanding SC/ST Entrepreneur under “Motivation of Entrepreneurs to Start Industries and Fiscal Assistance to Industries - State Awards to Micro, Small and Medium Enterprises”",oscste-mesifai-sa-msme,"Outstanding SC/ST Entrepreneur under “Motivation of Entrepreneurs to Start Industries and Fiscal Assistance to Industries - State Awards to Micro, Small and Medium Enterprises” is a scheme by the Industries and Commerce Department, Union Territory of Puducherry. The scheme is formulated under the New Industrial Policy 2016, introduced on 4th October 2016. The 'State Award' Schemes are formulated to provide awards for the best outstanding Entrepreneurs/Enterprises conforming to the New Industrial Policy 2016. The scheme is in operation in the whole of the UT of Puducherry. The applications are accepted offline in the prescribed form available on the Official Website of the Department.","Cash Award of ₹2,00,000/- and a Citation.",The unit shall be functioning profitably for 3 years before the date of application. The entrepreneur should be from the Scheduled Caste/ Scheduled Tribe community. The unit should provide at least 60% of employment to the people of UT of Puducherry of the total employment strength of the industrial units.,"The Director of Industries will invite the application for award by wide publicity. Step 1: The industrial unit should apply for the award in the prescribed form available on the Official Website of the Directorate of Industries and Commerce, Puducherry. Step 2: In the application form, fill in all the mandatory fields, and attach copies of all the mandatory documents (self-attest, if required). Step 3: The unit should submit the duly filled and signed application form and the documents to the concerned authority either in person or by post. Post-Application Process Step 1: The applications shall be scrutinised by the Directorate of Industries and Commerce on a merit basis for the grant of state awards will be placed before the award Committee. Step 2: The Committee for the awards will go into the merits of each case for granting the award. Step 3: The list of selected enterprises shall be notified and informed by the Director of Industries to the enterprises to receive the awards.",Entrepreneurs Memorandum Part-2 (UAM/ PMT) Registration/ Commencement of Production Certificate. Community Certificate Obtained From Revenue Department.,State,"Business & Entrepreneurship, Social welfare & Empowerment",,"Scheduled Caste, Scheduled Tribe, Entrepreneur, Business, Industry, MSME"
"Protected Cultivation Component of ""Establishment of New Gardens (Area Expansion)"" Scheme",pccengaes,"Protected Cultivation component of the ""Establishment of New Gardens (Area Expansion)"" scheme under the ""National Horticulture Mission (NHM)"", a Centrally Sponsored Scheme by the Ministry of Agriculture and Farmers Welfare, Govt. of India. In Puducherry, this scheme is implemented by the Department of Agriculture and Farmer's Welfare, Union Territory of Puducherry. Through this scheme, the farmers are provided Poly House, Shade Net House (Tubular Structure), and Plastic Mulching at subsidised rates for practising Protected Cultivation.","Poly House: Naturally Ventilated system (Tubular structure) – Subsidized Cost of ₹467.50/- per square meter. Shade Net House (Tubular Structure): Subsidized Cost of ₹355/- per square meter. Maximum of 4000 square meters per beneficiary. Plastic Mulching: ₹10,000/- per hectare as a subsidy (maximum of 2 hectares per beneficiary).",The applicant should be a resident/native of Puducherry. The applicant should be a Farmer.,"Step 1: The interested applicant should visit (during office hours) the Office of the Additional Director of Agriculture (Horticulture) and request a hard copy of the prescribed format of the application form from the Deputy Director of Agriculture (Horti-NHM) . OR The interested applicant should take print of the prescribed format ﻿ ﻿ of the application form. Step 2: In the application form, fill in all the mandatory fields, paste the passport-sized photograph (signed across, if required), and attach copies of all the mandatory documents (self-attest, if required). Step 3: Submit the duly filled and signed application form and the documents to the Deputy Director of Agriculture (Chemistry). Step 4: On receipt of the application, necessary entries will be made in the application receipt register and a unique number is assigned to the applicant for identifying each applicant which shall be used for all further references and also as acknowledgement for the receipt of the application.","1. Farmer Identity Card. 2. Family Food Ration Card. 3. Voter ID Card. 4. Residence-cum-Nativity Certificate, issued by the Revenue Department. 5. Detailed Project Statement. 6. Soil and Water Test Certificate. 7. Detailed Drawing of the Shade Net/ Green Hut Set Up. 8. Map of Land. 9. Electricity Bill Receipt.",State,"Agriculture,Rural & Environment",,"Cultivation, Farmer, Subsidy, Garden, Horticulture"
"Reactivation Of Fisheries Cooperative Societies Component of the ""Mukhyamantri Maschyajibi Kalyan Yojana"" Scheme",mmky-rfcs,"The ""Reactivation Of Fisheries Cooperative Societies"" Component of the ""Mukhyamantri Maschyajibi Kalyan Yojana"" Scheme was launched by the Fisheries & Animal Resources Development Department, Government of Odisha. The objective of this scheme is to provide a one-time revolving fund of ₹2,00,000/- to each eligible Primary Fishermen Cooperative Society for working capital of the society and improvement of the socio-economic status of the members in the long run. The scheme shall be implemented by the Directorate of Fisheries through the respective District Fisheries Officer. ﻿","A one-time revolving fund of ₹2,00,000/-.","The applicant should be an active Primary Fisherman Cooperative Society (PFCS). The PFCS should have completed at least 1 year from the date of its registration under ""The Odisha Cooperative Societies Act-1962"". The PFCS should be in working condition. The PFCS should not have availed the revolving fund before. The PFCS should be conducting Committee of Management meetings and AGB meetings in time as per the OCS Act and Rules framed there under the Bylaws of the Society. The PFCS  should have paid the Government lease value of the reservoir/ pond if taken on lease as per the Rules. The PFCS should be able to produce last year's audited balance sheets with Profit Loss accounts of the Society from AGCS-empanelled CA firms/auditors. ﻿","The scheme shall be advertised through the Departmental website, newspapers and wall posters in the District and Block Fisheries Offices across the state. Step 1: The interested PFCS should take print of the prescribed format of the application form. Step 2: In the application form, fill in all the mandatory fields, paste the passport-sized photograph (signed across, if required), and attach copies of all the mandatory documents (self-attest, if required). Step 3: Submit the duly filled and signed application form along with the documents to the District Fisheries Officer of the concerned district. Step 4: Request a receipt or acknowledgement from the concerned authority to whom the application has been submitted. Ensure that the receipt contains essential details such as the date and time of submission, and a unique identification number (if applicable).",Passport-size photograph of the Secretary of PFCS. Society Registration Certificate. Resolution Copy of General Body meeting of PFCS. Last one-year Audited Balance Sheet and Profit Loss Account. Receipt of payment of lease value in case of reservoir-based PFCS/ Riverine PFCS/ Marine PFCS. Joint Passbook Bank Account Number with IFSC (President and Secretary). Joint savings account with DFO and its a/c number with IFSC code. Aadhar copy of the president and secretary of PFCS. ﻿,State,"Agriculture,Rural & Environment",,"Society, Fishermen, Financial Assistance"
"Rent Subsidy under ""Motivation of Entrepreneurs to Start Industries and Fiscal Assistance to Industries""",rs-mesifai,"The ""Rent Subsidy"" is a Component of the ""Motivation of Entrepreneurs to Start Industries and Fiscal Assistance to Industries"" Scheme by the Industries and Commerce Department, Union Territory of Puducherry. This scheme aims to support scheduled caste/scheduled tribe and woman entrepreneurs who have initiated production on or after 27-3-2002 in a rented building. It provides rent subsidy for the first five years from the commencement of commercial production on a tapering basis, with a maximum ceiling of ₹5,000 per month, subject to specific conditions. The applications are accepted offline in the prescribed form available on the Official Website of the Department.","Subsidy for the first five years from the date of commencement of commercial production on a tapering basis as below: For the First Two Years: 50% of the Rent. For the Third Year: 40% of the Rent. For the Fourth and Fifth Year: 25% of the Rent. *The claims will be entertained and granted only in respect of units in operation. * The subsidy is subject to a ceiling of ₹5,000/- per month.",The applicant should be an Entrepreneur. The applicant should be a Woman or should be from a Scheduled Caste/ Scheduled Tribe. The applicant should have started production on or after 27th March 2002. The applicant should have started production in a rented building.,"Step 1: The industrial unit should register the claim for the grant of incentive/subsidy in the prescribed form available on the Official Website of the Directorate of Industries and Commerce, Puducherry. Step 2: In the application form, fill in all the mandatory fields, and attach copies of all the mandatory documents (self-attest, if required). Step 3: The unit should submit the duly filled and signed application form and the documents to the concerned authority. Step 4: Request a receipt or acknowledgement from the concerned authority to whom the application form has been submitted. Ensure that the receipt contains essential details such as the date and time of submission, and a unique identification number (if applicable). *The applications will be processed by the Industries Department to obtain sanctions. These cases need not be placed before the said State Level Committee. ﻿ Application Deadline For New Units Within one year from the date of commencement of obtaining the Entrepreneurs Memorandum Part-2/ Permanent Registration/ Commencement of Production Certificate. For Existing Units Within one year of completion of Expansion/ Diversification/ Modernization.",1. Entrepreneurs Memorandum Part-2 (UAM/ PMT) Registration/ Commencement of Production Certificate. 2. Caste certificate from the competent authority in the case of Scheduled Caste/Scheduled Tribe (SC/ST) Entrepreneurs. 3. Loan Sanction Letter. 4. Receipt for the Payment to the Exhibition Organiser for Rent/Space. 5. Notary Affidavit. 6. Receipts for Electricity Charges. 7. Receipts of Sales Tax Returns. 8. Receipts of Rent Payment.,State,Business & Entrepreneurship,,"Rent, Subsidy, Entrepreneur, Industry, Building"
SUPER 30 Scheme,s30s,"The scheme ""Super 30"" was launched by the Directorate of Secondary Education, Government of Tripura. The scheme aims to provide free coaching for JEE/ NEET to the students who are appearing in the class 10th Board Final Examination and want to pursue Science Stream in Class 11th & 12th with the aspiration to crack the JEE / NEET exam.","The scheme covers the coaching fees (capped at ₹1,00,000/-) & the accommodation fees of ₹1,40,000/- per annum (with 5% extra in 2nd year), for attaining a two-year coaching programme for JEE/ NEET at a nationally reputed Coaching Institution outside Tripura. ﻿","The applicant should be a resident of Tripura. The applicant should be a student. The applicant should belong to the Scheduled Tribe (ST)/ Scheduled Caste (SC)/ Person with Disability (PH) community. The student should have passed the class-10th Pre-Board/ Pre-Test Exam from the government-recognized school of Tripura with 50% marks. The applicant should be appearing for the class 10th board final exam. The annual income of the family of the applicant should not exceed ₹1,00,000/-. ﻿","Registration Process: Step 1: Applicant should visit the official website , and click on “Have An Account”. Step 2: Click on “New Account”. Provide your phone number and fill in the captcha code in the designated field. An OTP will be generated and sent to the registered phone number. Step 3: Enter the OTP into the application to verify your phone number. Step 4: Once your phone number is verified, you'll be prompted to create a password for your account. Choose a strong and secure password. Application Process:  Step 1: Log in to the application using your registered phone number and the newly created password. Step 2: You'll be directed to the registration page again. Navigate to the registration section of the application. Step 3: Fill in all the required details in the registration form accurately, and submit the registration form. Step 4 (Optional): Once your registration is successfully submitted, you may have the option to print the application form for your records or further processing. ﻿ ﻿","Original Income Certificate issued by the Sub-Divisional Magistrate (SDM)/ Deputy Commissioner of Magistrate (DCM). Online generated Selection Test Admit Card. Class X Board final mark sheet (60% and above marks applicable) including production of original marksheets. SC/ ST/ PH Certificate (if any). Permanent Resident Tripura Certificate (PRTC). Any other document, as required. ﻿",State,Education & Learning,,"School, Student, Education, Coaching, JEE, NEET"
"Subsidy for Cultivation of Fodder Crops Component of the ""Crop Production Technology"" Scheme",scfc-cpt,"The ""Subsidy for Cultivation of Fodder Crops"" component of the ""Crop Production Technology"" scheme was introduced by the Department of Agriculture and Farmer's Welfare, Union Territory of Puducherry. Through this scheme, cash incentives are distributed to Farmers and Self Help Groups for undertaking fodder cultivation in the Puducherry region.","Cash Incentives @ ₹12,500/hectare.",The applicant should be a resident/native of Puducherry. The applicant should be residing in the Puducherry region. The applicant should be a Farmer. The applicant should be cultivating fodder in the Puducherry region. ﻿,"Step 1: The interested applicant should visit (during office hours) one of the offices given below, and request the hard copy of the prescribed format of the application form from the concerned authority. Agricultural Officers ( Uzhavar Udhaviyagam ). ﻿ Office of the Deputy Director of Agriculture (Inputs), Thattanchavady. ﻿ Office of the Deputy Director of Agriculture (T&V), Bahour, Villianur, Madagadipet. ﻿ Office of the Joint Director of Agriculture (T&V), Bahour, Villianur. OR The interested applicant should take print of the prescribed format  ﻿ of the application form. Step 2: In the application form, fill in all the mandatory fields, paste the passport-sized photograph (signed across, if required), and attach copies of all the mandatory documents (self-attest, if required). Step 3: Submit the duly filled and signed application form and the documents to the concerned authority. Step 4: On receipt of the application, necessary entries will be made in the application receipt register and a unique number is assigned to the applicant for identifying each applicant which shall be used for all further references and also as acknowledgement for the receipt of the application.","Aadhaar Card. Ration Card. Applicant's Photo. Farmer's Identity Card. Bank Passbook. FMB (Field Measurement Book). Residence-cum-Nativity Certificate, issued by the competent authority.",State,"Agriculture,Rural & Environment",,"Subsidy, Cultivation, Fodder, Farmer, Agriculture"
"Subsidy for Quality Certification under ""Motivation of Entrepreneurs to Start Industries and Fiscal Assistance to Industries - Various incentives""",sqc-mesifai-vi,"Subsidy for Quality Certification under ""Motivation of Entrepreneurs to Start Industries and Fiscal Assistance to Industries - Various incentives"" is a scheme by the Industries and Commerce Department, Union Territory of Puducherry. The scheme came into force with effect from 1st April 2017, and is in operation in the whole of the UT of Puducherry. Through this scheme, assistance is granted for a maximum of 3 quality certifications @ 50% of the cost of quality certification with a ceiling of ₹2,00,000/- per unit.","Assistance is granted for a maximum of 3 quality certifications @ 50% of the cost of quality certification with a ceiling of ₹2,00,000/- per unit. Number of Installments In single or multiple installments, depending on the availability of fund. Mode of Disbursement The subsidy amount shall be disbursed through the financial institutions/banks only, if the unit is financed by them, towards the adjustment against the loan availed by the entrepreneurs or for the creation of additional fixed assets or for the working capital purposes. In case of self-financed units, the subsidy shall be disbursed directly to the entrepreneur/unit. *The financial institution shall mean and include PIPDIC or any other Government Corporation, Scheduled Banks including Co-operative Banks.","All the Micro, Small, Medium and Large Industries are eligible. The Unit should have made the investment on or after 1st April 2017. The unit should provide at least 60% of employment to the people of the Union territory of Puducherry of the total employment strength of the industrial units. This 60% of the local employment will have to be maintained by the industrial unit during the period specified in the Affidavit. The cost of the certificate will include fees charged by the certification agency, approved by the Quality Council of India (QCI) (excluding travel, hotel and surveillance charges). The industrial unit shall not transfer or dispose of the fixed asset including plant and machinery in any manner till the completion of 5 years from the date of submitting the application/disbursement of the subsidy whichever is later. The additional investments made by the new/existing industrial units after availing first claim is also eligible for subsidy up to the ceiling limit. *The date of commencement as admitted by the entrepreneurs shall be reckoned after due verification by the officials of the Industries Department. ﻿ Special Cases If, two or more industrial undertakings are set up by the same person as proprietor, common partners, common Board of Directors/shareholders, such units are eligible for subsidy as separate entity provided the location of the unit are different and licenses /clearances/ registrations are obtained separately for the enterprises.","Step 1: The industrial unit should register the claim for the grant of incentive/subsidy in the prescribed form available on the Official Website of the Directorate of Industries and Commerce, Puducherry. Step 2: In the application form, fill in all the mandatory fields, and attach copies of all the mandatory documents (self-attest, if required). Step 3: The unit should submit the duly filled and signed application form and the documents to the concerned authority. Step 4: Request a receipt or acknowledgement from the concerned authority to whom the application form has been submitted. Ensure that the receipt contains essential details such as the date and time of submission, and a unique identification number (if applicable). Post-Application Process Step 1: The applications shall be scrutinized by the Directorate of the Industries on merit basis for the grant of incentives/subsidies/assistances to determine the quantum of amount admissible will be placed before the State Level Committee. Step 2: The State Level Committee will go into the merits of each case to decide whether the unit qualifies for the grant of incentive/subsidy and will recommend the quantum of incentive/subsidy admissible to the unit. Application Deadline For New Units Within one year from the date of commencement of obtaining the Entrepreneurs Memorandum Part-2/ Permanent Registration/ Commencement of Production Certificate. For Existing Units Within one year of completion of Expansion/ Diversification/ Modernization.","Entrepreneurs Memorandum Part-2 (UAM/ PMT) Registration/ Commencement of Production Certificate. Caste certificate from the competent authority in the case of Scheduled Caste/Scheduled Tribe (SC/ST) Entrepreneurs. Loan Sanction Letter. Chartered Accountant Certificate for the Payment Made to the Quality Certifying Agency / Patent Attorney / Technical Providing Institution & Agency. Approval Copy Obtained from the Director of Industries after Signing the Memorandum of Understanding (MOU) with the Technology-Providing Institution/Agency. Month-wise Interest Paid Statement from the Finance Institution/Bank Along with No-due Certificate. List of Employees Covered Under the Provident Fund Scheme Along with Wage/Salary Payment Particulars. Provident Fund Remittance for the Claiming Period. Approval from the Quality Council of India for the Certifying Agency. Quality Certificates. Receipt for the Payment to the Quality Certifying Agency (if Applicable). Patent (if Applicable). Receipt for the Payment to the Patent Attorney (if Applicable). Registration Certificate of Membership with Export Promotion Council / Federation of Indian Export Organization (FIEO). Prior Approval of the Director of Industries and Commerce for Participation in the Exhibition/Trade Fair. Receipt for the Payment to the Exhibition Organizer for Rent/Space. Bill/Invoices for Printing Charges of Literature and Display Material. Chartered Accountant Certificate for the Payment Made to the Exhibition Organizer, Literature, and Display Material. Original Copy of the Catalogue/Printing Material Prepared for Exhibition/Trade Fair. Brochure/Catalogue of Exhibition/Trade Fair. Photographs of the Applicant's Stall in the Exhibition/Trade Fair. Recognition/Accreditation for Energy/Water Auditing Institution/Consultant (if Applicable). Energy/Water Audit Report. Chartered Accountant Certificate for the Payment Made to the Energy/Water Audit Institution/Agency. Receipt for the Payment to the Energy/Water Institution/Agency. *The industrial unit shall have to furnish the details of production, employment and other information every year and from time to time as sought by the Industries and Commerce Department.",State,Business & Entrepreneurship,,"Quality, Certification, Industry, Entrepreneur, MSME, Business"
"Subsidy for the Purchase of Fiber-reinforced Plastic Cattamaran/ Vallam/ Wooden Nava/ Marine Plywood Canoe With Nets under ""Financial Assistance for Availing Subsidy Components for the Development of Marine Fisheries""",spfrpcvwnmpcn-faascdmf,"The scheme ""Subsidy for the Purchase of Fiber-reinforced Plastic Cattamaran/ Vallam/ Wooden Nava/ Marine Plywood Canoe With Nets"" is a Sub-Component under the Umbrella Scheme ""Financial Assistance for Availing Subsidy Components for the Development of Marine Fisheries"" by the Department of Fisheries and Fishermen Welfare, Government of Puducherry. The scheme is introduced with the objective of increasing marine fish production by extending subsidies to the fishermen for the procurement of fiber-reinforced plastic vallam with nets.","50% subsidy subject to a maximum of ₹50,000 per unit in case of fibre-reinforced plastic catamaran and marine plywood canoe with nets, linked to own finance/loan component from National Co-operative Development Corporation/bank. 50% subsidy subject to a maximum of ₹1,00,000 per unit in case of fibre-reinforced plastic vallam with nets, linked to own finance/loan component from National Co-operative Development Corporation/bank. 50% subsidy subject to a maximum of ₹40,000 per unit in respect of wooden nava with net, linked to own finance/loan component from National Co-operative Development Corporation/bank. 50% subsidy to a maximum of ₹5,000 per unit for the procurement of inland catamaran with nets (unit cost ₹10,000). *The rate of subsidy may be fixed by the Government from time to time.","The applicant should either belong to the fishermen community or be one of those professionally engaged in fishing/fish trade occupation on a full-time basis/prospective entrepreneurs. The applicant must have resided in the Union territory of Puducherry for a continuous period of not less than five years at the time of applying for extending subsidies/ grants. The applicant must have been enrolled as a member of the Fishermen Co-operative Society and be above the age of 23 years and below 60 years. The applicant must not have been a recipient of Old Age Pension, issued by the department. The applicant should not be employed in Government/ Government Undertakings/Fishermen Co-operative Society. The applicant must not have any dues to be paid to the Department/Fishermen Co-operative Societies at the time of making the application. In the case of male applicants, they should possess sea fishing experience in any mechanized or motorized/non-motorized traditional crafts for a minimum period of 5 years, issued by the owners. In the case of women applicants, they should possess five years of fish trade experience issued by the Village Panchayat concerned. The applicant should be ready to deposit 50% of the cost of craft and net with the Federation/Marketing Union/the Fishermen Co-operative Societies as per the norms/pattern of assistance modified from time to time.","Step 1: The interested applicant should visit the Office/ Sub-Office of the Department of Fisheries and Fishermen Welfare. Step 1: The interested applicant should request the hard copy of the prescribed format of the application form from the concerned authority. Step 2: In the application form, fill in all the mandatory fields, paste the passport-sized photograph (signed across, if required), and attach copies of all the mandatory documents (self-attest, if required). Step 3: Submit the duly filled and signed application form along with the documents to the concerned authority. Step 4: Request a receipt or acknowledgment from the concerned authority to whom the application has been submitted. Ensure that the receipt contains essential details such as the date and time of submission, and a unique identification number (if applicable).","Passport Sized Photograph. Aadhaar Card. Election Photo Identity Card (for Proof of Identity). Ration Card (for Proof of Address). Birth Certificate (for Proof of Age). Membership Certificate from the President/Administrator of Fishermen/Fisherwoman Co-operative Society (in the case of fishermen). Document attesting full-time engagement in fishing or fish trade occupation (in the case of Fish Traders). Residence Certificate indicating a continuous period of not less than five years in the Union territory of Puducherry (from Deputy Tahsildar of the Area of Residence). Enrollment certificate as a member of the Fishermen Co-operative Society. Declaration of not being a recipient of Old Age Pension. Declaration of not being employed in Government/Government Undertakings/Fishermen Co-operative Society. Declaration certifying that the applicant has no outstanding dues to the Department/Fishermen Co-operative Societies at the time of application. Proof of Sea Fishing Experience (for male applicants). Proof of Fishing Trade Experience, issued by the Village Panchayat (for female applicants). Loan Sanction Orders/Acceptance for Loan Sanction from the Bank/National Co-operative Development Corporation.",State,"Agriculture,Rural & Environment",,"Subsidy, Boat, Fisherman, Financial Assistance, Procurement"
"Subsidy to Pollution Control Equipment under ""Motivation of Entrepreneurs to Start Industries and Fiscal Assistance to Capital Intensive Industries""",spce-mesifa-cii,"Subsidy to Pollution Control Equipment under ""Motivation of Entrepreneurs to Start Industries and Fiscal Assistance to Capital Intensive Industries"" is a scheme by the Industries and Commerce Department, Union Territory of Puducherry. The scheme came into force with effect from 1st April 2017 and is in operation in the whole of the UT of Puducherry. Through this scheme, the units which are installing pollution control equipment will be granted subsidy @ 25% up to a max. of ₹5,00,000/-. The applications are accepted offline in the prescribed form available on the Official Website of the Department.","Subsidy of 25%, up to a maximum of ₹5,00,000/-. *The assistance will be allowed on the basis of expenditure incurred and eligible assets created towards installation of pollution control equipment as specified by the Pondicherry Pollution Control Committee. Number of Installments In single or multiple installments, depending on the availability of fund. Mode of Disbursement The subsidy amount shall be disbursed through the financial institutions/banks only, if the unit is financed by them, towards the adjustment against the loan availed by the entrepreneurs or for the creation of additional fixed assets or for the working capital purposes. In case of self-financed units, the subsidy shall be disbursed directly to the entrepreneur/unit. *The financial institution shall mean and include PIPDIC or any other Government Corporation, Scheduled Banks including Co-operative Banks.","The unit should have installed pollution control equipment. The assistance will be allowed only on the basis of expenditure incurred and eligible assets created towards installation of pollution control equipment as specified by the Pondicherry Pollution Control Committee. The unit should provide at least 60% of employment to the people of the Union territory of Puducherry of the total employment strength of the industrial units. This 60% of the local employment will have to be maintained by the industrial unit during the period specified in the Affidavit. The industrial unit shall not transfer or dispose of the fixed asset including plant and machinery in any manner till the completion of 5 years from the date of submitting the application/disbursement of the subsidy whichever is later. The additional investments made by the new/existing industrial units after availing the first claim are also eligible for subsidy up to the ceiling limit. *The units which have commenced commercial production on or after 1-4-2017 are considered new industries. *The units which have commenced production before 1-4-2017 are considered as existing units. *The date of commencement as admitted by the entrepreneurs shall be reckoned after due verification by the officials of the Industries Department. Special Cases If, two or more industrial undertakings are set up by the same person as proprietor, common partners, common Board of Directors/shareholders, such units are eligible for subsidy as separate entity provided the location of the unit are different and licenses /clearances/ registrations are obtained separately for the enterprises.","Step 1: The industrial unit should register the claim for the grant of incentive/subsidy in the prescribed form available on the Official Website of the Directorate of Industries and Commerce, Puducherry. Step 2: In the application form, fill in all the mandatory fields, and attach copies of all the mandatory documents (self-attest, if required). Step 3: The unit should submit the duly filled and signed application form and the documents to the concerned authority. Step 4: Request a receipt or acknowledgement from the concerned authority to whom the application form has been submitted. Ensure that the receipt contains essential details such as the date and time of submission, and a unique identification number (if applicable). Post-Application Process Step 1: The applications shall be scrutinized by the Directorate of the Industries on merit basis for the grant of incentives/subsidies/assistances to determine the quantum of amount admissible will be placed before the State Level Committee. Step 2: The State Level Committee will go into the merits of each case to decide whether the unit qualifies for the grant of incentive/subsidy and will recommend the quantum of incentive/subsidy admissible to the unit. Application Deadline For New Units Within one year from the date of commencement of obtaining the Entrepreneurs Memorandum Part-2/ Permanent Registration/ Commencement of Production Certificate. For Existing Units Within one year of completion of Expansion/ Diversification/ Modernization.","Entrepreneurs Memorandum Part-2 (UAM/ PMT) Registration/ Commencement of Production Certificate. Caste certificate from the competent authority in the case of Scheduled Caste/Scheduled Tribe (SC/ST) Entrepreneurs. Loan Sanction Letter. Registered Land Document. Plan Approval from the Pollution Control Board (PPA). Engineer’s Certificate for Building Valuation Assessed by Public Works Department (PWD)/Pondicherry Industrial Promotion Development and Investment Corporation (PIPDIC). Registered Lease Agreement for the Building Executed Between the Developer and the Unit. Purchase Invoices for Plant & Machinery/ Pollution Equipment/ Generator. Chartered Accountant Certificate for the Investment in Fixed Assets / Pollution Control Equipment / Generator. Certificate for the Installation of Pollution Control Equipment Obtained from the Directorate of Sustainable Technologies and Environmental (DSTE). Air/Water Consent Orders Obtained from DSTE. Notary Affidavit. Certificate [consent to operate (air/water)] from Pondicherry Pollution Control Committee. *The industrial unit shall have to furnish the details of production, employment and other information every year and from time to time as sought by the Industries and Commerce Department.",State,Business & Entrepreneurship,,"Subsidy, Pollution, Equipment, MSME, Business, Industry"
"Sugarcane Nursery Premium Sub-Scheme of the ""Crop Production Technology"" Scheme",snpsscpts,"The ""Sugarcane Nursery Premium"" Sub-Scheme of the ""Crop Production Technology"" Scheme is introduced by the Department of Agriculture and Farmer's Welfare, Union Territory of Puducherry. Through this scheme, the farmers are provided Nursery Premium for Raising Seed Material to Plant One Hectare of Sugarcane.","Nursery Premium for Raising Seed Material to Plant One Hectare of Sugarcane (10 Ares (25 Cents) of Nursery @ ₹4,000/-)",The applicant should be a resident/native of Puducherry. The applicant should be a Farmer.,"Step 1: The interested applicant should visit (during office hours) one of the offices given below, and request the hard copy of the prescribed format of the application form from the concerned authority. ﻿ Agricultural Officers (Uzhavar Udhaviyagam). Office of the Deputy Director of Agriculture (Inputs) , Thattanchavady. Office of the Deputy Director of Agriculture (T&V) , Bahour, Villianur, Madagadipet. Office of the Joint Director of Agriculture (T&V) , Bahour, Villianur. Step 2: In the application form, fill in all the mandatory fields, paste the passport-sized photograph (signed across, if required), and attach copies of all the mandatory documents (self-attest, if required). Step 3: Submit the duly filled and signed application form and the documents to the concerned authority. Step 4: On receipt of the application, necessary entries will be made in the application receipt register and a unique number is assigned to the applicant for identifying each applicant which shall be used for all further references and also as acknowledgement for the receipt of the application.",Aadhaar Card. Applicant's Photo. Farmers Identity Card. Field Measurement Book. Sugar Mill Payment Report.,State,"Agriculture,Rural & Environment",,"Sugarcane, Nursery, Seed, Financial Assistance, Farmer"
"Training in Handicrafts Component of the ""Development Of Handicrafts"" Scheme",tihcdohs,"The ""Training in Handicrafts"" Component of the ""Development Of Handicrafts"" Scheme by the Department of Industries and Commerce, Government of Puducherry, aims to create better employment opportunities and enhance the livelihood of the rural poor. The training adopts a Gurukulam model, emphasizing learning the craft within its environment.","Trainees will receive a stipend of ₹1,500 per month. Master craftspersons will be compensated with an honorarium of ₹300 per trainee (up to ₹3,000 per month), and ₹150 per trainee per month for raw material wastage (up to ₹1,500 per month). The Training commences in December and is for a period of 6 months. ﻿ Crafts Practiced Soapstone carving, Pith Craft, Tapestry, Wood carving, Bronze Icon, Serpentine stone carving, Terracotta, Tanjore Painting, Leather goods, Crochet, Paper Machine, Hand Printed Textile, Shell items, Palm Leaf articles, Embroidery and appliqué works, Mat Weaving, Batik Printing, Pottery/Clay toys/Ceramic, Miniature painting & printing, Cloth & Stuffed dolls, Decorative wax candles, Hand knitted Hammacks, Cane & Bamboo, Semi-precious stones and jewellery, Glazed art pottery, Dry flowers, Lampshade - Jute and paper, Wire craft, Fibre craft.",The applicant should be a native of the Union Territory of Puducherry or a continuous resident for the past three years. The applicant should be between 18 and 35 years of age.,"Step 1: The interested applicant should take print of the prescribed format of the application form. Step 2: In the application form, fill in all the mandatory fields, paste the passport-sized photograph (signed across, if required), and attach copies of all the mandatory documents (self-attest, if required). Step 3: The interested applicant should visit (on a working day, and during office hours) the Project Manager (Cottage Industries), and submit the duly filled and signed application form and the documents to the concerned authority. Step 4: On receipt of the application, necessary entries will be made in the application receipt register and a unique number is assigned to the applicant for identifying each applicant which shall be used for all further references and also as acknowledgement for the receipt of the application.",Birth Certificate/ Residential Certificate. Age Proof.,State,Skills & Employment,,"Training, Handicrafts, Craft, Stipend, Trainee"
"Training in Silk Component of the ""Development of Silk"" Scheme",ts-ds,"The ""Training in Silk"" Component of the ""Development of Silk"" Scheme by the Department of Industries and Commerce, Union Territory of Puducherry, aims to revamp the silk weaving industry and generate employment. It offers comprehensive one-year training to equip individuals with the necessary skills. The objective is to develop silk and silk-based industry, to train rural youth in silk weaving and to generate employment thereby.",For Trainees Monthly stipend of ₹1500. For Master Trainer An honorarium of ₹500 per trainee per month (up to ₹5000). A compensation of ₹500 per trainee per month for raw materials (up to ₹5000).,The age of the applicant should be between 18 and 35 years. The applicant should be literate. The applicant should be a native of Puducherry or a continuous resident of Puducherry for three years. The applicant should not have already been trained before through this scheme.,"Step 1: The interested applicant should take print of the prescribed format of the application form. Step 2: In the application form, fill in all the mandatory fields, paste the passport-sized photograph (signed across, if required), and attach copies of all the mandatory documents (self-attest, if required). Step 3: The interested applicant should visit (on a working day, and during office hours) the Project Manager, District Industries Centre (Thattanchavady, Puducherry - 605 009), and submit the duly filled and signed application form and the documents to the Project Manager. Step 4: On receipt of the application, necessary entries will be made in the application receipt register and a unique number is assigned to the applicant for identifying each applicant which shall be used for all further references and also as acknowledgement for the receipt of the application.",Birth Certificate. Residence Certificate. Any other document as required by the District Industries Centre.,State,"Skills & Employment, Business & Entrepreneurship",,"Skill, Training, Silk, Industry, Employment, Youth"
"Vocational Training Component of the ""Development of Industries"" Scheme",vt-pudu,"The ""Vocational Training"" Component of the ""Development of Industries"" Scheme by the District Industries Centre, Department of Industries and Commerce, Union Territory of Puducherry aims to create more employment opportunities broadly for the unemployed youth particularly women to pursue wide career openings besides self-ventures by giving training in trades like Tailoring & Embroidery, Beauty Parlour, Arts & Design. The training is institution oriented.","Institution-oriented training in trades like Tailoring & Embroidery, Beauty Parlour, Arts & Design. Stipend to Trainee: ₹1,500/- per month. Honorarium to the Master Trainer: ₹ 300/- per trainee per month. An amount of ₹150/- per trainee per month will be paid to the training institution towards compensation for wastage of raw materials. Commencement of Training: In September. Period of Training: 6 months.",The applicant should be between 18 and 35 years of age. The applicant should be unemployed. The applicant should have passed Class 10th (SSLC) passed. The applicant should be a native of the Union Territory of Puducherry (or) continuous resident of the area for the past three years.,"Step 1: The interested applicant should take print of the prescribed format of the application form. Step 2: In the application form, fill in all the mandatory fields, paste the passport-sized photograph (signed across, if required), and attach copies of all the mandatory documents (self-attest, if required). Step 3: The interested applicant should visit (on a working day, and during office hours) the General Manager of the District Industries Centre (Thattanchavady, Puducherry - 605 009, 2248391, 2249392, 2248987, dic_pdy@bsnl.in), and submit the duly filled and signed application form and the documents to the concerned authority. Step 4: On receipt of the application, necessary entries will be made in the application receipt register and a unique number is assigned to the applicant for identifying each applicant which shall be used for all further references and also as acknowledgement for the receipt of the application. *The filled applications will be scrutinized and called for an interview once a quarter. The successful candidates' applications will be forwarded to the respective banks for further action.","Aadhaar Card. Applicant's Passport-sized Photo. Residence-cum-Nativity Certificate, issued by the competent authority. Age Proof. Educational Certificates/Marksheets.",State,Skills & Employment,,"Vocational, Training, Skill, Stipend, Unemployed, Youth"
"'Financial Assistance for Setting Up of Sales Emporia by Industrial Associations, Handicrafts Societies and Recognized Institutions' under 'Marketing And Publicity'",fasuseiahsri-mp,"The scheme 'Financial Assistance for Setting Up of Sales Emporia by Industrial Associations, Handicrafts Societies and Recognized Institutions' under 'Marketing And Publicity'  was launched by the Department of Industries and Commerce, Union Territory of Puducherry. Through this scheme, financial support will be provided via the Industrial Associations, Handicrafts Societies and Recognized Institutions for promotion of Handicrafts, Coir, Jute, Micro and Small Industrial products, i.e. for acquiring suitable buildings/premises and providing infrastructure facilities for setting up of Sales emporia locally and in important cities in India.","Financial support via the Industrial Associations, Handicrafts Societies and Recognized Institutions. Promotion of Handicrafts, Coir, Jute, Micro and Small Industrial products. Acquisition of suitable buildings/premises and infrastructure facilities for setting up of Sales Emporia locally and in important cities in India.",The applicant should be an artisan/unit industrialist from Puducherry.,"Step 1: The interested applicant should take print of the prescribed format of the application form. Step 2: In the application form, fill in all the mandatory fields, paste the passport-sized photograph (signed across, if required), and attach copies of all the mandatory documents (self-attest, if required). Step 3: The interested applicant should visit (on a working day, and during office hours) the District Industries Centre (Thattanchavady, Puducherry - 605 009), and submit the duly filled and signed application form and the documents to the concerned authority. Step 4: On receipt of the application, necessary entries will be made in the application receipt register and a unique number is assigned to the applicant for identifying each applicant which shall be used for all further references and also as acknowledgement for the receipt of the application.",Proof of Registration as an Artisan/Unit Industrialist from Puducherry. Any Other Document as Required by the District Industries Centre.,State,Business & Entrepreneurship,,"Sales, MSME, Business, Emporia, Handicraft, Coir, Infrastructure"
"'Grant-in-Aid to Industrial Association, CII, Industrial NGOs for Promotion of SME Clusters' under 'Marketing And Publicity'",giaiacinpsc,"The scheme 'Grant-in-Aid to Industrial Association, CII, Industrial NGOs for Promotion of SME Clusters' under 'Marketing And Publicity'  was launched by the Department of Industries and Commerce, Union Territory of Puducherry. Through this scheme, financial assistance is provided to the Industrial Associations, CII, and Industrial NGOs for the promotion of the SME Cluster. The financial assistance is 75% of the actual cost, subject to a maximum of ₹3,00,000/- per unit in cluster.","The financial assistance is 75% of the actual cost, subject to a maximum of ₹3,00,000/- per unit in cluster.",The applicant should be an Industrial Association/ CII/ Industrial NGO.,"Step 1: The interested applicant should take print of the prescribed format of the application form. Step 2: In the application form, fill in all the mandatory fields, paste the passport-sized photograph (signed across, if required), and attach copies of all the mandatory documents (self-attest, if required). Step 3: The interested applicant should visit (on a working day, and during office hours) the District Industries Centre (Thattanchavady, Puducherry - 605 009), and submit the duly filled and signed application form and the documents to the concerned authority. Step 4: On receipt of the application, necessary entries will be made in the application receipt register and a unique number is assigned to the applicant for identifying each applicant which shall be used for all further references and also as acknowledgement for the receipt of the application.",Proof of Registration as an Industrial Association/ CII/ Industrial NGO. Any Other Document as Required by the District Industries Centre.,State,Business & Entrepreneurship,,"Industry, NGO, Marketing, Publicity, Financial Assistance"
"'Organizing/ Participation in Exhibitions /Trade Fairs /Expo /Seminars /Investors Meets, etc' under 'Marketing And Publicity'",opetfesime-mp,"The scheme 'Organizing/ Participation in Exhibitions /Trade Fairs /Expo /Seminars /Investors Meets, etc' under 'Marketing And Publicity'  was launched by the Department of Industries and Commerce, Union Territory of Puducherry. Through this scheme, Promotion Campaigns, Investors Meets, Seminars etc., are arranged both within India and abroad, to attract industries to invest in Puducherry. This will help them in increasing the marketability of these products.","Promotion Campaigns, Exhibitions, Trade Fairs, Investors Meets, Seminars etc., are arranged in important towns/cities of India and abroad, for the market promotion (display cum sale) for (MSME) products (industrial products, handicraft products, cottage industries products, etc). The participating artisans/unit industrialists are paid traveling expenses restricted to second-class railway fare and Daily Allowance (DA) at the rate of ₹400/- per day per person. Payment of honorarium and winter clothing for the officials of this department on duty in India International Trade Fair, New Delhi and other Fair/ Exhibitions held in other major cities. (a) Honorarium at the rate of ₹400/- per day in addition to the normal DA. (b) Winter clothing allowance not exceeding ₹3,500/- during such trade fair.",The applicant should be an artisan/unit industrialist from Puducherry.,"Step 1: The interested applicant should take print of the prescribed format of the application form. Step 2: In the application form, fill in all the mandatory fields, paste the passport-sized photograph (signed across, if required), and attach copies of all the mandatory documents (self-attest, if required). Step 3: The interested applicant should visit (on a working day, and during office hours) the District Industries Centre (Thattanchavady, Puducherry - 605 009), and submit the duly filled and signed application form and the documents to the concerned authority. Step 4: On receipt of the application, necessary entries will be made in the application receipt register and a unique number is assigned to the applicant for identifying each applicant which shall be used for all further references and also as acknowledgement for the receipt of the application.",Proof of Registration as an Artisan/Unit Industrialist from Puducherry. Any Other Document as Required by the District Industries Centre.,State,Business & Entrepreneurship,,"Exhibition, Marketing, Investment, Campaign, Handicraft, Honorarium"
'Rent Subsidy for Sales Emporia Established by Handicrafts / Micro & Small Industries Emporium' under 'Marketing And Publicity',rsseehmsie-mp,"The scheme 'Rent Subsidy for Sales Emporia Established by Handicrafts / Micro & Small Industries Emporium' under 'Marketing And Publicity'  was launched by the Department of Industries and Commerce, Union Territory of Puducherry. Through this scheme, financial support will be provided via the Industrial Associations, Handicrafts Societies and Recognized Institutions for promotion of Handicrafts, Coir, Jute, Micro and Small Industrial products, i.e. for acquiring suitable buildings/premises and providing infrastructure facilities for setting up of Sales emporia locally and in important cities in India.","Rent subsidy to Sales Emporium/Showroom at the rate of 90% subsidy subject to maximum of ₹10, 000/- per month for three years. Financial assistances for providing infrastructure facilities to such buildings/premises. 75% of the expenses of infrastructure facilities / interior decoration works in the Sales Emporia buildings/premises to be borne under the scheme, subject to maximum of ₹1,50,000 or the actual whichever is less, for a minimum period of 3 years.",The applicant should own a Sales Emporium/Showroom in Puducherry.,"Step 1: The interested applicant should take print of the prescribed format of the application form. Step 2: In the application form, fill in all the mandatory fields, paste the passport-sized photograph (signed across, if required), and attach copies of all the mandatory documents (self-attest, if required). Step 3: The interested applicant should visit (on a working day, and during office hours) the District Industries Centre (Thattanchavady, Puducherry - 605 009), and submit the duly filled and signed application form and the documents to the concerned authority. Step 4: On receipt of the application, necessary entries will be made in the application receipt register and a unique number is assigned to the applicant for identifying each applicant which shall be used for all further references and also as acknowledgement for the receipt of the application.",Proof of Possession of a Sales Emporium/Showroom in Puducherry. Any Other Document as Required by the District Industries Centre.,State,Business & Entrepreneurship,,"Rent, Subsidy, Handicrafts, MSME, Business, Showroom"
15 Days Skill Up-gradation Training,15dsugt,"The A. P. Building and Other Construction Workers Welfare Board launched a welfare scheme ""15 Days Skill Up-gradation Training"". The scheme aims to provide skill training, safety, and hygiene education for building and other construction workers registered with the Andhra Pradesh Building and Other Construction Workers Welfare Board. Upon successful completion of the training, workers will receive stipends and tool kits. This scheme will help workers acquire new skills or upgrade existing ones, improving their productivity and employability.","Stipend of ₹7,000/-. Skill development training for construction workers. Tool kits provided post-training.",The applicant should be a registered construction worker under the Andhra Pradesh Building and Other Construction Workers Welfare Board.,"Step-1: The interested applicant should visit (during office hours) the A.P. Building & Other Construction Workers Welfare Board and request a hard copy of the prescribed format of the application form from the staff exclusively entrusted to issue and collect filled-in applications. Step-2: In the application form, fill in all the mandatory fields, and attach copies of all the mandatory documents (self-attest, if required). Step-3: Submit the duly filled and signed application form along with the documents to the Assistant Labour Officer/Assistant Commissioner of Labour. Step-4: Request a receipt or acknowledgement from the Assistant Labour Officer/Assistant Commissioner of Labour to whom the application has been submitted. Ensure that the receipt contains essential details such as the date and time of submission, and a unique identification number (if applicable).",Aadhaar Card of the Worker. Registration Certificate with the Welfare Board. Bank Account Details. Any Other Documents if required.,State,Skills & Employment,,"Stipend, Construction Worker, Skill Upgradation, Training"
25% Capital Investment Subsidy Scheme,25-ciss,"Introduction: The Union Territory of Lakshadweep has been declared as the “No industrial Area” and hence no scope for establishing major Industries in this UT. The Govt. of India is giving significant emphasis on setting up Small-Scale Industrial units for the economic development of the Islands in order to create self-employment/ job opportunities considering the lack of employment in the Government Sector under the U.T. Administration. Specific studies were conducted by the Planning Commission in pursuance of the decision taken by the Standing Committee of the Island Development Authority and constituted an Expert Committee. The Committee learned about problems of Industrialization in these Islands and identified special needs that would accelerate the Start-up Industries in Lakshadweep. Based on the recommendation of the expert committee, Govt. of India has approved the implementation of a scheme called 25% Capital Investment Subsidy to the local entrepreneurs for promoting Micro and Small Enterprises in Lakshadweep. This scheme paves the way to improve industrialization and to facilitate local entrepreneurs/unemployed youth to take up viable ventures (Micro & Small Enterprises) in the Islands. Objective of the Scheme: •	To promote Micro & Small Enterprises. •	To generate employment opportunities in the private sector. •	Industrial Promotion & Economic Development of the islands.","Under the scheme, financial assistance of 25 % of the total cost of the Enterprise inclusive of land, machinery, and construction limited to the maximum amount of ₹6.25 lakhs will be provided to the eligible entrepreneurs.","Any individual above 18 years of age including Women, ex-servicemen & physically handicapped is eligible to apply under the scheme. New Micro or Small units engaged in manufacturing/servicing except the activities specified in the Negative List are eligible to claim a 25% Capital Investment Subsidy established in Lakshadweep Islands. Micro Enterprises/Units, where the investment in Plant & Machinery and Building below ₹25.00 Lakhs is only eligible under this Scheme. The Entrepreneurs Memorandum Part-II (Permanent Registration) under the MSME Act 2006 filed before the Director of Industries, U.T. of Lakshadweep or Udyog Aadhar registration/otherwise shall be eligible for availing subsidy under this scheme as per Annexure-I . Institutions registered under the Societies Registration Act 1960 and Self-Help Groups that have not availed financial benefits under any other scheme are eligible for a 25% Capital Investment Subsidy. Note: The area of operation of the scheme is in all inhabitant islands of Lakshadweep. Negative List of Activities: The following list of activities will not be permitted under 25% Capital Investment Subsidy Programmes/ Projects/Units. Any industry/business connected with the processing/preparing of intoxicated items like Beedi/Pan/Cigarette etc. Manufacturing of Polythene carry bags of less than 20Microns thickness and manufacture of carry bags or containers made of recycled plastic for storing, carrying, dispensing, or packaging of foodstuff and any other items that cause environmental problems.","Step 01: The Scheme will be advertised/ published through the Panchayat Raj Institution and Lakshadweep website every year to attract more Entrepreneurs. Step 02: Newly established Entrepreneurs shall submit their application form as per the guidelines issued by the Department of Industries to the concerned DCs/SDOs of respective islands along with all the supporting documents. Step 03: The duly constituted Island level Committee under the Chairmanship of DCs/SDOs shall verify the claims submitted by the Entrepreneur and also physically inspect the Units. The same may be forwarded to the Director, Industries in the prescribed format ( Annexure-IV ) with complete details including bills received from the Entrepreneur. A. Island Level Committee except Bitra are as follows: 1. Deputy Collector/ SDOs- Chairman 2. Assistant Engineer (PWD)- Member 3. Senior Auditor/JAO, FPU- Member 4. Senior most Supervisor, Department of Industries - Member Bitra: 1. Assistant Engineer (PWD)- Chairman 2. Authorised Officer Bitra- Member 3. Executive Officer, Panchayat- Member B. District Level Scrutinising Committee 1.	The Secretary (Industries) – Chairman 2.	The Accounts Officer(1), DP - Member 3.	The Superintending Engineer, LPWD- Member 4.	The Director (Plg. & Stats) – Member 5.	The Director of Industries – Member Note: The District Level Committee (DLC) shall verify the details received from the Island Level Committee and recommend the quantum of subsidy to the Beneficiary according to the guidelines.","Photocopy of the Aadhaar Card Caste certificate Bank account details Certificate of physically handicapped, if applicable A certified copy of the Age of Entrepreneurs issued by the Competent Authority is required to be produced with a subsidy claim. Certified copy of the ownership certificate of land and building. Plan & cost of the building certified by the Assistant Engineer (Civil) ( Annexure-II ) The taxes paid bills/GST & its registration Number are not required for the purchase bills pertaining to Plants and machinery purchased before the introduction of GST (July 2017). The taxes paid bills are only eligible for subsidy. Entrepreneurs should execute an Agreement/Bond on non-judicial stamp paper worth ₹100/- with Director Industries as per Annexure-III enclosed for executing an agreement.",State,Business & Entrepreneurship,,"Capital, Investment, Subsidy, Entrepreneur, Unemployed Youth"
"40% Subsidy On Hank Yarn, Dyes & Chemicals Scheme",40shydcs,"The ""40% subsidy on Hank Yarn, Dyes & Chemicals Scheme"" is a Subsidy Scheme by the Department of Handlooms & Textiles, Government of Andhra Pradesh. The entire assistance under the scheme will be in the form of Grant from the State Government. The scheme is operative from 29th April 2011. The subsidy will be available only on purchases / procurements from NHDC & APCO. The amount sanctioned will be credited directly to the members bank account of the concerned primary weavers cooperative societies.","40% subsidy on the purchases / procurements of Hank Yarn, Dyes & Chemicals from NHDC & APCO. The 75% amount will be credited directly to the members bank account of the concerned primary weavers cooperative societies as production bonus basing on the wages earned by them. The remaining 25% amount may be utilized by the societies for giving rebate on sales or any other production related purpose.","The subsidy will be available only on purchase / procurement of yarn from NHDC, Yarn Deports sanctioned by NHDC and APCO for self-consumption of Handloom Weaver Cooperative Societies for providing work to weaver members. The subsidy will be allowed only on the Hank yarn purchased from the APCO & NHDC and its depots and utilized for the production on Societies, account during the quarter. The claims for subsidy shall be submitted by the Weavers Cooperative Societies in the prescribed proforma on quarterly basis during the financial year with in 15 days from the end of the respective quarter. The claims for subsidy in complete shape should reach Head Office with in 30 days from the end of the Quarter. ﻿ ﻿ NOTE 1: The Weavers Coop Societies shall NOT claim any subsidy on the Yarn, Dyes and Chemicals purchased from private yarn dealers, Mills etc. NOTE 2: The Weavers Coop. Societies should NOT claim any subsidy on Yarn, Dyes & Chemicals even if purchased from APCO or NHDC, but not utilized for production of cloth by way of issue of yarn and sold to non-members. ﻿ ﻿","Application: Step 1: The claims for subsidy shall be submitted by the Weavers Cooperative Societies to the Assistant Director (H&T) in the prescribed proforma on quarterly basis during the financial year within 15 days from the end of the respective quarter. Step 2: The AD(H&T) after scrutiny shall recommend the claims with in next 15 days. Step 3: All claims in complete shape should reach Head Office with in 30 days from the end of the Quarter. ﻿ NOTE:  Appropriate cut will be imposed on bleated claims. ﻿ Disbursal of the Subsidy: The amount sanctioned as 40% Yarn subsidy, 75% amount will be credited directly to the members bank account of the concerned primary Weavers Cooperative Societies as production bonus basing on the wages earned by them. The societies may utilize the remaining 25% amount for giving rebate on sales or any other production related purpose with effect from 1st Dec 2016.","Certification that subsidy has been claimed only on the Hank Yarn and Dyes & Chemicals supplied to the members and utilized for production on Societies account from out of the Yarn and Dyes & Chemicals purchased from the NHDC and APCO. Photocopies of invoices/receipts of hank yarn and Dyes & Chemicals purchased/procured from NHDC, its depots and APCO. The abstract duly attested by the concerned Assistant Director (H&T). Registers, Stock Register, Cash Book and other relevant records as required by the Assistant Director (H&T).",State,Business & Entrepreneurship,,"Subsidy, Handloom, Weaver"
6 Varsh Se Adhik Aayu Ke Bahuviklang Aur Mansik Roop Se Aviksit Nisaktjan Ke Liye Sahayata Anudan Yojana,cvsaakbamrsanklsay,Chhe Varsh Se Adhik Aayu Ke Bahuviklang Aur Mansik Roop Se Aviksit Nisaktjan Ke Liye Sahayata Anudan Yojana Under the Department of Social Justice and Empowerment of Persons with Disabilities Government of Madhya Pradesh. To assist multiple handicapped and mentally underdeveloped persons above the age of six years who are unable to earn a living. At present there is no such provision; their parents and family members have to face a lot of difficulty in taking care of such disabled people. Giving ₹600/- per month as a grant-in-aid to such disabled people for their livelihood will help them meet their special needs and be a financial help.,Cash Benefits- ₹ 600/- per month,The applicant should be a native of Madhya Pradesh. The applicant should have a Certificate of 40 percent or more disability. The applicant's name should be mentioned on the Samagra portal and verified on the Sparsh portal The applicant should have an age certificate for being above six years of age.,"Step 1: Applicants can apply for the scheme using the prescribed format and submitting the necessary documents either to the designated officer's office, the Gram Panchayat, or a Public Service Center. Step 2: Upon submitting a complete application, the applicant will receive a mandatory acknowledgment from the office. Step 3 : The District Panchayat/Gram Panchayat/Urban Body/Ward Office will scrutinize the documents submitted with the application. Step 4 : If, after investigation, the documents are found to be incorrect according to the rules, the application will be rejected with written explanation. Step 5 : If, after investigation, the documents are found to be correct, the pension case will be approved according to the rules. Step 6: Once the pension is approved, the beneficiary's name will be added to the pension proposal for the current month by the District Panchayat/Gram Panchayat/Urban Body/Ward Office. The approved order will be maintained on record. Step 7 : The Directorate will deposit the monthly pension amount directly into the beneficiary's bank savings account through a single click, starting from the same month the approval is granted.","Age certificate. Native resident certificate of Madhya Pradesh. Certificate regarding one's disability as per the Persons with Disabilities (Equal Opportunities, Protection of Rights and Full Participation) Act 1995, in which it is mandatory to describe the disabled person as having multiple disabilities and underdevelopment.",State,Social welfare & Empowerment,,"Empowerment, Social Welfare, Disabled, Mentally Underdeveloped, Financial"
60% and above Disability Allowances,da-60ada,"60% and Disability Allowance is a pension scheme by the Directorate of Social Welfare and Social Education, Government of Tripura. The scheme aims to provide financial assistance in the form of a monthly pension of ₹2,000/- to differently-abled persons with a disability of 60% and above. The applicant should be submitted in person to the Child Development Project Officer.","Pension of ₹2,000/- per month.","The applicant should be a resident of Tripura. The applicant should be a Person with Disability. The percentage of disability should be 60% and above. The applicant's age should be 10 years and above. The family income of the applicant should be ₹1,00,000/- per annum. None of the family members of the applicant should be a government employee.","The applications would be invited from the eligible candidates by giving wide publicity through print media and electronic media. Step 1: The interested applicant should visit (during office hours) the Office of the Child Development Project Officer (CDPO) of the concerned area ﻿ and request a hard copy of the prescribed format of the application form from the staff exclusively entrusted to issue and collect filled-in applications. OR The interested applicant should take print of the prescribed format  ﻿ of the application form. Step 2: In the application form, fill in all the mandatory fields, paste the passport-sized photograph (signed across, if required), and attach copies of all the mandatory documents (self-attest, if required). Step 3: Submit the duly filled and signed application form along with the documents to the CDPO. Step 4: Request a receipt or acknowledgement from the concerned authority to whom the application has been submitted. Ensure that the receipt contains essential details such as the date and time of submission, and a unique identification number (if applicable).","Aadhaar Card. Income Certificate, issued by the local DCM/SDM (not applicable for BPL Family). Passport-size Photograph. Bank Passbook. Ration Card. Address Proof. Age Proof. Voter ID. Permanent Resident of Tripura Certificate (PRTC). Medical Certificate",State,Social welfare & Empowerment,,"Pension, Disability, PwD, Social Welfare, Allowance"
AASRA Scheme,aasra,"The scheme “AASRA Scheme” is an insurance scheme and it was launched by the Department of Social Welfare, Government of Jammu & Kashmir in 2015 to provide Social Security cover to widows, Destitute, Below Poverty Line (BPL) families, and Breadwinners of such families whose annual income is less than ₹75000/-. The Government of Union Territory will bear the premium of all these policies and will cover the entire segment of the destitute and BPL families in the Union Territory. The scheme has already been notified by the Cabinet vide decision No. 102/08/2015 dated 19.8.2015 to launch a comprehensive Social Security Scheme namely “AASRA Scheme” and vide Government Order No. 150-F of 2015 dated 20.08.2015 under which the UT government would pay or reimburse premium for the following two insurances scheme. 1.	Pardhanmantri Suraksha Bima Yojana (PMSBY) 2.	Pardhanmantri Jeevan Jyoti Bima Yojana (PMJJBY) 1. Pardhanmantri Suraksha Bima Yojana (PMSBY): Eligibility: a)	People in the age group of 18 to 70 years with bank accounts will be covered and a premium of ₹12/- per annum per beneficiary. b)	Any person in the age group of 18 to 70 years having a bank account and Aadhaar No. linked to the Bank account are to be covered and who can give a simple form every year before the 1st of June in order to join the scheme. Name of the nominee to be given in the form. c)	Payment Mode: The premium will be auto-debited by the Bank from the subscriber's account. d)	Risk Coverage: For accidental death and full disability ₹2.00 lakh and for partial disability ₹1.00 lakh. e)	Terms of Risk Coverage: A person has to opt for the scheme every year he can also prefer a long-term option of continuing in which case his account will be auto-debited every year by the bank. 2. Pardhanmantri Jeevan Jyoti Bima Yojana (PMJJBY): Eligibility: a)	A person in the age group of 18 to 50 years and having a bank account can however continue to have the risk of life up to the age of 55 years subject to payment of a premium of ₹333/- per annum. b)	Payment Mode: The payment of the premium will be directly auto-debited by the bank from the subscriber's account. c)	Risk coverage: ₹2.00 lakh in case of death for any reason. Objective: The main objective of the scheme “AASRA Scheme” is to provide social and financial security to eligible beneficiaries and entails providing a zero balance saving Bank account to every eligible beneficiary to avail of the insurance coverage benefits under which the UT Government would pay or reimburse premium for a period of five years for the above two schemes. Funding pattern: The ""Aasra Scheme"" is a scheme sponsored by the Government of Union Territory for which assistance will be made available to provide benefit to all Breadwinners of families whose total annual income does not exceed ₹75000/- and all widows or destitute residing in the UT according to the norms, guideline & laid down conditions, outlined in the insurance schemes. The funds will be provided by the Finance Department under Non-Plan expenditure, in a lump sum or on an annual basis to implement the scheme, and further upward revision in the amount would be considered if so required.","Under this scheme, Social Security cover is provided to widows, Destitute, Below Poverty Line (BPL) families, and breadwinners of such families whose annual income is less than ₹75000/-. The Government of Union Territory will bear the premium of two policies (PMSBY & PMJJBY) for a period of five year. Under this scheme, the government will cover the entire segment of the destitute and BPL families in the Union Territory.",The applicant should be a permanent resident of the Union Territory of Jammu & Kashmir. All breadwinners of families whose total annual income is less than ₹75000/- are eligible under the scheme. All widows and destitute residing in the Union Territory are eligible under the scheme. All breadwinners of Below Poverty Line (BPL) families are eligible under the scheme. The intending family must establish that he/she has no source of income quantified as per the prescribed income certificate. The life/accident cover under the scheme will be paid only to the prescribed nominee in case of the death of the beneficiary as per the guideline outlined in the scheme.,"Registration Process: Step 01: Before applying the under scheme, User has to register using the Citizen Registration Link given on the login Screen. (Already Registered Citizens can avail of the Service Using Login ID and Password generated after Citizen) Step 02: Applicant has to upload the Passport size scan photo (jpg image) in a clear background of size less than 50 KB. Step 03: Please, note the User ID and Password entered by the applicant during registration for Login and availing the service. Step 04: Please, select the role type Citizen while entering login credentials by the Applicant using Citizen Users ID and Password. Step 05: After Login, the applicant has to click on the e-services tab in the left menu and thereafter click on the department to which he has to avail of the service. Step 06: Please, note the Citizen ID, Username, and Password after successful registration of Citizen as it will be required at the time of availing the service. Application Process: Step 01: First of all, the applicant needs to visit the official website and login with their credentials. https://www.jk.gov.in/jkeservices/home ﻿ Step 02: At the homepage, click on Apply button for applying under ""Aasra Scheme"". Step 03: Fill all the mandatory details as required in the application form. Step 04: The applicant must ensure that all the filled information should be correct before clicking on submit button.",Proof of Residence of the UT of Jammu & Kashmir. Proof of Identity. Proof of Age Income Certificate Passport-size photographs. Aadhaar Card. Details of the Bank Account BPL Card (in the case of BPL family) Death Certificate of Husband bearing name of legal wife/widow (If applicant is widow),State,"Banking,Financial Services and Insurance, Social welfare & Empowerment",,"Insurance, Social Welfare, Social Security, Widow, Destitute, Below Poverty Line, Bread Winner"
AFFDF-Financial Assistance For Treatment Of Serious Diseases To Non Pensioner Ex-Servicemen (All Ranks)/Widows,affdf-serious-disease-treatment,"A scheme to provide financial assistance to a non-pensioner Ex-Servicemen of all ranks and widows to meet medical expenses related to treatment of approved serious diseases like cancer, renal failure, knee replacement and heart surgery. ﻿ Expenditure must be incurred at a approved govt hospital at the rates applicable under CGHS / ECHS. ﻿ List of the serious diseases are covered under this scheme ﻿ Angiography & Angioplasty CABG. (l) Dialysis Open heart surgery Valve replacement Pacemaker Implant Cerebral stroke Prostrate surgery Joint replacement Renal failure Cancer ﻿ Treatment of other Diseases In case the treatment of a serious disease which is not listed , such application will be referred to Director General Armed Forces Medical Services (DGAFMS) for comment/recommendation to consider it for financial assistance for treatment of that disease, to ESM under this scheme. ﻿ ﻿ ﻿","Financial assistance for treatment of the approved serious diseases  to non-pensioner Ex-Servicemen of all ranks and widows subject to a maximum of Rs 1,25,000/- (One Time) and for treatment of cancer/dialysis subject to a maximum of Rs 75,000/- per annum as follows:- For Non-Pensioner Officers/Widows. 75% of total expenditure incurred on medical treatment, hospitalization, medicines etc. For Non-Pensioner other Ranks/Widows. 90% of total expenditure incurred per annum on medical treatment, hospitalization, medicine etc. ﻿ Note Expenditure must be incurred at a approved govt hospital at the rates applicable under CGHS / ECHS.",The following criteria must be fulfilled:- ﻿ Applicant must be a non-pensioner ESM or his widow. Should not be member of ECHS or availing AFMS facilities. Should be recommended by respective Zila Sainik Board (ZSB). Expenditure must be incurred at a approved govt hospital at the rates applicable under CGHS / ECHS.,"Eligible Ex-servicemen / their widows can visit the official website of Kendriya Sainik Board Secretariat (KSBS) https://ksb.gov.in/  Click on “Register” which is available on the homepage of the portal. Now, the registration form will be displayed, fill the form with necessary details. Upload the Photo Save the application by clicking on the “Save” button and the saved details and password will be forwarded to the registered mail id. Click the activation link which is sent to the mail id to login into the KSB portal. Provide user name, password and verification code and click on the “Login “ button. Select the scheme name and start filling the new application form by entering the required details. Copies of the supporting documents duly attested by the respective Zila Sainik Welfare Officer (ZSWO) must be uploaded with the online application. Once the online application is submitted, ZSWO will scrutinize the online applications and give appointment to the applicant for verification, After successful verification, ZWSO will recommend the online application and forward the harp copy as well soft copy to Kendriya Sainik Board (KSB) through Rajya Sainik Boards (RSBs) for further processing. ﻿ Processing at KSB Secretariat Once the application reaches the Kendriya Sainik Board, the Section-in-charge verify the same and upload the printed list for the approval of JD (Welfare). ﻿ Payment Procedure After approval of Secretary KSB, the application is processed for payment by Welfare Section. The welfare section verifies the Ex-servicemen's service number, name, banker's IFS Code and bank account number & forward the list of approved cases to Accounts Section for payment. The Accounts Section then processes the list for payment directly to beneficiaries via ECS to the beneficiaries as applicable. ﻿ Track Application Status Applicant has to revisit the same portal https://ksb.gov.in/index.htm  Click on “Status of application” link on the homepage of the portal. Now enter your DAK ID and verification code. Click on the “Search” button. ﻿ ﻿",Copies of the following documents duly attested by ZSWO must accompany the application:- ﻿ Complete Service Discharge Book/Documents. Photocopy of ESM / widow I Card. Original medical bills duly countersigned by attending doctor. Hospital admission and discharge report duly countersigned by hospital authority. A certificate from applicant that he/she has not taken any money/grant from the State Govt or present employer in the form of reimbursement or medical allowance. Details of Bank A/c No (in PNB/SBI only) and IFS Code. ﻿,Central,Health & Wellness,,"Ex-Servicemen, Widow Of Ex-Servicemen, Serious Disease Treatment"
AGR 2 (Farm Mechanization) Scheme Of Farmers Other Than SC/ST,agr2fmsfotscst,"The scheme “AGR 2 (Farm Mechanization) Scheme of Farmers Other Than SC/ST” was started by the Department of Agriculture, Farmers Welfare & Co-operation, Government of Gujarat. Under the scheme, financial assistance is given to the farmers for the purchase of agricultural equipment to increase production of agricultural crops. The state government has launched the scheme to make agricultural industries successful through the use of agricultural mechanization. The farmer can get good quality and more farm produce at low cost by maximizing and utilizing natural, unimplemented sources such as land, water, and atmosphere due to agricultural mechanization. Thus, in order to increase agricultural mechanization, the scheme is started the state except in 208 talukas of the state where the Centrally Sponsored ""Submissions on Agricultural Mechanization"" scheme has already been implemented. This scheme is 100% sponsored by the state government.","1.	The beneficiary will get financial assistance for the purchase of agricultural equipment/components such as Power Tillers, Rice Transplanter, Self-Propelled Machinery, Tractor/ Power Tiller operated Implements /tools, Electric Motor operated, etc. 2.	Under the scheme, more financial assistance will be given to the Small/Marginal/Women Farmers compared to other farmers.",The beneficiary should be a permanent resident of Gujarat State. Any farmer of Gujarat state other than SC/ST (in 208 talukas where the Submissions on Agricultural Mechanization (SMAM) scheme is not implemented) is eligible under this scheme. The beneficiary farmer must purchase from the authorized manufacturer of the included manufacturer in the panels prepared for the purpose of periodic disclosed prize discovery by the Agriculture office/department.,"Step 01: To avail the benefits of the scheme, the beneficiary has to apply online at I-Khedut Portal. https://ikhedut.gujarat.gov.in/iKhedutPublicScheme/Public/frm_Public_SchemeDetails.aspx ﻿ Step 02: Click on “Click here for details” in the Farming Schemes Section. Step 03: Now, the applicant needs to select the desired scheme component on the portal. (The Apply button will appear automatically in components that are currently accepting applications.) Step 04: Read the instruction carefully and choose the option ‘Yes’ or ‘No’ for “Are you a registered applicant?” and click on “Click to proceed”. Step 05: Click on the ""Click to Apply Newly"" button and submit a new application. Step 06: Click on the ""Click to Update Application"" button to add corrections to the application. Step 07: Click on ""Click to confirm the application"" and confirm the application. Once the application is done, confirm it. Confirmation is required after saving the application. Only confirmed applications will be considered. Unconfirmed applications will not be considered taken on ikhedut portal. Step 08: Take a printout of the confirmed application. The applicant has to take a printout of this application and keep it for further reference. Note 09: For this scheme, the District Agriculture Officer of the concerned district has to be contacted whose information is available on i-khedut portal. https://ikhedut.gujarat.gov.in/Public/frm_Public_Contacts.aspx ﻿ Note 01: On-line application is required to be submitted on the portal during the prescribed time. Note 02: Pre-approval for purchase is given as per the application and you purchase the equipment/materials as per the pre-approval within the stipulated time frame as per the rules, all the supporting evidence mentioned in the pre-approval order and the supporting evidence along with the signed copy of this application have to be submitted along with the assistance proposal. Note 03: If wrong/incomplete documents are uploaded online by the beneficiary, such application will not be inwarded online. In such circumstances, the beneficiary has to submit the remaining/correct documents to the concerned office within seven days of application. Note 04: After the application is confirmed, the application will not be updated. Note 05: The print of the application can be taken only after the application is confirmed.","Government-approved photo ID i.e. Aadhaar Card, Voter ID Card Basis (evidence) for land (if applicable) Disability Certificate from Competent Authority (only for disabled) (if applicable) Ration Card (if applicable) Bank account details Beneficiary's Undertaking/Consent For",State,"Agriculture,Rural & Environment",,"Farmer, Agriculture, Equipment, Mechanization, Financial Assistance"
AGR 3 (Farm Mechanization) Scheme For ST Farmers,agr3fmsstf,"The scheme “AGR 3 (Farm Mechanization) Scheme for ST Farmers” was started by the Department of Agriculture, Farmers Welfare & Co-operation, Government of Gujarat. Under the scheme, seeds of more production varieties/Hybrids varieties and fertilizer at subsidies, etc. will be distributed to Adivasi farmers in Tribal Areas (TASP). The Government is trying to get the higher production of the agricultural crops of the farmers belonging to scheduled tribe and the tribal cultivator residing outside tribal areas to improve their livelihood. The main objective of the scheme is to maximize farmers' attempts to buy and use Plant protection equipment, Tarpaulin, Field Demonstration, Micronutrients, Water carrying pipelines, Agriculture fair, Organic Fertilizer, Pump set, the premium for Farmers 100% Water Soluble Fertilizers, Pesticides, accidental insurance scheme, etc. for increase the crop production according to scientific recommendations so they can get higher production of the agricultural crops and improve their livelihood. Thus scheme is 100% sponsored by the state government.","The beneficiary will get financial assistance for the purchase of agricultural equipment/components such as Plant protection equipment, Tarpaulin, Field Demonstration, Micronutrients, Water carrying pipeline, Agriculture fair, Organic Fertilizer, Pump set, the premium for Farmers 100% Water Soluble Fertilizers, Pesticides, accidental insurance scheme, etc. Under the scheme, seeds of more production varieties/Hybrids varieties and fertilizer, etc. will be distributed at a subsidized rate to Adivasi farmers in Tribal Areas (TASP).",The beneficiary should be a permanent resident of Gujarat State. Any farmer of Gujarat State who belongs to the Scheduled Tribe category (in 208 talukas where the SMAM scheme is not implemented) is eligible under this scheme. In the areas of Talukas (Blocks) and Districts which are benefited/added under the Agriculture Support Program in Tribal Area Sub Plan & Dispersed Tribes (TASP) can get the benefit of this Scheme. The beneficiary farmer must purchase the agricultural equipment from the authorized manufacturer of the included manufacturer in the panels prepared for the purpose of periodic disclosed prize discovery by the Agriculture office/department.,"Step 01: To avail the benefits of the scheme, the beneficiary has to apply online at I-Khedut Portal. https://ikhedut.gujarat.gov.in/iKhedutPublicScheme/Public/frm_Public_SchemeDetails.aspx ﻿ Step 02: Click on “Click here for details” in the Farming Schemes Section. Step 03: Now, the applicant needs to select the desired scheme component on the portal. (The Apply button will appear automatically in components that are currently accepting applications.) Step 04: Read the instruction carefully and choose the option ‘Yes’ or ‘No’ for “Are you a registered applicant?” and click on “Click to proceed”. Step 05: Click on the ""Click to Apply Newly"" button and submit a new application. Step 06: Click on the ""Click to Update Application"" button to add corrections to the application. Step 07: Click on ""Click to confirm the application"" and confirm the application. Once the application is done, confirm it. Confirmation is required after saving the application. Only confirmed applications will be considered. Unconfirmed applications will not be considered taken on ikhedut portal. Step 08: Take a printout of the confirmed application. The applicant has to take a printout of this application and keep it for further reference. Note 09: For this scheme, the District Agriculture Officer of the concerned district has to be contacted whose information is available on i-khedut portal. https://ikhedut.gujarat.gov.in/Public/frm_Public_Contacts.aspx ﻿ ﻿ Note 01: On-line application is required to be submitted on the portal during the prescribed time. Note 02: Pre-approval for purchase is given as per the application and you purchase the equipment/materials as per the pre-approval within the stipulated time frame as per the rules, all the supporting evidence mentioned in the pre-approval order and the supporting evidence along with the signed copy of this application have to be submitted along with the assistance proposal. Note 03: If wrong/incomplete documents are uploaded online by the beneficiary, such application will not be inwarded online. In such circumstances, the beneficiary has to submit the remaining/correct documents to the concerned office within seven days of application. Note 04: After the application is confirmed, the application will not be updated. Note 05: The print of the application can be taken only after the application is confirmed.","Government-approved photo ID i.e. Aadhaar Card, Voter ID Card Basis (evidence) for land (if applicable) Caste Certificate (by competent authority) Disability Certificate from Competent Authority (only for disabled) (if applicable) Ration Card (if applicable) Bank account details Beneficiary's Undertaking/Consent Form",State,"Agriculture,Rural & Environment",,"Agriculture, Farmer, Scheduled Tribe, Adivasi, Mechanization, Equipment, Financial Assistance"
AGR 4 (Farm Mechanization) Scheme For SC Farmers,agr4fmsscf,"The scheme “AGR 4 (Farm Mechanization) Scheme for SC Farmers” was started by the Department of Agriculture, Farmers Welfare & Co-operation, Government of Gujarat. Under the scheme, financial assistance is given to the farmers of the Scheduled Caste category for the purchase of agricultural equipment to increase production of agricultural crops. The state government has launched the scheme to make agricultural industries successful through the use of agricultural mechanization. The farmer can get good quality and more farm produce at low cost by maximizing and utilizing natural, unimplemented sources such as land, water, and atmosphere due to agricultural mechanization. Thus, in order to increase agricultural mechanization, the scheme is started the state except in 208 talukas of the state where the Centrally Sponsored ""Submissions on Agricultural Mechanization"" scheme has already been implemented. This scheme is 100% sponsored by the state government.","1.	The beneficiary will get financial assistance for the purchase of agricultural equipment/components such as Power Tillers, Rice Transplanter, Self-Propelled Machinery, Tractor/Power Tiller operated Implements /tools, Electric Motor operated, etc.",The beneficiary should be a permanent resident of Gujarat State. Any farmer of the state belonging to the Scheduled Caste category (in 208 talukas where the SMAM scheme is not implemented) is eligible under this scheme. The beneficiary farmer has to purchase from the authorized dealer of the manufacturer included in the panel prepared for the purpose of price discovery announced by the account from time to time.,"Step 01: To avail the benefits of the scheme, the beneficiary has to apply online at I-Khedut Portal. https://ikhedut.gujarat.gov.in/iKhedutPublicScheme/Public/frm_Public_SchemeDetails.aspx ﻿ Step 02: Click on “Click here for details” in the Farming Schemes Section. Step 03: Now, the applicant needs to select the desired scheme component on the portal. (The Apply button will appear automatically in components that are currently accepting applications.) Step 04: Read the instruction carefully and choose the option ‘Yes’ or ‘No’ for “Are you a registered applicant?” and click on “Click to proceed”. Step 05: Click on the ""Click to Apply Newly"" button and submit a new application. Step 06: Click on the ""Click to Update Application"" button to add corrections to the application. Step 07: Click on ""Click to confirm the application"" and confirm the application. Once the application is done, confirm it. Confirmation is required after saving the application. Only confirmed applications will be considered. Unconfirmed applications will not be considered taken on ikhedut portal. Step 08: Take a printout of the confirmed application. The applicant has to take a printout of this application and keep it for further reference. Note 09: For this scheme, the District Agriculture Officer of the concerned district has to be contacted whose information is available on i-khedut portal. https://ikhedut.gujarat.gov.in/Public/frm_Public_Contacts.aspx ﻿ ﻿ Note 01: On-line application is required to be submitted on the portal during the prescribed time. Note 02: Pre-approval for purchase is given as per the application and you purchase the equipment/materials as per the pre-approval within the stipulated time frame as per the rules, all the supporting evidence mentioned in the pre-approval order and the supporting evidence along with the signed copy of this application have to be submitted along with the assistance proposal. Note 03: If wrong/incomplete documents are uploaded online by the beneficiary, such application will not be inwarded online. In such circumstances, the beneficiary has to submit the remaining/correct documents to the concerned office within seven days of application. Note 04: After the application is confirmed, the application will not be updated. Note 05: The print of the application can be taken only after the application is confirmed.",Government-approved photo ID i.e. Aadhaar Card Basis (evidence) for land (if applicable) Caste Certificate (by competent authority) Disability Certificate from Competent Authority (only for disabled) (if applicable) Ration Card (if applicable) Bank account details Beneficiary's Undertaking/Consent Form,State,"Agriculture,Rural & Environment",,"Agriculture, Farmer, Scheduled Caste, Mechanization, Equipment, Financial Assistance"
AGR-50 Scheme-Assistance To Purchase Tractors,agr50s-apt,"The scheme “AGR-50 Scheme-Assistance to Purchase Tractors” was started by the Department of Agriculture, Farmers Welfare & Co-operation, Government of Gujarat in the year 2011-12. The scheme was implemented for the farmers to help in buying the tractor in the state. Further, the scheme has been started in the state, considering the tractor's importance, to increase farm mechanization in the state and the demand of farmers from the society. The cost of the tractor was different in the whole state. As a result, small-scale farmers who could not negotiate had to pay a higher price. In order to become available to all the farmers in the state at a price and competitive prices in the state, the model of the tractor companies has been empanelled from the year 2014-15. A tractor is an essential tool for expanding farm mechanization and increasing farm power availability. To adopt power-operated tools/impalements farmers must have a tractor, so assistance is given to farmers for the purchase of tractor. This scheme is a 100% state-sponsored scheme.","1.	The financial assistance is given to farmers for the purchase of tractors as below: a)	Upto 40 PTO HP Model Tractors: 25% of expense or ₹45,000/-, whichever is less. b)	Above 40 PTO HP and up to 60 PTO HP Model Tractors: 25% of expense or ₹60,000/-, whichever is less.",The beneficiary should be a permanent resident of Gujarat State. Any farmer of Gujarat state is eligible under this scheme. The beneficiary farmer has to purchase the empaneled tractor model of the manufacturer included in the empanelment prepared for the purpose of prize discovery announced by the agriculture department from time to time for tractors from their authorized dealer.,"Step 01: To avail of the benefits of the scheme, the beneficiary has to apply online at I-Khedut Portal. https://ikhedut.gujarat.gov.in/iKhedutPublicScheme/Public/frm_Public_SchemeDetails.aspx ﻿ Step 02: Click on “Click here for details” in Farming Schemes Section. Step 03: Check the details of the “AGR-50” scheme corresponding to “Tractor-empaneled vendors”. Step 04: Read the instruction carefully and choose the option ‘Yes’ or ‘No’ for “Are you a registered applicant?” and click on “Click to proceed”. Step 05: Click on the ""Click to Apply Newly"" button and submit a new application. Step 06: Click on the ""Click to Update Application"" button to add corrections to the application. Step 07: Click on ""Click to confirm the application"" and confirm the application. Once the application is done, confirm it. Confirmation is required after saving the application. Only confirmed applications will be considered. Unconfirmed applications will not be considered taken on ikhedut portal. Step 08: Take a printout of the confirmed application. The applicant has to take a printout of this application and keep it for further reference. Step 09: For this scheme, the District Agriculture Officer of the concerned district has to be contacted whose information is available on i-khedut portal. https://ikhedut.gujarat.gov.in/Public/frm_Public_Contacts.aspx ﻿ ﻿ Note 01: On-line application is required to be submitted on the portal during the prescribed time. Note 02: Pre-approval for purchase is given as per the application and you purchase the equipment/materials as per the pre-approval within the stipulated time frame as per the rules, all the supporting evidence mentioned in the pre-approval order and the supporting evidence along with the signed copy of this application have to be submitted along with the assistance proposal. Note 03: If wrong/incomplete documents are uploaded online by the beneficiary, such application will not be inwarded online. In such circumstances, the beneficiary has to submit the remaining/correct documents to the concerned office within seven days of application. Note 04: After the application is confirmed, the application will not be updated. Note 05: The print of the application can be taken only after the application is confirmed. ﻿","Government-approved photo ID i.e. Aadhaar Card, Basis (evidence) for land (if applicable) Caste Certificate (by competent authority) (if applicable) Disability Certificate from Competent Authority (only for disabled) (if applicable) Ration Card Bank account details Beneficiary's Undertaking/Consent Form",State,"Agriculture,Rural & Environment",,"Agriculture, Farmer, Mechanization, Tractor, Financial Assistance"
AGR-61 Agro Service Providers for the Purpose of Making Farming More Profitable With the Help of Farm Mechanization,agrasp,"The scheme ""AGR-61 Agro Service Providers for the Purpose of Making Farming More Profitable With the Help of Farm Mechanization"" introduced by the Agriculture, Farmers Welfare and Cooperation Department, Gujarat, aims to help farmers by providing financial support for farm mechanization through Agro Service Providers, making agriculture more productive and cost-effective.","﻿ Name of the Component Standard of Assistance (General areas) Standard of Assistance (Tribal areas) Agro Service Provider Unit Up to 75% or limited to ₹7,50,000/- (40% in the 1st year, 10% in the 2nd and 3rd years, and 7.5% in the 4th and 5th years) Up to 85% or limited to ₹8,50,000/- (50% in the 1st year, 10% in the 2nd and 3rd years, and 7.5% in the 4th and 5th years) Note: Assistance is available once in a lifetime for eligible applicants.",Eligible entities: Primary Agricultural Cooperative Society (PACS) Farmer Groups Farmer Producer Companies Cooperative Institutions Self-Help Groups (SHGs) and Sakhi Mandals Eligible Individuals with relevant agricultural education: Diploma in Agriculture Graduate in Agriculture Postgraduate in Agriculture Bachelor of Rural Studies (B.R.S.) ﻿,"Step 1: The applicant may visit and apply online at I-Khedut Portal: https://ikhedut.gujarat.gov.in/ ﻿ Step 2: On the home page, click on ‘Schemes’ and then click on ‘Agricultural Schemes’. Step 3: Now select the scheme, click on the ‘Apply’ button and an application page will open. Step 4: Click on ""Apply New"" button and submit a new application. Step 5: Click on the ""Update Application"" button to add corrections to the application. Step 6: Once the application is done, confirm it. Step 7: Take a print out of the confirmed application. Step 8: Applicant can also check their Application Status/View/Print/Upload Application details from the below link: https://ikhedut.gujarat.gov.in/public/frm_Applicant_Corner.aspx  Contact Us:  Click here .","Aadhaar Card Land Ownership Proof Bank Passbook Caste Certificate (if applicable) Certificate of Educational Qualification (if applicable) Registration Certificate (for Farmer Groups, SHGs, PACS, etc.) Any other document as required.",State,"Agriculture,Rural & Environment",,"Agriculture, Agro Service Providers, Farm Mechanization"
AICTE - Distinguished Chair Professor Fellowship,dcpf,"A Fellowship Scheme by the All India Council for Technical Education, Ministry of Education. The Distinguished Chair Professor Fellowship intends to utilize the expertise of highly qualified and experienced superannuated professionals who have made unparalleled, exceptional professional contributions to society in their respective fields/disciplines for motivating and inspiring students/faculty of AICTE-approved institutes. The fellowship is tenable for a period of three years or the age of 75 years whichever is earlier, extendable till 80 years of age subject to fitness. The Fellowship consists of an honorarium of ₹10,000/- for full-day interaction with the Faculty/ Students of the host institute and nearby located institutions for up to a maximum of five days in a single trip.","The Fellowship consists of - (i) An honorarium of Rs. 10,000/- (Rupees Ten thousand per day) for full-day interaction with the Faculty/ Students of the host institute and nearby located institutions up to a maximum of five days in a single trip. (ii) Actual expenses on travel by train / air/ car etc. (iii) In Online Mode: An institution is allowed to host only 5 online sessions/talks with only 1 (one) DCP assigned to your institution by AICTE. A session will be a minimum of 2 hours followed by 1 hour of interaction.",The awardee must be a highly qualified superannuated Professional in his / her field. The awardee should be an acknowledged leader (expert) in that particular field of specialization having actively engaged in research and development. The awardee should have contributed to the development of society through his / her excellent fieldwork.,"The proposals for the Distinguished Chair Professor fellowship will be by nomination only. The nominations with all necessary details can be sent throughout the year to the following address: The Director (Faculty Development Cell) AICTE, Nelson Mandela Marg, Vasant Kunj, New Delhi-110070 Director.fdc@aicte-india.org","Letter of Acceptance 3-5 day schedule to Deliver lectures throughout the year Bank account details including IFSC code. ﻿ [Note: Only on receipt of the above documents, will the Council initiate further action.] ﻿",Central,Education & Learning,,Fellowship
AICTE - Grant For Augmenting Infrastructure In North Eastern Region,a-gainer,"Introduction a. The scheme (operated hitherto as Special Scheme for NER) provides financial assistance to institutions located in the North East Region for solving water problems in the campus, providing alternative power support and high-speed internet connectivity. This will significantly address the infrastructural problems confronted by students on day to day basis. The Scheme is being implemented through the Indian Institute of Technology– Guwahati. ﻿ b. North East India largely has hilly regions where the supply of water is not regular throughout the year and during the dry season, there is no secured water supply in the institutes. Water harvesting projects are supported under the Scheme for assured water even during the dry season. ﻿ c. Most of the urban and rural areas in North Eastern India are deprived of continuous electricity supply, which not only affects daily life but also imparting of higher technical education. The scheme makes the provision of installations for captive solar power energy; at places where the solar energy is not effective, procurement of generators can be considered. Such support will make the technical institutes function better by meeting the shortage of conventional electricity supply: ﻿ d. The availability/ connection of the internet facility is also not up to the desired level in North Eastern Region. To mitigate this problem, funding for setting up an initial internet connection is considered under the Scheme. Recurring expenditures for the future shall have to be borne by the institution. ﻿ ﻿ Objective To enhance the functional efficiency of the technical institutes located in far-flung areas of North East India, by addressing deficiencies in water, electricity, and internet connectivity on the campuses.","The selected institutes will have to complete the sanctioned project as per the following guidelines: ﻿ Project Name: Solving Water Problems Project Limit of Funding: ₹ 15,00,000 Duration of Project: 2 years from the date of receipt of the first installment. ﻿ Project Name: Power/ Solar Energy Project Limit of Funding: ₹ 20,00,000 Duration of Project: 6 months from the date of receipt of the fund for the purpose. ﻿ Project Name: Internet Connection Project Limit of Funding: ₹ 5,00,000 Duration of Project: 6 months from the date of receipt of the fund for the purpose. ﻿ Disbursement of the Funds The first installment is an advance of 80% of the sanctioned grant. The second installment is reimbursement on successful completion of the project and submission of requisite documents by the institute. ﻿ Note: If the project is not initiated within six months, the institute shall have to refund the complete grant with accrued interest to AICTE with justification.",a. Government/ Government-aided technical/ engineering colleges/University Departments including Polytechnic Institutes of North East are entitled to the grant. b. The institute must be in existence for the last five years.,"Step 1: Download and fill out the application form for AICTE-Grant for Augmenting Infrastructure in North Eastern Region (GAINER). Step 2: Verify that every page of the application form has the signature and stamp of the Head of the Institute. Step 3: Attach all the essential documents along with the filled application form. Step 4: Kindly ensure all the information is correct and then sent the Application form along with all the essential documents through registered post/speed post to: Advisor, Institutional Development Cell, All India Council for Technical Education, Nelson Mandela Marg, Vasant Kunj, New Delhi-110070 ﻿ Processing of Proposals a. Submission of application by the institute. b. Screening/ scrutiny of applications at Council. c. Evaluation of applications by the expert committee. d. The final decision will be taken by the Council, keeping in view the recommendations made by the experts and the availability of funds for the scheme. e. After the Council’s approval, the Sanction Letter and the first installment of funds for the Project will be sent to the institution.","Essential Documents Required with Application Form: (To Solve Water Problem in general) a. Plan/detailed estimates of the project b. Abstract of the estimates of the project c. PWD/CPWD rate certificate of the project d. Conformity with the norms as suggested by the AICTE and the rates are as per CSR of the region. e. Mode of construction viz. Contract/ Departmentally (at most competitive rates) or Deposit work by the PWD. f. A certificate from the Principal/ Competent Authority (concerned Secretary, State Government for Technical Education) that expenditure over and above AICTE grant, if any, will be met by the State Govt./ or the college and the construction will not be delayed for want of funds. ﻿ Terms and Conditions a. Annual Progress Report should be submitted in respect of the projects. b. After completion of the project, a Project Completion Report should be submitted. c. Utilization Certificate and Statement of Accounts in prescribed proforma, duly audited by the Finance Officer/Account Officer has to be submitted to AICTE before claiming the balance amount as well as on completion of the project. ﻿ Procurement of Solar power energy equipment/Generator/Internet connection a. Documentary proof of cost etc. along with the purchase procedure/formalities to be adopted as per the prescribed order formalities indicated in the GFR. b. A certificate from the Principal/ Competent Authority (concerned Secretary, State Government for Technical Education) that expenditure over and above AICTE grant, if any, will be met by the State Govt./or the college, and the purchase will not be delayed for want of funds.",Central,"Education & Learning, Transport & Infrastructure",,"Grant, Infrastructure"
AICTE - Research Promotion Scheme (RPS),arps,"The scheme ""AICTE - Research Promotion Scheme (RPS)"" was introduced by the All India Council for Technical Education (AICTE), Department of Higher Education (DoHE) in order to promote research in identified thrust areas of technical education. AICTE approved Technical Institutions/University Departments having the relevant PG programs and having full-time regular faculty with research experience and publications, are eligible to apply to this scheme. The maximum limit of funding is ₹ 25,00,000. The duration of the project will be three years from the date of receipt of funds in the institute’s account.","Duration of the Project: The duration of the project will be three years from the date of receipt of funds in the institute’s account. ﻿ Limit of Funding: (a) Maximum limit of funding is ₹ 25,00,000. (b) Non-Recurring 75% and Recurring 25% of the total sanctioned grant. ﻿ Disbursement of the Funds: (a) 100% Non-recurring and 50% of the recurring grant of the total sanctioned amount. (b) 50% of the total sanctioned recurring grant only after submission of the Audited Utilization Certificate and all requisite documents. ﻿ Note 1: The grant will be utilized strictly for the purpose as specified in the sanction letter. Re-appropriation of funds from Recurring to Non-Recurring is allowed but not vice versa; Non-Recurring and recurring heads are 75% and 25% respectively of the total grant unless otherwise recommended by AICTE experts. The list of equipment decided by the experts is final and there can be no changes later on. ﻿ Note 2: The equipment(s)/item(s) purchased from out of non-recurring should be as per the specifications sanctioned by AICTE. The purchase cost below the sanction cost shall be restricted to the actual cost, and vice versa restricted to sanctioned cost. Excess costs shall be met by the Institute from its own resources. ﻿ Note 3: The recurring grant can be utilized for the items sanctioned by the AICTE. This should not be used for travel abroad to attend conferences/seminars. However, for presenting a Paper in a Seminar / Conference within the country, the travel expenses may be met from the recurring grant. Further, expenditure incurred towards hiring staff on a contract basis shall be considered only if the same was recommended by the Experts and approved by AICTE. No budget be utilized for hiring permanent staff.","(a) AICTE approved Technical Institutions/University Departments with relevant PG programs. (b) Full-time regular faculty with research experience and publications. (c) The preliminary research facilities should be available in the institute. (d) One proposal from one PI (Principal Investigator) will be sanctioned at any point in time within the duration of the project. (e) The maximum number of proposals acceptable per institute (including those sanctioned earlier but not completed) shall be five and three from Govt. institute and Pvt. Institute respectively. However, the maximum number of proposals acceptable to be approved per institute shall be two for Govt. and Pvt. Institute both. ﻿","Step 1: Visit the AICTE website https://www.aicte-india.org ﻿ Step 2: Click on the “Web Portal Login” button. Step 3: Log in to the AICTE portal with your institute’s credentials. Step 4: After successful logging, the home page of the institute appears. Step 5: The AQIS application page of the institute is open. Step 6: Click on the “AQIS Application- Institute details” Step 7: Institute and Bank Details will auto-populate in “AQIS Application – Institute Details” Please check and update according to changes. ﻿ Note: 1) Bank Account should be Saving Account. 2) Account holder's name should not be a personal name. ﻿ Step 8: Check the declaration flag, then click on the “Save Bank Details” button. Step 9: To confirm the bank details entered, kindly click on the “Confirm Bank Details” button. Step 10: If the bank details are incorrect, click on the Cancel button to edit the bank details again otherwise click on OK to confirm the details. ﻿ Note: Once the ‘OK’ button is clicked. The Institute details and Bank details will become read-only mode. ﻿ Step 11: Click on the “All AQIS Application Information” Step 12: Click on the “Download Mandate Form” and “Download Declaration Certificate Step 13: Click on the “AQIS Document Attachment” Step 14: Click on the new record ( )button. Step 15: After attaching the Mandate form, click on the save ( ) button. ﻿ Note: Please attach Verified Bank Mandate Form in scanned PDF format (Maximum Size10 MB). Note: Download the mandate form and certificate of declaration from the highlighted tab and upload them in the section of AQIS document attachments after that also fill in the details of the earlier grant. ﻿ Application for ‘Research Promotion Scheme' • Initiating New application: Step 1: After uploading the attachment of the mandate form, Click on “All AQIS Application Information” Step 2: Click on the new record ( ) button. Step 3: Select the “RPS-Research Promotion Scheme” in the AQIS Schemes dropdown. Step 4: Click on AQIS Application ID Step 5: After clicking on the AQIS application id fill out a further application. (Fill all the heads by clicking on a plus sign one by one) ﻿ Note: Kindly fill details of the coordinator by filling in all the heads for the RPS scheme. RPS variant will be displayed under “DETAILS of the RPS PROPOSAL IS REQUESTED” under “Details of Co-ordinator”. Select from the drop-down your required variant. Further application will proceed according to the variant one chooses. If some tabs are disabled that means that particular filled is not for that selected variant. ﻿ Step 6: After that fill AQIS application details. Step 7: Fill academic credentials of PI by clicking on plus sign you will find a row of parameters, for filling in each parameter you need to select plus sign every time. Step 8 : Similarly, like step 7 you need to fill in all the below parameters. Step 9: After filling in all heads please validate your application and submit it. You will find validate and submit button under the first head of details of the coordinator. ﻿ For any query send your query screenshot with the login credentials (ID and Password) and AQIS application id on the below-mentioned Email IDs: Itfdc2@aicte-india.org, itfdc@aicte-india.org, Contact No: 011-29581524","(a) APR, AUC, R&P, Statement of Expenditure on completion of each financial year. (b) Copies of GFR-19, copies of bills & vouchers and stock entry register duly attested. (c) PCR with consolidated AUC & R&P. (d) Feedback Form.",Central,Education & Learning,,Research
"AICTE - Scheme For Promoting Interests, Creativity And Ethics Among Students",aicte-spices,"The scheme ""AICTE - Scheme for Promoting Interests, Creativity and Ethics among Students (SPICES)"" is a scheme for the institutions by the All India Council for Technical Education (AICTE), Department of Higher Education (DoHE). This scheme provides financial support to institutions for developing students' clubs for the well-rounded development of students by promoting their interests, creativity, and ethics. This club should serve as a model for other clubs in the institution and also those in other institutions. ﻿ Objective To energize and position students club/ Chapters/ Societies as facilitating entities for the pursuit of individual interests, creative work, showcasing talent, networking and teamwork opportunities, social experience; organization and management skills, exposure to professional ethics, etc.","Duration: One-Year Limit of Funding: ₹ 1,00,000 only (one-time grant to one institute) Disbursement of the Funds: ₹ 1,00,000 as advance ﻿ Programs/ Activities targeted in the Clubs: Evolution of Interests/Hobbies, Creativity/ Imagination/ Innovation, and Ethics/ Value through a range of student activities.","(a) AICTE-approved institutes with a minimum of 5 years of existence. (b) Only one proposal per institute for a club (with a minimum of student members 50) will be admissible. Institute may choose its best performing club for applying under the scheme for the grant. (c) The institute must commit a contribution of a minimum ₹ 1,00,000 to the club. Contributions over and above ₹ 1,00,000 from institution to club will get weightage for consideration. (d) Coordinator must be full-time regular faculty with at least 10-year experience in teaching/ industry. (e) Institute should also identify a Co-coordinator who must be a faculty with at least 5 years of experience in teaching/industry. (f) Experience and inclination of organizing events/ co-curriculum activities are desirable for the coordinator and co-coordinator. ﻿ Terms and Conditions (a) Students on a roll to the institute shall be members of the club. (b) The grant can be utilized for activities mentioned at Point No. 8 and meeting the cost of registration and travel (up to 40% of the total grant) of students participating in outstation activities. (c) Funds once released/sanctioned for supporting the particular students club cannot be utilized for any other program. (d) Ex-students and ex-faculty members and other officials of the institute shall not be members of the club. (e) The Clubs must be encouraged to reach out to alumni and industries for fund-raising in their events. (f) The academic background of the coordinator must be in conformity with the theme of the club. (g) Institute will be eligible to receive the grant under the SPICES scheme only once.","(a) Applications are invited every year at the beginning of the academic session (July/ August). (b) Institute must apply through its login ID at aicte-india.org ﻿ ﻿ AICTE Portal Login Step 1: Visit the AICTE website https://www.aicte-india.org Step 2: Click on the “Web Portal Login” button. Step 3: Login to the AICTE portal with the credentials provided by the AICTE. Step 4: After successful logging, the home page of the institute appears. ﻿ AQIS Application Step 1: After login, navigate to the AQIS application screen please click on the “AICTE quality Improvement Schemes (Financial Funding Schemes)” icon. Step 2: The AQIS application page of the institute is open. Step 3: Click on the “AQIS Application- Institute details” Step 4: Institute and Bank Details will auto-populate in “AQIS Application – Institute Details” Please check and update according to changes. ﻿ Note: 1) Bank Account should be Saving Account. 2) Account holder's name should not be a personal name. ﻿ Step 5: Check the declaration flag, then click on the “Save Bank Details” button. Step 6: To confirm the bank details entered, kindly click on the “Confirm Bank Details” button. Step 7: If the bank details are incorrect, click on the Cancel button to edit the bank details again otherwise click on OK to confirm the details. ﻿ Note: Once the ‘OK’ button is clicked. The Institute details and Bank details will become read-only mode. ﻿ Step 8: Click on the “All AQIS Application Information” Step 9: Click on the “Download Mandate Form” and “Download Declaration Certificate”. Step 10: Click on the “AQIS Document Attachment” Step 11: Click on the new record ( ) button. Step 12: After attaching the Mandate form, click on the save ( ) button. ﻿ Note: Please attach the Verified Bank Mandate Form in scanned PDF format (Maximum Size10 MB). ﻿ Application for ‘SPICES’ Initiating New application Step 1: After uploading the attachment of the mandate form, Click on “All AQIS Application Information” Step 2: Click on the new record ( )button. Step 3: Select the “SPICES- Scheme for Promoting Interests, Creativity and Ethics among Students” in AQIS Schemes dropdown. Step 4: After selecting the scheme, click on the ( ) Save button. Step 5: Click on AQIS Application ID Step 6: AQIS Detail Application for SPICES. ﻿ Section A: Coordinator/PI/Applicant Details Step 1: Click on the Coordinator/PI/Applicant Details Step 2: Click on the selection menu icon( ) in the Faculty ID field to add details of the scheme coordinator. Select the faculty ID from the Faculty ID list and click on the OK button. Step 3: Fill in all the fields of the Details of the Coordinator section. Step 4: Click on the selection menu icon( ) in the Co-coordinator Faculty ID field to add details of the scheme Co-coordinator. Select the faculty ID from the Faculty ID list and click on the OK button. Step 5: Fill in all the fields of Details of the Co-coordinator section. Step 6: Fill in all the fields of the “Details of the Club” section. Step 7: Confirm the declaration ﻿ Section B: Academic Credentials of Coordinator /PI/Applicant Step 1: Click on the Academic Credentials of Coordinator/ PI/Applicant Step 2: Click on the new record ( ) button to add the Record and select the parameter Criteria. Step 3: Select “YES/NO” according to the parameter, fill in the Count/Number, and fill in the Area of Specialisation. Click on the save ( ) button. ﻿ Note: Further repeat the above Steps 2 and 3 for the following Parameters/Criteria • Whether the Coordinator has Ph.D. • Whether Coordinator has PG • Teaching/Industry Experience in years • Relevant experience in conducting/coordinating students activities/programs in the last three years • Any achievement received at the state level • Any achievement received at the national level • Any achievement received at the international level ﻿ Step 4: After filling in all the required details in the fields, click on the Save ( ) button. ﻿ Section C: Credentials of Institution / Department Step 1: Click on the Credentials of Institution / Department Step 2: Click on the new record ( ) button to add the Record and select the parameter Criteria. Step 3: Select “YES/NO” according to the parameter, fill in the Count/Number, and fill in the Details. Click on the save ( ) button. ﻿ Note: Further repeat the above Steps 2 and 3 for the following Parameters/Criteria • No. of Awards and recognitions received in Department /institute in the last 3 years • No. of functional students clubs/students societies/students chapters • Number of courses Accredited in the institute • Skill/Social Development initiatives taken by institute/department in last 3 years • Student, Faculty Ratio ﻿ Step 4: After filling in all the required details in the fields, click on the Save ( ) button. ﻿ Section D: Justification of proposal Step 1: Click on the Justification of proposal Step 2: Click on the new record ( ) button to add the Record and select the parameter Criteria. Step 3: Select the parameter/criteria and fill in the Details. Click on the save ( ) button. Note: Further repeat the above Steps 2 and 3 for the following Parameters/Criteria • Action Plan of the Club for one year • Collaboration/ Interfacing of Club with industry/ Association/ Professional Body • Details of regional/state-level events organized by the Club in the last 3 years • Expected outcomes and benefits to students/institute • Details of international-level events organized by the Club in the last 3 years • Details of national-level events organized by the Club in the last 3 years • Fund Raising Strategies • No. of Awards/ Prize won by Club at the International level and their details • No. of Awards/Prize won by Club at the National level and their details • Vision of the Club Step 4: After filling in all the required details in the fields, click on the Save ( ) button. ﻿ Section E: Credentials of the Club Step 1: Click on the Credentials of the Club Step 2: Click on the new record ( ) button to add the Record and select the parameter Criteria. Step 3: Select “YES/NO” according to the parameter, fill in the Count/Number, and fill the Details. Click on the save ( ) button. ﻿ Note: Further repeat the above Steps 2 and 3 for the following Parameters/Criteria • Commitment of contribution by the institute to the club • No. of Awards/ Prize won by Club at the state level • Whether club have a bank account? • Whether the club is having its Bye-laws • No. of Students associated with the Club • No. of years of establishment of the club ﻿ Step 4: After filling in all the required details in the fields, click on the Save ( ) button. ﻿ Validate and Submit the Application Step 1: Click on the Coordinator/PI/Applicant Details Step 2: Click on the Validate application button. Step 3: After clicking on the Validation button the message will be populated and stated as “Validation for Scheme: SPICES Scheme for Promoting Interests, Creativity and Ethics among Students ' is completed Successfully” Click on the OK button. Step 4: Click on the Submit button.",Documents to be uploaded on the AICTE portal after the completion of one year: Institute has to fill up and update information on the AICTE portal and upload the following documents: (a) Photographs showing various activities during club events. (b) Feedback from members of the club. (c) A video of 2-minute duration having: (i) Introduction by the Coordinator mentioning the name and state of the institute. (ii) Activities details and achievements attained through Students Club (iii) How the club was beneficial to students/carriers and institutes. (iv) Acknowledgement of AICTE support. (d) Performance Report (including Feedback). ﻿ Documents to be submitted after completion of one year: (a) Utilization certificate and statement of accounts in prescribed proforma duly audited by the Finance Officer/ Account Officer as per prescribed format. (b) Supporting bills/ documents on account of expenses incurred for the purpose duly attested by the Head of the Institute. (c) The amount made available by the institution approved by the Council/ University/ State Government and other sources. (d) Soft copy of the final report submitted on the portal as mentioned above (in section 11).,Central,Education & Learning,,"Student, Institution"
"AICTE - YOUTH UNDERTAKING VISIT FOR ACQUIRING KNOWLEDGE (YUVAK): STUDY TOUR OF ATAL TUNNEL, HIMACHAL PRADESH",ayuvfak,"AICTE has launched a new scheme namely ,AICTE YOUTH UNDERTAKING VISIT FOR ACQUTRING KNOWLEDGE (YUVAK) STUDY TOUR OF ATAL TUNNEL, HIMACHAL PRADESH, on 21 st May 2021 to provide financial grants to the team of one faculty and 10 students from AICTE approved institutions for the study tour of ATAL TUNNEL. Objectives: To gain firsthand knowledge & information about the latest techniques used in construction of the tunnel and in particular about the New Austrian tunneling method. Gain insight about the challenges & of risks encountered during the execution of this project and their resolution with particular reference to excavation during heavy snowfall in winter, blasting and digging of unstable rocks, alignment of the tunnel in view of digging & excavation from both ends of the tunnel, excavation & tunneling at more than 46 avalanche sites on approaches to the tunnel, disposal of huge quantities of excavated rock and soil, constant dewatering of heavy ingress of water, mudslides, landslides etc. For enhancing the quality of engineering education in the country and to inculcate the research & innovation culture amongst the students. To encourage engineering students to improve their field of technical education.","Grant will be for Team of 10 Students + 1 Faculty member of the Institute as per details below: S.No. Expenditure Heads For Institutes under NRO & NWRO For Institutes under Other Regions 1. Train Fare from Institute to Chandigarh & back ₹ 30,000/- ₹ 60,000/- 2. Transport charges from Chandigarh to Manali (including visits to ATAL Tunnel) & back ₹ 30,000/- ₹ 30,000/- 3. Boarding & Lodging and incidental expenses at Manali for 03 days ₹ 1,10,000/- ₹ 1,10,000/- ﻿ Total Grant Amount : ₹ 1,70,000/- ₹ 2,00,000/- ﻿",AICTE approved Institutions in the field of Technical Education having latest NIRF ranking between 001 to 500 are eligible for the grant. Team of 10 Students + 1 Faculty member of each eligible Institute.,"AICTE approved Institutions having NIRF ranking between 01 to 500 & fulfilling the eligibility Criteria, can submit their applications online as per the notification available time to time on the AICTE portal.",Institute details Details of faculty member going as team leader Team member details,Central,Education & Learning,,"Study Tour Of Atal Tunnel, Financial Gran"
AICTE e-Shodh Sindhu Scheme (eSS),essstj,"Launched by the All India Council for Technical Education, AICTE e-Shodh Sindhu Scheme (eSS) provides  subscriptions of e-Resources like Web of Science, Scopus, The American Society of Mechanical Engineers (ASME), American Society of Civil Engineers (ASCE) and Bentham Science to institutions. Objective: Facilitating access to e-Resource to the students, faculty and researchers, a new to augment the culture of research in the institution and overall quality of technical education.","Benefits: Subscriptions of e-Resources like Web of Science, Scopus, ASME, ASCE and Bentham Science to institutions. ﻿ Duration of Subscriptions: Initially for one calendar year, renewable for further year on the basis of usage by institute and fulfilments of other essential eligibility criteria.","AICTE approved Government/ Government-aided institutes. The institute must have a digital library network having internet bandwidth (32 Mbps) and Wi-Fi connectivity with one or more static IP address. The proposed coordinator must be full-time regular faculty with at least 10 year of experience in teaching and research with publications to his/her credit. The institute should also identify a co-coordinator who must be a faculty with at least 7 year of experience in teaching and research. The institute must have PG Course in:  Mechanical Engineering, if applies for ASME.  Civil Engineering, if applies for ASCE.  Pharmacy, if applies for Bentham Science.  Any discipline, if applies for Web of Science/ Scopus.","Download the Application form for E-Shodh Sindhu Scheme. Fill in the required information. Verify that every page of the application form has signature and stamp of the Institute’s Head. Attach all the below mentioned essential documents along with the filled application form. Kindly ensure all the information is correct and then sent the Application form along with all the essential documents through registered post/speed post to: Advisor (IDC), Institutional Development Cell, All India Council for Technical Education, Nelson Mandela Marg, Vasant Kunj, New Delhi-110070 ﻿ When to Apply: Applications are invited in the month of October-November every year. ﻿ NOTE: Only application received through registered post/speed post will be considered, no applications will be entertained through email. ﻿ Helpdesk: For Scheme related information: Email address: essidc@aicte-india.org Phone Number: (011) 29581313 Technical Information: Email address: it2idc@aicte-india.org Phone Number: (011) 29581334 ﻿ ﻿","First time Submission: AICTE's Approval Letter for current year. National Basketball Association (NBA) Accredited Approval Letter. Details of number of publications in last three years. Technical Education Quality Improvement Programme (TEQIP) Documents. Details of Ph.D. qualified Faculty. Details of consultancy project completed in last three years. Details of research project completed in last three years. Details of professors in the institute. For Renewal of subscriptions: The following documents are required to be submitted by the institute in the month of October every year for renewal of subscription to e-Resources: Proof of usage of e-Resources (from 1st January to 30th September). Feedback of Principal/ Director, Coordinator, Co-Coordinator and faculty members in prescribed proforma. Request & undertaking for renewal of subscriptions for subsequent year.",Central,Education & Learning,,"Subscriptions Of E-Resources, Web Of Science, Scopus, ASME, ASCE, Bentham Science"
AICTE – Mitacs Globalink Research Internship (GRI) Scheme,am-gris,"AICTE, on 23rd February 2018, entered into a Memorandum of Understanding with Mathematics of Information Technology and Computer Systems (MITACS) Canada for AICTE – MITACS Globalink Research Internships (GRI) Program to foster cross-border partnerships focused on creating a platform that opens the path for collaborative research between Canada and India to a wider pool of student talent in India. The AICTE-MITACS GRI Program is open to Science, Technology, Engineering, and Mathematics (STEM) disciplines. The duration of the internship is 12 weeks. A maximum of 300 students are accepted in a financial year. The student fulfilling the eligibility criteria shall apply directly to MITACS Canada via its portal. The total cost of the program is $12,000 CAD per student. MITACS will contribute $9,000 CAD per student. AICTE will contribute $3,000 CAD per student. The full cost per student includes airfare, visa, medical, stipend, accommodation, Globalink Student Mentors, programming, and research costs. It will also include access to Globalink branded activities in Canada, which may include professional skills workshops, receptions, and industrial engagement activities.","The total cost of the program is $12,000 CAD per student. MITACS will contribute $9,000 CAD per student. AICTE will contribute $3,000 CAD per student. The full cost per student includes airfare, visa, medical, stipend, accommodation, Globalink Student Mentors, programming, and research costs. It will also include access to Globalink branded activities in Canada, which may include professional skills workshops, receptions, and industrial engagement activities.","The applicant must be a 3rd-year full-time student of an undergraduate program (B.E / B.Tech) in AICTE Approved Institution in the year of application. The applicant must have a minimum CGPA / GPA of 85% in 2nd year. The applicant must be at least 18 years of age. The applicant must be able to spend twelve (12) weeks between May and September at a university in Canada on a research project related to their area of interest and expertise. The applicant must be able to demonstrate oral and written fluency in English or French, depending on the primary language of the project as indicated by the Canadian host professor.","PROCEDURE TO APPLY The student fulfilling the eligibility criteria shall apply directly to MITACS Canada via its portal and follow the procedure, guidelines, and terms and conditions mentioned therein; All materials submitted to MITACS must be in either English or French. If materials submitted are not in one of Canada’s official languages, notarized transcripts must be submitted. Before leaving the country for pursuing Globalink Research Internships (GRI) in Canada, student should have a valid passport and has obtained all necessary documents and permissions including a visa, air tickets for air travel, etc.","Candidates must provide the following with their application to the AICTE-GRI Program, in accordance with the instructions on the MITACS online application portal: Official yearly transcripts for all years in university; Curriculum Vitae (CV); One (1) reference letter from a post-secondary academic supervisor or researcher and Project rationale; Any other document(s) mentioned in MITACS GRI Portal; Upon completion of the Internships, the candidate must submit the feedback form.",Central,Education & Learning,,"Internship, Research"
AICTE – Saksham Scholarship Scheme For Specially-Abled Student (Degree),sak-deg,"Saksham is a Scholarship Scheme by the Ministry of Education, implemented by AICTE, aimed at providing encouragement and support to specially-abled children to pursue technical education. This is an attempt to give every young student, who is otherwise specially abled, the opportunity to study further and prepare for a successful future through technical education/ knowledge. ₹50,000/- per annum for every year of study i.e. maximum 4 years for the first year admitted students and maximum 3 years for the second year admitted students through lateral entry as lump sum amount towards payment of college fee, purchase of computer, stationeries, books, equipment, software, etc. The candidate should be admitted to the First year of the Degree level course OR the Second year of the Degree level course through lateral entry in any of the AICTE-approved institutions of the respective year. Family income from all sources should not be more than Rs. 8 lakh per annum during the current financial year.","₹50,000/- per annum for every year of study i.e. maximum 4 years for the first year admitted students and maximum 3 years for the second year admitted students through lateral entry as lump sum amount towards payment of college fee, purchase of computer, stationeries, books, equipment, software, etc. After selection, the awardee will be paid a scholarship through DBT mode on annual basis. The scholarship will be renewed for the next year of study on receipt of renewal through National Scholarship Portal by submitting a passing certificate/ mark sheet along with letter from the Head of the Institution on the online portal",The candidate should be admitted to the First year of the Degree level course OR the Second year of the Degree level course through lateral entry in any of the AICTE-approved institutions of the respective year. Specially-abled students have a disability of not less than 40%. Family income from all sources should not be more than Rs. 8 lakh per annum during the current financial year. A valid income certificate issued by State /UT Government needs to be enclosed.,"Step 1: Keep ready the soft copies of the required documents. Go to http://www.scholarships.gov.in/. and click “New Registration”. Guidelines for Registration will appear. Scroll to the bottom. Read carefully the undertaking. Accept the Terms. Click “Continue”.  Step 2: A Registration Form will appear. (The fields marked as * are compulsory) Fill in the details and click “Register”. Your Application ID and password will be displayed. The same will also be sent as an SMS on your registered mobile number. ﻿ Step 3: Go to https://scholarships.gov.in/fresh/newstdRegfrmInstruction Click on “Login to Apply”. Enter your Application ID and password. Type the Captcha and click “Login”. On the next screen, provide the OTP received on your registered mobile number. You will be directed to the Password Reset screen. Create a new password and confirm. Click “Submit”. You will be directed to the “Applicant’s Dashboard”. ﻿ Step 4: On the left pane, click “Application Form”. The fields marked as * are compulsory. Fill the details and upload the documents. You can either click on “Save as Draft” to com","Aadhaar Copy of SSC/10th certificate & mark sheet, Copy of HSC/12th certificate (In case of Degree level) & mark sheet. Copy of ITI certificate (In case of Lateral Entry for Diploma level) & mark sheet. Copy of Diploma certificate (In case of Lateral Entry for Degree level) & mark sheet. Category Certificate, if applicable. Study/ Bonafide Certificate (Appendix-I). Annual Family Income Certificate (Appendix-II). Promotion Certificate in case of renewal (Appendix-III).",Central,Education & Learning,,"Scholarship, PwD"
AICTE – Saksham Scholarship Scheme For Specially-Abled Student (Diploma),sak-dip,"Saksham is a Scholarship Scheme by the Ministry of Education, implemented by AICTE, aimed at providing encouragement and support to specially-abled children to pursue technical education. This is an attempt to give every young student, who is otherwise specially abled, the opportunity to study further and prepare for a successful future through technical education/ knowledge. ₹50,000/- per annum for every year of study i.e. maximum 3 years for the first year admitted students and maximum 2 years for the second year admitted students through lateral entry as lump sum amount towards payment of college fee, purchase of computer, stationeries, books, equipment, software, etc. The candidate should be admitted to the First year of the Diploma level course OR the Second year of the Diploma level course through lateral entry in any of the AICTE-approved institutions of the respective year. Family income from all sources should not be more than Rs. 8 lakh per annum during the current financial year.","₹50,000/- per annum for every year of study i.e. maximum 3 years for the first year admitted students and maximum 2 years for the second year admitted students through lateral entry as lump sum amount towards payment of college fee, purchase of computer, stationeries, books, equipment, software, etc. After selection, the awardee will be paid a scholarship through DBT mode on annual basis. The scholarship will be renewed for the next year of study on receipt of renewal through National Scholarship Portal by submitting a passing certificate/ mark sheet along with a letter from the Head of the Institution on the online portal",The candidate should be admitted to the First year of the Diploma level course OR the Second year of the Diploma level course through lateral entry in any of the AICTE-approved institutions of the respective year. Specially-abled students have a disability of not less than 40%. Family income from all sources should not be more than Rs. 8 lakh per annum during the current financial year. A valid income certificate issued by State /UT Government needs to be enclosed.,"Step 1: Keep ready the soft copies of the required documents. Go to http://www.scholarships.gov.in/. and click “New Registration”. Guidelines for Registration will appear. Scroll to the bottom. Read carefully the undertaking. Accept the Terms. Click “Continue”.  Step 2: A Registration Form will appear. (The fields marked as * are compulsory) Fill in the details and click “Register”. Your Application ID and password will be displayed. The same will also be sent as an SMS on your registered mobile number. ﻿ Step 3: Go to https://scholarships.gov.in/fresh/newstdRegfrmInstruction Click on “Login to Apply”. Enter your Application ID and password. Type the Captcha and click “Login”. On the next screen, provide the OTP received on your registered mobile number. You will be directed to the Password Reset screen. Create a new password and confirm. Click “Submit”. You will be directed to the “Applicant’s Dashboard”. ﻿ Step 4: On the left pane, click “Application Form”. The fields marked as * are compulsory. Fill the details and upload the documents. You can either click on “Save as Draft” to complete the application later. Else, click “Final Submit” to submit the application.","Aadhaar Copy of SSC/10th certificate & mark sheet, Copy of HSC/12th certificate (In case of Degree level) & mark sheet. Copy of ITI certificate (In case of Lateral Entry for Diploma level) & mark sheet. Copy of Diploma certificate (In case of Lateral Entry for Degree level) & mark sheet. Category Certificate, if applicable. Study/ Bonafide Certificate (Appendix-I). Annual Family Income Certificate (Appendix-II). Promotion Certificate in case of renewal (Appendix-III).",Central,"Education & Learning, Social welfare & Empowerment",,"Scholarship, PwD"
AICTE- TECHNICAL UNIVERSITY JOINT TRAINING PROGRAMS FOR TEACHERS,tujtpft,"AICTE- Technical University Joint Training Programs for Teachers, launched by the All India Council for Technical Education, aims to provide financial assistance to the technical universities to conduct training for faculty members to prepare them for being successful in the chosen profession and thereby enabling an improvement in teaching-learning methodology. Duration/Type/Participants: The training program will be of six days’ residential program with minimum forty participants. Number of Programs: The university shall conduct 10 such training programs in a financial year. Types of training: Each such programs shall cover at least one of the subjects run by the university viz Civil, Mechanical, Electrical, Electronics, Computers, Physics and Chemistry etc. Minimum one session of 3 hours in each program may be kept for training related to Moral Values, Ethics, Behavioral Sciences & Attitude etc. Technical Universities preferably may also use any of the following as the preferred subjects for the program. Examination reforms. Mentor's Training as per the norms of NITTT. Cognitive skills & Design thinking. NBA Accreditation & the processes. Identifying problems & double diamond approach towards design. Model curriculum as prescribed by AICTE. Induction program for students as prescribed by AICTE. Intellectual property management at early stage of innovation & start - ups. Frugal innovations & social entrepreneurship. Infrastructure: Being a residential program, the university shall have requisite infrastructure viz. guest house and dining hall etc. Role and responsibilities of technical university: The university shall conduct the joint training program for teachers strictly in accordance with the provisions of the scheme/MoU related to the program. The university will do the certification of these programs jointly with AICTE. It shall be ensured by the university that the certificates shall be issued only to those participants, who qualify the test to be necessarily conducted at the end. The university will act as the facilitator for the operation of the training program. The university will be accountable for finance/ grants sanctioned under the scheme and shall abide by the terms and conditions stipulated by AICTE for financial grants. The university will constitute a Project Monitoring committee for effective implementation of the scheme.AICTE will provide its representative as a member on that committee. The university shall submit, yearly report, detailed statement of expenditure and Utilization Certificate, in the prescribed format for sanctioned grants, within a month after the end of each financial year duly audited by a certified Chartered Accountant firm. The accounts shall be open to inspection by the officials of AICTE and an audit by the Statutory Auditors. After conduct of each of the training program, the documents stated in 1.8 above shall be submitted by the university to AICTE.","The maximum total expenditure for conduct of one training program will be ₹ 3,000,00/- only to be equally shared by AICTE and the university.  AICTE: Will release a grant of ₹ 1,50,000/- to Technical university for the training program to meet the expenditure or the actual expenditure, whichever is less on (i) TA/DA/ Honorarium to Resource Persons (Honorarium not to exceed 20% of the total expenditure incurred on conduct of one such training program), (ii) TA to outstation participants and (iii) Course material to participants.  Technical university: Will meet from its own funds, the expenditure to the extent of ₹ 1,50,000/- or the actual expenditure, whichever is less, to cover all items of expenditure such as (i) Boarding & lodging of participants, (ii) Honorarium to Program Coordinator (not to exceed 1% of the total expenditure incurred on one such training program) and (iii) Working expenses (tea/coffee/stationary/certificate/printing etc.). ﻿",AICTE approved institutions affiliated with the partner university are eligible to participate.,"Registration of New Institute: Step 01: Visit http://portal.aicte-india.org/partnerportal_enu/start.swe and click on New Institute button. Step 02: Users will be redirected to another website. Hover the cursor on Login and select ‘Investor Login’. Step 03: New users need to click on ‘Sign Up Now’ to register. Step 04: Enter the details and click on ‘Verify’ to receive OTP on your Email Id and Mobile Number. Step 05: After successful verification Click on ‘Sign Up Now’ to register. ﻿ Post-Registration Process: Step 01: Visit http://portal.aicte-india.org/partnerportal_enu/start.swe and log in with the credentials provided by AICTE. Step 02: Navigate to AQIS Application Screen by clicking on ‘AQIS Application’ screen tab. Step 03: Institute details will auto populate in the AQIS Application. Step 04: Fill demographic and Bank details . Step 05: Only after confirming the Bank Details, the “New” button will be enabled for adding the AQIS Application. Click on “New” button to create AQIS Application. Step 06: A unique AQIS Application ID will get created. Select ""AICTE- TECHNICAL UNIVERSITY JOINT TRAINING PROGRAMS FOR TEACHERS"" as Scheme from the drop down List. Step 07: Now details to be filled for the as followed: Program Details, Personalities Expected, Participating Industries ,Similar Events, Budget Estimate -Others, Academic Credentials of Coordinator/ PI/ Applicant, Justification, Credential of Institute / Department. Step 07: Once the user has filled all the data in the above mentioned tab, user should click on ‘Validate Application’ button on the ‘AQIS Application’ tab. Step 08: User will get a pop up message to attach a Mandate Form  after downloading the sample form. Step 09: Now fill the amount in the ‘Total Funds Requested’ under label ‘Budget Estimates Others’. Step 10: After Validation is completed successfully, read the declaration, check it and click on Save. Step 10: Click on “Submit” button to submit the application. ﻿","After conduct of each of the training program following documents shall be submitted by Technical University to AICTE: Detailed schedule of training program. List of resource persons invited with full address, contact details, topics etc. List of participants attended the training program. Copy of question paper and mark sheet for the test conducted at the end of program. Minimum five photographs and a video CD of selected sessions.",Central,Education & Learning,,"Training, Faculty, Technical Education, Learning"
AICTE- Technical University Joint Training Programs for Librarians,atujtfl,"AICTE- Technical University Joint Training Programs for Librarians, launched by the All India Council for Technical Education, aims to provide financial assistance in conducting training for Librarians to prepare them for being successful and effective in a knowledge society. Objectives: The objectives of the  program are; To provide a dynamic and quality user centered library and information services that enhance teaching, learning and research while inculcating life-long learning skills and fostering human development. To bring high quality, scholarly information resources and services to the University through Library. Duration/Type/Participants: The AICTE – technical university will be of five days residential training program with minimum 25-30 participants. Number of Programs: The university shall conduct one such training program in a financial year. Training on moral values: Minimum one session of 3 hours in the program for Librarians may be kept for training related to Moral Values, Ethics, Behavioral Sciences & Attitude etc. Infrastructure: Being a residential program, the university shall have requisite infrastructure viz. guest house and dining hall etc. Role and responsibilities of technical university: The university shall conduct the joint training program for Librarians strictly in accordance with the provisions of the scheme document. The university will do the certification of these programs jointly with AICTE. It shall be ensured by the university that the certificates shall be issued only to those participants, who qualify the test to be necessarily conducted at the end. The university will act as the facilitator for the operation of the training program. The university will be accountable for finance/ grants sanctioned under the scheme and shall abide by the terms and conditions stipulated by AICTE for financial grants. The university will constitute a Project Monitoring committee for effective implementation of the scheme. AICTE will provide its representative as a member on that committee. The university shall submit, yearly report, detailed statement of expenditure and Utilization Certificate, in the prescribed format for sanctioned grants, within a month after the end of each financial year duly audited by a certified Chartered Accountant firm. The accounts shall be open to inspection by the officials of AICTE and an audit by the Statutory Auditors. After conduct of each of the training program, the documents shall be submitted by the university to AICTE.","The maximum total expenditure for conduct of one training program will be ₹ 3,00,000/- (or the actual amount expended) to be shared 50:50 by AICTE and Technical university. AICTE: Will release a grant of ₹ 1,50,000/- to Technical university for the training program to meet the expenditure or the actual expenditure, whichever is less on (i) TA/DA/ Honorarium to Resource Persons (Honorarium not to exceed 20% of the total expenditure incurred on conduct of one such training program), (ii) TA to outstation participants and (iii) Course material to participants. Technical university: Will meet from its own funds, the expenditure to the extent of ₹ 1,50,000/- or the actual expenditure, whichever is less, to cover all items of expenditure such as (i) Boarding & lodging of participants, (ii) Honorarium to Program Coordinator (not to exceed 1% of the total expenditure incurred on one such training program) and (iii) Working expenses (tea/coffee/stationary/certificate/printing etc.).",AICTE approved institutions.,"Registration of New Institute: Step 01: Visit http://portal.aicte-india.org/partnerportal_enu/start.swe and click on 'New Institute' button. Step 02: Users will be redirected to another website. Hover the cursor on Login and select ‘Investor Login’. Step 03: New users need to click on ‘Sign Up Now’ to register. Step 04: Enter the details and click on ‘ Verify’ to receive OTP on your Email Id and Mobile Number. Step 05: After successful verification Click on ‘Sign Up Now’ to register. ﻿ Post-Registration Process: Step 01: Visit http://portal.aicte-india.org/partnerportal_enu/start.swe and log in with the credentials provided by AICTE. Step 02: Navigate to AQIS Application Screen by clicking on ‘AQIS Application’ screen tab. Step 03: Institute details will auto populate in the AQIS Application. Step 04: Fill demographic and Bank details . Step 05: Only after confirming the Bank Details, the “New” button will be enabled for adding the AQIS Application. Click on “New” button to create AQIS Application. Step 06: A unique AQIS Application ID will get created. Select ""AICTE- TECHNICAL UNIVERSITY JOINT TRAINING PROGRAMS FOR LIBRARIANS"" as Scheme from the drop down List. Step 07: Now details to be filled for the as followed: Program Details, Personalities Expected, Participating Industries ,Similar Events, Budget Estimate -Others, Academic Credentials of Coordinator/ PI/ Applicant, Justification, Credential of Institute / Department. Step 07: Once the user has filled all the data in the above mentioned tab, user should click on ‘Validate Application’ button on the ‘AQIS Application’ tab. Step 08: User will get a pop up message to attach a Mandate Form  after downloading the sample form. Step 09: Now fill the amount in the ‘Total Funds Requested’ under label ‘Budget Estimates Others’. Step 10: After Validation is completed successfully, read the declaration, check it and click on Save. Step 10: Click on “Submit” button to submit the application.","After conduct of training program for Librarians, the following documents shall be submitted by Technical University to AICTE: Detailed schedule of training program. List of resource persons invited with full address, contact details, topics etc. List of participants attended the training program. Copy of question paper and mark sheet for the test conducted at the end of program. Minimum five photographs and a video CD of selected sessions.",Central,Education & Learning,,"Training, Librarians, Technical University"
"AICTE-IDEA (Idea Development, Evaluation & Application) LAB SCHEME",aiideals,"AICTE has decided to establish IDEA (Idea Development, Evaluation & Application) Lab in AICTE approved institutions, encouraging students for application of science, technology engineering and mathematics (STEM) fundamentals towards enhanced hands-on experience, learning by doing and even product visualization. As a common facility embedded in the institution, the IDEA Lab will make engineering graduates more imaginative and creative, besides getting basic training in the 21st century skills like- critical thinking, problem solving, design thinking, collaboration, communication, lifelong learning etc. IDEA Lab can facilitate the students and faculty to “engage, explore, experience, express and excel” as desired by the Hon'ble Prime Minister in the wake of release of National Educational Policy 2020, Purpose: The purpose of IDEA Lab is to provide all facilities under one roof, for conversion of an idea into a prototype. With these facilities in the campus, more students and faculty will be encouraged to take up creative work and in the process, get training on creative thinking, problem solving, collaboration etc. which conventional labs are not able to. The focus will be on training students so that they become imaginative and creative and stay so at the workplaces they join. The whole idea is to transform engineering education with such a Lab in all colleges and for this they must proactively expose all students to the IDEA Lab, organize training sessions for interested students as well as support projects and by providing online learning materials. Proposal: As the IDEA Lab is going to be a long-term intervention aiming to transform education imparted in the institution, the proposal must spell out a clear vision for the Lab, plan of implementation, mobilization of resources, strength and enthusiasm of faculty, utilization and expansion of facilities, etc. The alignment of activities with larger national goals/ missions/ initiatives or industrial requirements or serving disadvantaged sections of society etc. and commitment of resources for the same, will impart an edge for any proposal. Shortlisted proposals will be subjected to scrutiny by a panel of experts before sanctioning of the project by AICTE. Implementation: The college/ educational campus/ university and industry are expected to participate financially, to match the contribution sought from AICTE or even exceed it, in establishing the IDEA Lab which ideally requires: An area of 5000 sq. ft. Should ideally remain open 24x7. To be equipped with facilities, tools and consumables to support translation of an idea to prototype development or develop solution of a problem. To hold workshops/ trainings, ideation sessions, boot-camps, competitions etc. and participate in similar activities organized by other IDEA Labs/ organizers and also in national/ international events so as to ensure that IDEA Lab is used productively and also extensively. To maintain the IDEA Lab, keep it well-furnished, take care of security, provide a safe working environment and stock adequate supplies of consumables. To provide necessary staff and all support facilities and amenities required to operate and maintain the Lab. To follow the guidelines issued by AICTE in the matter of IDEA Lab and other Government of India rules besides following the enunciated Code of Conduct (as in Annexures) in letter and spirit. ﻿ ﻿ ﻿","Financial Assistance: Estimated project cost per AICTE Lab is ₹ 1,10,00,000/- non-recurring expenditures (covering the cost of equipment, tools and consumables) of₹ 80,00,000/- and recurring expenditures (covering the cost of events and activities for two years) of ₹ 30,000,00/-. AICTE can provide up to 50% i.e. ₹ 55,00,000/-. Training to Faculties and Students: Various types of training will be provided to the faculties and the students on creative thinking, problem solving, collaboration, etc. Activities to be conducted by an IDEA Lab: The following table lists activities/ events and their number/ frequency in AICTE IDEA Lab and there has to be commitment to conduct minimum numbers, to be eligible for sanctioning of the project. ﻿ Sr. No. Event & Duration Target & Batch size Objective & Justification Frequency/Numbers 1. FDP (06 Days) Faculty (20) Faculty needs to be trained on equipment, to be able to guide students and conduct events- including those from other institutions Twice in a year 2. Skilling Programs (06 Days) Students (20-30) Training in areas like electrical and electronics fabrication, embedded systems design. Embedded programming, 3D printing, robotics, welding, IOT, Machine learning, Al, bio-engineering, biomedical, etc One per quarter 3. Bootcamps (12 Days) Faculty (05-10) Training of faculty (including those from other institutions, spread over a few weeks, continuing at workplaces, if required Twice a year Twice a year 4. ldeation workshops (03-05 Days) Students (30-40) To generate ideas on which students can work in the IDEA Lab, including field visits Once in three months 5. Awareness Workshops for Industry (02 Days) Industry participants (5-10) Publicizing IDEA Lab among industries, to encourage them to use the facilities Once in three months 6. Internships (2 to 6 months) Students(15-20) For hands-on training as part of their course-work during summer and winter vacations. Internships based on industry problems should be preferred. As per curriculum. 7. Professional Skilling Programs (12 Days) ITI students or class 10/12 pass students (5-10) Welding, 3D printing, mechanical fabrication. etc Once in a quarter 8. School Teachers Awareness Program (06 Days) Teachers of nearby schools Demonstration and providing hands-on experience of facilities Twice a year (during school vacations) 9. Projects by School Students identified by schools (10-15) Opportunity for school students to do projects Once a year (as per convenience) 10. Open Day for school students (one day) Students (class XI-XIl) nominated by schools (25-30) Exposure to facilities in IDEA Lab to ignite their minds (on Science Day/Technology Day/Teachers Day/ Engineers Day) Once a year (as per convenience) 11. Participation in annual technical exhibitions Nationwide IDEA labs Technical exhibitions etc For example, Tech FEST, Mind SPARK, etc. organized by renowned Institutions/ Industries, etc to showcase activities/products/prototypes developed in IDEA labs Once in a year 12. Newsletter Nationwide IDEA labs To disseminate information to all the labs about activities of other labs, technology issues, any interesting developments, etc. Monthly/Bi-monthly 13. Webpage All stakeholders For web-presence of IDEA Lab, and showcasing itself before the stakeholders and other IDEA Labs Weekly/Bi-weekly updation 14. Annual conference/ symposium of all IDEA labs All IDEA Labs, DIY labs or similar labs across the nation/outside the nation also To promote active interaction, showcase of lab activities, promote collaboration at national and international level labs Once in a year ﻿ ﻿","AICTE-approved engineering colleges/ university departments in existence for having at least 10 years and at least one course with live NBA accreditation. ﻿ Aspiring institutions shall have to muster financial contribution to the tune of at least 50% for the IDEA Lab. Weightage will be given to additional quantum of funds, coming specially from industry. The institution must provide a built-up and furnished space of 3000 sq. ft. to house. The institution must provide all support staff, facilities and amenities required to operate and maintain the Lab.","Registration Process: Go to https://idealnet.aicte-india.org/ and click on ' Log In' then on ' Register' button. Click on Get Details button. The details of the Institute including Name, Address and Email will auto populate. Now Enter your Institute’s Permanent Id. Enter all the mandatory details. Set a  password for and click on ' Register'. After successful registration, the applicant will get an e-mail for the account activation to the registered Email Id during registration. Click on the ' Verify Email' button in the e-mail to activate your account. ﻿ Post-Registration Process: After the successful account activation, you can login to the website using the email id and password: https://idealnet.aicte-india.org/login ﻿ Open the side menu bar and nagigate to the follwing tabs then fill the required data Click on ' Save' button to save the details: Institute Details; HOI & Faculty Coordinator Details; Build Up Area Details; Credentials of Institute/Department; Credentials of Chief Mentor(HOI); Credentials of Faculty Coordinator; Credentials of Faculty Co-coordinator; Proposal for the Project; Now Navigate to 'Non-Recurring Expenditure' tab, This consists of Four tabs: Part-I (Equipment); Part-II (Consumables); Part-III (Tools) and Part-IV (Optional Equipment/Consumable/Tool). Fill the required data and Click on ' Save' button to save the details. Navigate to 'Non-Recurring Expenditure' tab, using the side menu bar. This consists of two parts: Part-I and Part-II . Fill the required data and Click on ' Save' button to save the details. Navigate to “Contribution to Budget” tab, using the side menu bar. Upload the files and click on ' Save' button. Navigate to “Preview & Submit” tab, using the side menu bar, Check all the filled details and can submit the application by clicking on 'Submit' button afterchecking the declaration. You cannot edit any details once submitted.",Quotations of Equipment/s (All quotations must be in a single PDF file only) Industrial Contribution Commitment Letter (File should be in pdf format only) Institute Contribution Commitment Letter (File should be in pdf format only) Endorsement from the Head of Institute (File should be in pdf format only),Central,Education & Learning,,"Infrastructure, Lab, Financial Support, Engineering College And University"
AICTE-INAE Distinguished Visiting Professorship Scheme,dvps,"The Indian National Academy of Engineering (INAE) launched a Distinguished Visiting Professorship (DVP) Scheme jointly with All India Council for Technical Education (AICTE) in 1999.The Scheme envisages promotion of industry-institute interaction by facilitating the dissemination of knowledge through the expertise of experienced and knowledgeable personsfrom industry to integrate their rich industrial experience with technical education. The Scheme has received very enthusiastic response from industry and engineering research institutions over the years. Since the year 2018, the scheme has also been made applicable to all retired INAE Fellows. Objectives: The Distinguished Visiting Professor under the scheme will: Deliver lectures on the state-of-art of Industry, industrial ambience and R&D needs of the industry to the students and faculty of AICTE approved engineering colleges/ institutions only. Guide student projects/ theses of interest to industry. Help curriculum development, keeping in view, the changing industrial needs. Develop cooperative undergraduate and postgraduate programmes with industry having potential benefits to faculty, students and Industry. Take up any other activities for the mutual benefit of engineering institutions and industry. ﻿ ﻿","The Distinguished Visiting Professor will be reimbursed air-fare in “Y-Class” or actual fares if performed by Rail or approved INAE rate if travel is performed by Road. The Distinguished Visiting Professoris entitled to an honorarium of ₹ 10,000/- per lecture day. For on-line sessions of DVP Programs, the Experts will be paid only Honorariums of ₹ 10,000/- per day without travelling/lodging expenses based on mutually decided timings between concerned DVPs in association with the concerned Institutes.","The Industry Experts should have a minimum graduate degree in engineering or an equivalent qualification. The Age of a Distinguished Visiting Professor shall be in the range of 40 to 75 years. The applicant must have minimum Ten (10) years experience in Industry; and the individual must have distinguished work experience, as evidenced by development of products, technology, processes, patents, publications, awards etc. All retired INAE Fellows also can apply under this Scheme. Note: For exceptional cases the Selection Committee may relax age limits.","Kindly visit AICTE Website >> Schemes >> Staff Development Schemes >> ""AICTE-INAE Distinguished Visiting Professorship Scheme"": https://www.aicte-india.org/schemes/staff-development-schemes ﻿ Click and download the Application form for ""AICTE-INAE Distinguished Visiting Professorship Scheme"". Fill in the required information. Verify that every page of the application form has signature of the Applicant. Attach all the essential documents along with the Copy of AICTE letter of approval. . Kindly ensure all the information is correct and then send the Application form along with all the essential documents through registered post/ speed post to: Executive Director Indian National Academy of Engineering, Unit No. 604-609, 6th Floor, Tower A, SPAZE I-Tech Park, Sector 49, Sohna Road, Gurgaon - 122018 Phone: 0124-4239480 Fax: 0124-4239481 E-mail: inaehq@inae.in ﻿ https://www.inae.in/ ﻿ ﻿ ﻿ ﻿ Note: Application sent to AICTE Office will not be considered. ﻿ ﻿","Copy of AICTE letter of approval. Copy of Educational Qualifications, Degrees obtained, Industrial Experience and any specialized training in research/ design/ management/projects. Copy of Publications. Copy of Details of IPR. Any other documents as required. Note: An Industry Expert/ Retired INAE Fellow desirous of being INAE Distinguished Visiting Professor may fill in Part I of the Format. ﻿ Part II of the Format is to be filled by an AICTE approved Engineering College/Institution.",Central,Education & Learning,,"Fellowship, Distinguished Engineers, Engineer Scientists, Technologists, Visiting Professorship"
AICTE-INAE Travel Grant Scheme For Engineering Students From AICTE Approved Engineering College/Institution,ai-tgses,"A Travel Grant Scheme by the All India Council for Technical Education (AICTE) and by the Indian National Academy of Engineering (INAE), for the students from AICTE approved Engineering College/institutions. The scheme aims at enhancing the quality of engineering education in the country and to inculcate a culture of research amongst the students. The scheme aims to provide partial travel assistance and registration fees to Bachelors's and Masters's Level engineering students for presenting a research paper at an international scientific event(conference/seminar/symposium/workshop/exhibition etc) to encourage engineering students to engage in research. Pre-final and final year students of B.E./B.Tech or Integrated M.Tech and first and second-year students of M.E./M. Tech from AICTE-approved Engineering Institutions is eligible under the scheme. The student must have scored a minimum 7 CGPA or 65% in order to be eligible to apply under this scheme. The student should have a letter of acceptance for presenting a research paper that has been accepted in a conference/seminar/symposium/workshop/exhibition abroad.","Financial Support The reimbursement of 100% Registration Fee, Visa Fee including travel insurance up to ₹5000. The reimbursement of 50% of the actual Airfare or discounted /concessional air tickets along with local transport from the airport to the venue for presentation, in case not claimed from any other source. Actual fare not exceeding AC II-Class train fare will be admissible for travel from the Technical Institution to the nearest airport and back in India). The maximum financial support per student for all the above reimbursements is limited to ₹1,00,000. ﻿","The applicant must EITHER be a Pre-final/final year student of B.E./B.Tech, OR Integrated M.Tech and first/second-year student of M.E./M. Tech, OR Students pursuing MS Research, M.Sc. in Engineering, dual degree B.Tech and M.Tech or any degree with a minimum of 4 years of engineering studies. The applicant must be pursuing the degree course from an AICTE-approved Engineering Institution. The applicant must have scored a minimum of 7 CGPA or 65% in the previous year's annual examination. The applicant must possess a letter of acceptance for presenting a research paper accepted in a conference/seminar/symposium/workshop/exhibition abroad. ﻿ NOTE: A student is eligible only once during the course of his/her study for finance al support under the subject scheme.","Procedure to Apply ﻿ The application should be sent at least eight weeks prior to the date of presentation of the research paper through email at inaehq@inae.in and hard copy as well at the following address: Executive Director Indian National Academy of Engineering (INAE) Unit No 604-609 6th Floor, Tower A, SPAZE I-Tech Park, Sector-49, Sohna Road, Gurgaon - 122 018 Phone: 0124-4239480 Fax: 0124-4239481 Website: www.inae.in ﻿","Curriculum Vitae containing the Date of Birth and Age, Awards, Scholarships, Educational Qualification, Research Experience, and List of Publications. Passport Size Photograph. A copy of the Letter of Acceptance from the organizers of the event. Abstract/Full text of paperas submitted for the event. A brief on the Project Impact of the paper presented. A brief on Expected Outcome from the paper presented. A scanned copy of the Certificate by the student. A scanned copy of the Endorsement by the Head of the Institution.",Central,"Education & Learning, Travel & Tourism",,"Travel, Grant, Student"
AICTE-ISTE INDUCTION/REFRESHER PROGRAMME SCHEME,iirps,"AICTE-ISTE Induction/ Refresher Programme has been launched by the All India Council for Technical Education with an intention to provide financial assistance to AICTE approved institutions/universities in conducting training for the teaching faculties working in technical institutions. ﻿ Objectives: The AICTE-ISTE Induction/Refresher Programme are essential for teachers in technical institutions for their professional refinement. The other aims for the conduct of these Programme are: Updating knowledge and improving organizational and pedagogical skills of teachers. To update the knowledge by providing an opportunity for interaction and mutual exchange of ideas between teachers interested and/or working in particular areas of specialization. Providing an opportunity for teachers to familiarize themselves with modern engineering practices, including the latest technological advances adopted by industry keeping in view the national needs and priorities and relevant technologies. Opening up before teacher’s new vistas in technology at the frontier of knowledge and the challenges and opportunities which provide to the dedicated and hard working. ﻿ Type of Training Induction Training. Refresher Training. ﻿ Duration of Programme The duration of the Programme shall be one week (six working days).","Funding to the  institution/University: ₹ 3,00,000/- ﻿","AICTE approved institutions/University departments imparting technical education. Coordinator must be a full time regular faculty with adequate experience in teaching and research with publications. Maximum 2 proposals per institute would be considered in a year. Preferably one self-financing program should have been arranged in last 12 months by the college. ISTE will charge ₹1,500/- per proposal as processing fee. The proposals will be accepted only if institute pays the processing fee through RTGS/NEF","Registration of New Institute: Step 01: Visit http://portal.aicte-india.org/partnerportal_enu/start.swe and click on 'New Institute' button. Step 02: Users will be redirected to another website. Hover the cursor on Login and select ‘Investor Login’. Step 03: New users need to click on ‘Sign Up Now’ to register. Step 04: Enter the details and click on ‘Verify’ to receive OTP on your Email Id and Mobile Number. Step 05: After successful verification Click on ‘Sign Up Now’ to register. ﻿ Post-Registration Process: Step 01: Visit http://portal.aicte-india.org/partnerportal_enu/start.swe and log in with the credentials provided by AICTE. Step 02: Navigate to AQIS Application Screen by clicking on ‘AQIS Application’ screen tab. Step 03: Institute details will auto populate in the AQIS Application. Step 04: Fill demographic and Bank details . Step 05: Only after confirming the Bank Details, the 'New' button will be enabled for adding the AQIS Application. Click on 'New' button to create AQIS Application. Step 06: A unique AQIS Application ID will get created. Select the ""AICTE-ISTE INDUCTION/REFRESHER PROGRAMME SCHEME"" as Scheme from the drop down List. Step 07: Now details to be filled for the as followed: Program Details, Personalities Expected, Participating Industries ,Similar Events, Budget Estimate -Others, Academic Credentials of Coordinator/ PI/ Applicant, Justification, Credential of Institute / Department. Step 07: Once the user has filled all the data in the above mentioned tab, user should click on ‘Validate Application’ button on the ‘AQIS Application’ tab. Step 08: User will get a pop up message to attach a Mandate Form after downloading the sample form. Step 09: Now fill the amount in the ‘Total Funds Requested’ under label ‘Budget Estimates Others’. Step 10: After Validation is completed successfully, read the declaration, check it and click on Save. Step 10: Click on “Submit” button to submit the application.","Offer letter of ISTE for conduct of the Programme An acceptance letter by the institute in response to the offer letter Detailed schedule of training Programme List of resource persons invited with full address, contact details, topics etc. List of participants attended the Programme Copy of question paper and participant's performance for the test conducted. Minimum five shotogranhs and Pen drive/CD of selected sessions. List of participants Feedback of the participants with signatures Photographs of the conducted event (05 Nos) Supporting bills/documents and paid vouchers on account of expenses incurred for the purpose. Two hard copies of proceedings in bound form The above documents should be counter signed by the Coordinator. A copy of question papers A cody of result of the test conducted ﻿ Note: The University/Institution should submit the documents necessary for release of the 1st installment within 15 days of receipt of the Offer Letter and documents necessary for release of 2nd installment latest by the end of one month of conduct of the event.",Central,Education & Learning,,"Training, Technical Education, Pedagogical Skills, Skill Development, AICTE"
AICTE-LILAVATI AWARD,ala,"AICTE-LILAVATI AWARD , launched by the intends to recognize efforts being made by AICTE approved institutions to treat women with ‘equality and fairness’ in all spheres of their lives. By means of this initiative, all the stakeholders (especially the girl students) in AICTE approved institutions would get a unique opportunity to present a solution to the prevalent issues of gender discrimination, such as illiteracy, unemployment, economic and nutritional disparities, maternal mortality, human rights, etc. Also, if anyone has already made a successful effort towards making a mark in the society, in establishing women’s emancipation/ empowerment at large, she/ he can showcase their efforts/ contributions. Objectives: To create awareness about the importance of issues like sanitation, hygiene, health, and nutrition using indigenous knowledge of existing resources. To create awareness about issues like literacy, employment, technology, credit, marketing, innovation, skill development, natural resources and rights among women. Improve digital literacy to empower women to use mobile phone apps, financial literacy, online banking, access websites & portals through the internet, using debit & credit cards etc. To work towards development of the girl child and adolescents, and the welfare of women by generating awareness on gender equality and providing access to services. Educate the marginalized women and adolescent girls about the intergenerational cycle of malnutrition and the lifelong damaging effects, and thereupon educate them on nutrition, food security, sexual and reproductive health, and health services. To make women knowledgeable about various policies & schemes of Central & State Governments regarding Women & Child development and take avail benefits of these schemes. Providing access to services and benefits of schemes. For promoting and practicing ideas of self-reliance and gender equity. Develop self-dependence, entrepreneurial skills & self-employment amongst rural women. To bring about empowerment of communities, hence the footprint of such activities may also encompass neighboring/ surrounding villages/areas through community mobilization, and promoting participatory approaches for development. To promote competitive spirit and encourage more active participation of girls in sports. To encourage young girls to join different vocations in micro/macro enterprises and various professions, including para-military forces, police etc. as career options. Targeted Sub-Themes: AICTEs Lilavati Award 2021-22 intends to seek applications from the eligible teams, who have undertaken remarkable intervention for the cause and made an impact, in the form of a short video clip (not more than 4-5 minutes duration) that showcases their work under the following sub- themes: - Women and Adolescent Health: Issues related to nutrition, maternal mortality, women and adolescents’ reproductive and sexual health, cancer, pregnancy issues - prenatal and post-natal, depression and anxiety, child care, etc. Self Defence: Training/ awareness programs for safety measures - girl child safety, domestic violence, work place harassment, confidence building programs, etc. Environment, Sanitation & Hygiene: Hygienic surroundings in the community, keeping environment clean, home & environment hygiene, water conservation, clean environment etc. Literacy and Life Skills: Basic education, formal and non-formal education (functional literacy), digital literacy, awareness against taboos, etc. Reduce dropout rates of girl students at pre-secondary, secondary & Senior Secondary stages through provision of toilets in schools to reduce dropout rates. Women Entrepreneurship: Financial safety, business opportunities, Government schemes, credit, etc. Linking women to credit, microfinance, banks, forming cooperatives / SHGs, forming groups in villages for helping in decision making, skilling work eg. at least one family member to earn income through innovation. Generate visible improvement in entrepreneurship & self-employment amongst women. Legal Awareness: Women`s rights & duties, gender equality in society & work place. Technology for Women: Innovative technology used for women empowerment in areas like handicraft, weaving, craftsmanship, promoting business through digital means, development of mobile app, etc. Women Innovators (Rural/Urban): Identifying/ training/supporting/promoting women innovators, patent filling etc.","Award and Recognition of the work: The award in the form of prize money will be given to the 24 winning teams (three under each sub-theme) as follows: 1. Winner: ₹ 1,00,000/- 2. First Runner-up: ₹ 75,000/- 3. Second Runner-up: ₹ 50,000/- ﻿",Institutional/ Team Level comprises either of students/ faculty/ both from AICTE approved technical institution/Deemed to be University. Had undertaken remarkable intervention in the various sub-themes and made an impact in the society. The team has to showcase their work undertaken in the last two years from the date of announcement of the award for the cause of women empowerment. Note: The maximum team size will be 5 members having a minimum of 2 (two) women members.,"Registration Process: Visit https://lilavati.aicte-india.org/signup ﻿ Insert Permanent Institute ID(PID) by clicking on ' Get Details' button. Then enter Email ID and set a password. Click on ' Sign Up'. After clicking 'Sign Up' , institute will receive email for activation of account. Post-Registraion Process: Visit https://lilavati.aicte-india.org/login ﻿ Enter your Email and Password. Click on ' Sign In'. Fill ' Institute Details' and ' HOI Details'. ﻿ ﻿ Click on ' Faculty' tab to view Faculty Details. Click on 'Application Form 1' and fill all the required details of the Institute. Click on the 'Check Box' and then on 'Submit' button. Click on 'Next' Button to submit Part 2 of application. Under ' Application Form II' tab click on ' Create New Application'. Select 'Theme' and 'Category'. Fill ' Institute Details' and click on 'Submit'. Then Add 'Faculty Details'. Click 'Get List of Faculties'. Copy ' Faculty ID'. Paste ' Faculty ID'. C lick on 'Submit'. Then fill 'Student Details'. Click' Next'. Click on ' Create New Activity' for ﻿ entering details of ﻿ the activities ﻿ performed by Team (Max 5 activities per theme). Fill required details and upload all the necessary files then click on 'Save as Draft'. Now click on ' Preview and Submit'. Then click on 'Part II saved application'. Now click on ' Submit Application'. Click on 'Create New Application' to Submit New Application for new theme (Max 5 Applications per institute for different themes are allowed).","Geotagged photograph of the location where the program/ intervention/ activity has been executed (If multiple please combine them in the form of pdf) (Format: pdf, Maximum Size: 5 MB) Proof such as Appreciation Letter issued by the Government/ Institution/ Any Organization etc (If more than one, please convert into single PDF and upload maximum 5) (Format: pdf, Maximum Size: 5 MB) Photographs related to interventions/programs/activities (With Geotagging/ screenshots of properties of photographs, 20 Maximum) (Format: pdf, Maximum Size: 5 MB) Media clippings/ coverage related to interventions/ programs/ activities (In Print and Electronic Media (with screen grabs of news stories on Electronic medias) (Format: pdf, Maximum Size: 5 MB) Video of high resolution related to interventions/ programs/ activities (Not more than 4-5 minutes duration) (Format: Video, Maximum Size: 150 MB) Declaration for nomination of application (Download and take the print out of Annexure-I then reupload it with seal and stamp)",Central,Social welfare & Empowerment,,"Women Empowerment, Financial Assistance, AICTE"
AICTE-Margdarshan scheme,ams,"Margdarshan Initiative has been introduced by All India Council for Technical Education in 2018 for facilitating the technical institutes in order to improve the quality of technical education as a whole through accreditation by providing access to the facilities available in host institute.This Initiative is a facilitative mechanism that aims to foster & augment the support ecosystem in the Institutes approved by AICTE for enhancing their quality across all domains. Margdarshan Institute or Mentor Institute(MI): A well-established AICTE approved institute/Centrally Funded Institutes such as IITs/ NITs /IIITS/IISc/ISERs/IIMs etc. referred to as Margdarshan Institute or Mentor Institute (MI) is supported with an objective to mentor up to 10 nearby institutes in achieving accreditation. Mentee Beneficiary Institute (MBI): A mentee beneficiary institute (MBI) shall be facilitated by the MI by sharing the best practices, guidance for initiating project proposals, achieving outcome based education and other related aspect. The MBI should be located within a reasonable distance of MI (approximately 200 km). The MI shall be required to submit a list of potential MBIs (limited to 10 institutes) while submitting the application. It may be noted that the participation of an institute to receive mentoring by an MI is purely on voluntary basis. On confirmation of the nomination as MI from AICTE, an MoU shall be executed between the MI and the respective associated MBIs. The Council does not approve of any sort of financial transaction or effect accruing out of such MOU. General terms and conditions of MOUs may be mutually decided between the MI and respective MBIs. In addition, MOU should mandatorily contain undertaking from respective MBIs stating that: They have never been enrolled as MIs by AICTE. They have never been mapped as MBI with any other MI. None of their programs were accredited in the past ten years. Prerequisites: An institute seeking MI status must carry out an initial assessment of MBI to ascertain the threshold of host institute for getting accreditation (check of basic parameters such as admissions/enrolment for last three years, faculty, infrastructure etc.). Selecting a MBI without having adequate potential shall be a futile exercise. MIs have to submit present status of the department-wise approved intake, enrolled admissions and present accreditation status of all the proposed MBIs. ﻿","For Margdarshan Institute or Mentor Institute(MI): The Council has made provisions of a token grant in aid of ₹ 3,00,000/- per MBI. Hence a maximum  ₹ 30,00,000/- can be sanctioned to an MI for conducting activities under the Margdarshan Scheme for 10 MBIs altogether. Suitable honorarium to staff (Chief Coordinator, supporting persons, etc.) engaged in running the scheme. Such expenditure should be booked under the Heads 'Honorarium for MI Staff'. The maximum honorarium shall, however, be limited to 4% of the overall grant as allotted. Item For any Serving/Retired Academician as Internal Experts of MIs. Remarks Travel Allowances (TA) (1)AC 2 tier accommodation / Chair Car when travelling by train                      (2) By own car / taxi limited to maximum of the prevailing rates of taxi notified by Central / State Government as applicable in the area from time to time. Payment of TA charges & honorarium will be done through respective MIs. Out of grant-inaid released by AICTE Honorarium ₹ 3,000/- per day - Local Support Local support includes utilities such as local lodging, boarding, secretarial support, working office, other utilities etc. shall be provide by the host MBI when such experts visit the institute. - ﻿ Note: It is clarified that overall expenditure shall not exceed the funds sanctioned/ allotted to the MI. No reimbursement shall be made for expenditure exceeding the given amount. For Mentee Beneficiary Institute (MBI): All activities should be mutually coordinated between the MIs and the associated MBIs to derive maximum benefi and for the betterment of the MBIs to a standard for seeking accreditation. A suggested list of activities is as follows: General: Workshop on Accreditation process, SWOT analysis for MBIs. FDPs/ Workshop on generation & submission of infrastructure project through various state/ central schemes. Workshop on Promoting Research, Consultancy, Industrial Projects etc. Guest lectures on Faculty motivation Institutional visit at MI or other Accredited institutes Benchmarking exercise with discussion on programme/department wise target for achieving Accreditation. Guest lectures on Innovation, start-up & entrepreneurship environment for faculty and students. Workshops on modifications of curriculum, new teaching- learning process etc that aids in OBE. Mapping of the activities with the Graduate Aptitudes must be clearly done. Workshops on various initiatives of AICTE for spreading awareness for better development of institution, faculty and students. FDPs/ Workshops on parameters of NIRF ranking. Institutional Reforms: Implementation of curricular reforms and development. Improve student performance and evaluation. Implement performance appraisal of faculty by students. Facilitating Guest/Special lectures. Assisting institute to organise faculty development programmes. Research interaction and innovation with faculty & students. Focus on Technical and life skill encouragement. Assist faculty in enhancing Outcome based education. Quality Improvement: Improving student learning. Improving student employability. Increasing faculty productivity and motivation through professional development. Increase in the average score of students participating in tests designed to measure technical and critical thinking skills. Percentage of sanctioned faculty positions in participating institutions submitted by regular or contract faculty as per AICTE norms. Increase in number of Faculty Trained in either their subject domain, pedagogy or management. Participation of institutes in newly designed research-hub related activities. Increase in average satisfaction level of the Student, Staff and Faculty.","For Margdarshan Institute or Mentor Institute(MI): The institution, i.e. university, institute, college should have been approved by AICTE. AICTE approval is not mandatory in case of Central Funded Institutions wherever applicable. In case of AICTE approved institutions, MI must have got accreditation for consideration under the scheme. The Accreditation status for such programs should be valid for at least 6 moths from the date submission of the proposal. Institutions with other programmes: AICTE approved institutions other than those of engineering like Management, Hotel Management, the accreditation status should be valid for at least 6 months from the date of making the application. Institutions with Diploma Courses: An institute exclusively running the diploma courses can also submit the proposal for MI. There should be minimum four diploma courses running in the institute with valid accreditation status for at least 6 months from the date of making the application. For Mentee Beneficiary Institute (MBI): Only AICTE approved institutes are eligible to receive mentoring from MIs. They have never been enrolled as Mls by AICTE. They have never been mapped as MBI with any other MI. None of their programs were accredited in the past ten years. ﻿",Step 01: An institute seeking MI status will be required to forward an application signed from head of the institute along with the detailed project report (DPR) . Step 02: Verify that every page of the application form has the signature and stamp of the Head of Institute. Step 03: Attach all the essential documents along with the filled application form. Step 04: Kindly ensure all the information is correct and then send the Application form along with all the essential documents to the concerned address mentioned in the circular released by the AICTE from time to time. ﻿,Below are the endorsing checklist that should be enclosed in the Application cum Detailed Project Report : Basic Details of the institute Number of MBIs proposed in the etailed Project Report (DPR) Consent of all MBIs proposed in DPR Programme wise (Diploma/UG/PG) Pre-Qualifiers for each MBI Self-undertaking enclosed Details of Proposed Activities enclosed Mandate form,Central,Education & Learning,,"Technical Education, Grant-in-aid, Mentor Institute, Mentee Beneficiary Institutes"
AICTE-National Initiative for Training of Technical Teachers (for Inductee Teachers) Scheme,nift,"In order to train the Inductee Teachers in AICTE approved / recognised institutions, this National Initiative for Technical Teachers Training (for Inductee Teachers) has been launched in 2020. It imparts training to the Inductee Teachers in three phases. The first phase of the training programme for the Inductee Teachers shall be conducted in Massive Open Online Courses (MOOCs) mode for eight modules on the SWAYAM platform through the NITTT portal followed by one-month industrial internship (second phase) and then mentor based training (third phase). Purpose: The purpose of this scheme is to provide a framework for training of Inductee Teachers in AICTE approved institutions. ﻿","Training: Inductee Teachers will get training in three phases. Certification: Only after successful completion of all the three phases, a final training completion certificate shall be issued to the Inductee Teacher.",All the teachers working in technical institutions/universities imparting technical education (as defined in Section 2(h) of AICTE Act 1987). ﻿ Programmes should be recognised by AICTE.,"Step 01: Participant need to visit: https://www.nittt.ac.in/nittt/index.php/site/register.html ﻿ Step 02: Click on Participant Corner , then select Participant Register . Step 03: On the next page, enter your Name, Email, Mobile and verification code. Step 04: After submitting the details, the participant will receive an email which is consisting of the verification link, Step 05: By clicking the verification link, the participant will be redirected to the second phase of the registration process. In the second phase of registration the participant has to provide basic information, present employment details, experiences and registration payment. Step 06: In the basic information tab, the portal collects the details such as photo(Less than 20Kb), gender, date of birth, category, Experience, Highest Qualification, Faculty position, Password, confirm password, communication address, state, district, city and pin code. Step 07: The faculty position has options as Inductee Teacher and Aspiring Teacher. If the participant selects the Inductee Teacher then the participant will be redirected to present employment details; otherwise, the participant will be redirected to the payment gateway. Step 08: When the participant selects the option as an Inductee Teacher , the inductee teacher will be moved by submission to present employment details. The present employment tab consists of present designation, department, college/institution, district, state, and date of joining in the present employment. In this tab, all the fields are essential. Step 09: The participant has to enter the past experience which may arise from academic institutions or industry. Step 10: After submitting the experience details, the participant will be redirected to the final tab of the registration called payment. The participant has to pay the registration fee through clicking the button “Proceed to Pay”. Step 11: Once the participant paid the registration fee, a unique registration id will be generated. The transaction details will be recorded and the module payment page will be displayed. The participant has to select the modules and do the payment for the pedagogy modules. ﻿ ﻿",Photo (Size less than 30KB). All educational qualification certificates. ﻿,Central,Education & Learning,,"Training, Technical Education, Pedagogy Modules, Inductee Teacher"
AICTE-PROFESSIONAL DEVELOPMENT SCHEME,pds,AICTE-Professional Development Scheme has been launched by the All India Council for Technical Education with an intention to provide financial assistance to regular faculty of the AICTE approved institutes and AICTE officers on regular and deputation basis in order to present research papers at international conferences abroad& within India. Objectives: To enable the meritorious faculties and officers of AICTE to interact at international level to update themselves to the global changes in the concerned field of specializations through paper presentation in conference abroad& within India.,"Limit of Funding: Up to ₹ 1,50,000/- ﻿ Disbursement of the Funds: The grant will be disbursed on reimbursement basis on receipt of claim form along with relevant documents. Total grant will be based on the recommended group of countries with fixed financial effect as follows:- Group A : North America, Australia, South America, New Zealand : ₹ 1,50,000/- Group B : Europe, Far-East Asia, Japan, China, Hong Kong, Taiwan, Korea,& Africa : ₹ 1,20,000/- Group C: Neighboring Countries, Gulf Countries & SE Asia:₹ 1,00,000/- Group D : Within India: ₹  50,000 Group E : Conferences which are not covered under the above Groups (Group A-D) will be evaluated by the committee Amount recommended as per group of countries or Average of amount recommended by the experts, or, Actual expenditure incurred, whichever is lesser will be entitled. Reimbursement of the following expenditures will be granted: Registration fee for conference. Per Day, allowance (Days of the conference plus actual journey period) asper the central government rules. Total expenses towards travel from international airport to destination airport and back. Note: In case a candidate has availed grant in Group D, individual is still eligible to avail this grant for international support (with in a period of three years) minus the amount utilized for with in India. In case of the workshop/conference/seminar being held in online mode, AICTE will only be releasing the registration fee. Terms and conditions: The applicant has to perform the journey by Air India only, unless Air India gives an official certificate that there is no flight on the concerned sector (either of Air India itself or in collaboration with some other airlines). In case, journey is performed by any other airline, the airfare approved will not be released. Applicant should submit only one proposal at a time. In case an application of a candidate for a particular event (for a Particular date as well as a particular venue) is rejected, the same shall not be considered again and no correspondence in this regard shall be entertained by the Council. The grant offered cannot be utilized for any other purpose other than the purpose for which granted. Application should be submitted three months in advance.",Full time regular faculty from the AICTE approved Institute/AICTE approved University Department (with at least 5 years of existence). The officers of Assistant Director and above on regular and deputation basis in AICTE. The applicant must not have availed the grant under this scheme during the last three years. Applicant must have received acceptance of paper from the organizer of conference abroad& within India.,"Registration of New Institute: Step 01: Visit http://portal.aicte-india.org/partnerportal_enu/start.swe and click on ' New Institute' button. Step 02: Users will be redirected to another website. Hover the cursor on Login and select ‘Investor Login’. Step 03: New users need to click on ‘Sign Up Now’ to register. Step 04: Enter the details and click on ‘Verify’ to receive OTP on your Email Id and Mobile Number. Step 05: After successful verification Click on ‘Sign Up Now’ to register. ﻿ Post-Registration Process: Step 01: Visit http://portal.aicte-india.org/partnerportal_enu/start.swe and log in with the credentials provided by AICTE. Step 02: Navigate to AQIS Application Screen by clicking on ‘AQIS Application’ screen tab. Step 03: Institute details will auto populate in the AQIS Application. Step 04: Fill demographic and Bank details . Step 05: Only after confirming the Bank Details, the 'New' button will be enabled for adding the AQIS Application. Click on 'New' button to create AQIS Application. Step 06: A unique AQIS Application ID will get created. Select the ""AICTE-PROFESSIONAL DEVELOPMENT SCHEME"" or ""Travel Grant Scheme"" as Scheme from the drop down List. Step 07: Now details to be filled for the as followed: Program Details, Personalities Expected, Participating Industries ,Similar Events, Budget Estimate -Others, Academic Credentials of Coordinator/ PI/ Applicant, Justification, Credential of Institute / Department. Step 07: Once the user has filled all the data in the above mentioned tab, user should click on ‘Validate Application’ button on the ‘AQIS Application’ tab. Step 08: User will get a pop up message to attach a Mandate Form  after downloading the sample form. Step 09: Now fill the amount in the ‘Total Funds Requested’ under label ‘Budget Estimates Others’. Step 10: After Validation is completed successfully, read the declaration, check it and click on Save. Step 10: Click on “Submit” button to submit the application.","Documents to be submitted for reimbursement claim: The claims for reimbursement in the prescribed format duly supported by the following relevant documents should be sent to AICTE through the Head of the Institution in the enclosed Performa within two months of the completion of the visit: Certified attested copy of passport indicating visa/immigration as proof of undertaking journey. Self-attested certificate for the journey performed. Statement of expenditure incurred against the amount of travel grant offered under different heads. Air-tickets of Air-India / Indian Airlines (properly legible and in original with original Boarding Pass). Certificate from Air-India indicating the shortest route to the venue approved. If journey is not performed by Air-India due to non-availability of flight official certificate from Air-India, stating that there is no flight in the concerned sector (either of Air India itself or in collaboration with some other Air-lines) on that particular date. Letter of acceptance of paper from the organizer of conference. Original receipt of Registration Fee paid. Copy of paper presented in conference. Voucher indicating the rate at which foreign currency is purchased. Travel documents/ certificate of participation from the concerned institutional agency. Progress report on the international conference participated along with outcome and benefits of the event stating scientific and technical activities undertaken during period in the prescribed format duly counter signed by Director/Registrar/Principal. Certificate from the head of the institution stating that the applicant has not availed the grant under travel grant scheme of AICTE during the last two years. Details of assistance received from and/ or facilities provided by other organization for the conference with documentary proof. The details of assistance received or facilities provided by the organizers of the conference or any other similar Indian/foreign agency. Certified copy of AICTE Extension of approval for current year. E-payment details in the prescribed proforma. Photographs of conference participated. ﻿",Central,Education & Learning,,"Conferences, Reimbursement, Travel Grant, Faculties, Seminars, Symposia, AICTE"
AICTE-QUALITY IMPROVEMENT (FOREIGN UNIVERSITY) PROGRAMME,qipfu,"The All India Council for Technical Education in its 55th Meeting of the Council held on 14th August 2018 approved the Quality Improvement Programme (Foreign University) (QIP-FU). The QIP(FU) is an extension of the QIP program launched by the Government of India in the year 1970. Under QIP (FU), the AICTE shall provide scholarships to the faculty who fulfils eligibility criteria and obtains admission in the Doctoral Degree programme leading to award of PhD degree in any of the enlisted top 500 universities/institutes (based on the QS ranking, the Times ranking and the Shanghai ranking) in the world. Objectives: The objectives of QIP(FU) programme are as follows: To open an opera of avenues for faculty pursuing Doctoral programme leading to award of Ph.D degree from a foreign university / institution, To fill the large gap among the faculty having PG degrees in AICTE approved institutes to obtain Ph.D degree, To reduce local competition, To make the Indian faculty as competitive as that of International faculty and known globally, Besides strengthening of present research scenario in the Country, the horizons may be expanded to other developed countries – who have highly qualified faculty who can help or guide PhD scholars, More number of funding agencies, Universities have best of facilities like laboratories, libraries, publications etc. for conduct of research work, Opportunities for employment are more and beyond teaching.","Scholarship of ₹ 25,000/- per month.",A full time regular/permanent faculty members of AICTE recognized Degree Level Colleges. The candidate should possess three years teaching experience at graduate level. Should have a Master’s degree in the appropriate branch. Should have an admission offer in Ph.D programme from the Foreign University of Listed ranking system in previous five years. ﻿,"Step 01: The faculty who fulfils the eligibility criteria as laid down in the Scheme document, shall apply directly for admission in the Doctoral degree programme in any of the top 500 foreign universities / institutions ranked by the QS ranking, THE ranking and Shanghai ranking. Step 02: Having obtained admission in the particular University / college etc., the applicant faculty must also seek to obtain Visa, travel grant if any, fellowships/assistantship / scholarship and/ or any other grants etc. Step 03: Candidates need to fill the application form along with other required documents and submit to AICTE to the below address: ﻿ All India Council for Technical Education (AICTE) Nelson Mandela Marg, Vasant Kunj, New Delhi-110070 Phone: 011-26131576-78,80 ﻿","Application form duly filled along with photograph. Documents issued by the foreign university conveying admission and the duration with start and end dates. Copy of passport and valid visa, with date of onward journey. Attested copy of the Mandate Form duly filled and signed by the Head of the College / Institute. Copy of the 'Undertaking' furnished to parent Institute in India. Date for onward journey. Authentication / Recommendations of the Parent Institute that the applicant faculty fulfils the eligibility criteria and his / her relieving. ﻿",Central,Education & Learning,,"Scholarship, Financial Assistance, Doctoral Degree"
"AICTE-SHORT TERM TRAINING PROGRAMME (STTP) (UT-J&K,LADAKH AND NER)",asttpsu,Short Term Training Program (STTP) in North-Eastern Region (NER) and UTs of J&K and Ladakh intends to conduct faculty trainings through financial assistance from AICTE to enable faculty members in the field of technical education introspect learn techniques that can help prepare students for active and successful participants in a knowledge society. ﻿ Duration of Programme: It is a residential programme of six days. The approved STTP shall be conducted within six months from the date of release of funds. ﻿,"Funding to Institutions: ₹5,00,000/- to the host University/Institution for conducting the training for the academic year. Disbursement of the Funds: The full amount of the grant sanctioned shall be released as advance to the University/Institution. The amount spent by the institute on the conduct of STTP shall be adjusted on the basis of utilization certificate and detailed expenditure statement submitted by the University/Institution on the prescribed format along with other mandatory documents viz feedback form, copy of proceedings and completion report etc. The above said amount of grant shall be released on the basis of the Extension of Approval (EOA) issued by AICTE to the institute for the academic year. ﻿ Training to Teachers/Staffs: Faculty training in the field of technical education with following type: Pedagogical Training. Subject related Training to teachers employed in disciplines: Engineering & Technology, Management, Pharmacy, Architecture etc. Training related to Moral Values, Ethics, Behavioural Sciences & Attitude etc. Training for teachers regarding orientation of newly admitted students. Training for supporting technical and administrative staff including Librarian.","For Institution: AICTE approved institutions. For Faculty: All teachers, supporting technical and administrative staff in areas of technical education. ﻿ Note: Maximum 5 proposals per institute per year including sanctioned, earlier but not completed, would be considered. However, maximum 3 proposals per institute shall be approved.","Registration of New Institute: Step 01: Visit http://portal.aicte-india.org/partnerportal_enu/start.swe and click on New Institute button . Step 02: After the redirected to another website, now hover the cursor on Login and select ‘ Investor Login’. Step 03: Click on ‘Sign Up Now’ to register. Step 04: Enter the details and click on ‘Verify’ to receive OTP on your Email Id and Mobile Number. Step 05: After successful verification Click on ‘Sign Up Now’ to register. ﻿ Post-Registration Process: Step 01 : Visit http://portal.aicte-india.org/partnerportal_enu/start.swe and log in with the credentials provided by AICTE. Step 02 : Navigate to AQIS Application Screen by clicking on ‘AQIS Application’ screen tab. Step 03: Institute details will auto populate in the AQIS Application. Step 04: Fill demographic and Bank details . Step 05: Only after confirming the Bank Details, the 'New' button will be enabled for adding the AQIS Application.Click on 'New' button to create AQIS Application. Step 06: A unique AQIS Application ID will get created.Select ‘SHORT TERM TRAINING PROGRAMME (STTP) (UT-J&K,LADAKH AND NER)’ as Scheme from the drop down List. Step 07: Now details to be filled for the as followed: Programme Details, Personalities Expected, Participating Industries ,Similar Events, Budget Estimate -Others, Academic Credentials of Coordinator/ PI/ Applicant, Justification, Credential of Institute / Department. Step 07: Once the fill out all the data in the above mentioned tab, click on ‘Validate Application’ button on the ‘AQIS Application’ tab. Step 08: Will get a pop up message to attach a Mandate Form  after downloading the sample form. Step 09: Now fill the amount in the ‘Total Funds Requested’ under label ‘Budget Estimates Others’. Step 10: After Validation is completed successfully, read the declaration, check it and click on Save. Step 10: Click on 'Submit' button to submit the application. ﻿ ﻿ ﻿","Submission of documents by university/institution: The following mandatory relevant documents are required to be submitted by the university/institution within one month of the completion of the program: Original Statement of actual expenditure & Utilization Certificate in the prescribed proforma duly signed by the Head of the institution and countersigned by Registrar/Finance Officer/Govt. Auditor. In case of self-financing/private institutions, Statement of actual Expenditure & Utilization Certificate are required to be audited & signed and sealed by a Chartered Accountant endorsing the membership number and complete postal address. ﻿ Feedback form in the prescribed proforma. Copy of the proceedings and completion report. ﻿ For the Teachers Duly filled application form. Biodata and recent photograph. Curriculum vitae highlighting relevant teaching experience and qualifications. Statement of purpose explaining your interest in the chosen STTP topic. Recommendation letter from the Head of Department or Principal.",Central,Education & Learning,,"Financial Assistance, Technical Education, Faculty Training"
AICTE-Swanath Scholarship Scheme For Students,aicte-ssss,"A scholarship scheme by the Student Development Cell (StDC) of All India Council for Technical Education (AICTE) to provide encouragement and support to orphans, wards of parents who died due to Covid-19, wards of Armed Forces, and Central Paramilitary Forces martyred in action (Shaheed) to pursue education. This is an attempt to give every such child, an opportunity to study further and prepare for a successful future through education in AICTE Approved institutions and courses. The family income from all sources should not be more than ₹8,00,000 per annum during the financial year of the application. The candidate should be currently studying in the AICTE Approved institutions and courses at the Degree/Diploma level in regular mode (in 1st /2nd / 3rd /4th year). The candidate should NOT be a Recipient of any of the Central Govt. / State Govt. / AICTE Sponsored scholarships. A maximum of 2000 scholarships (1000 for Degree Students and 1000 for Diploma Students) will be awarded every year to eligible candidates as above. ₹50,000.00 per annum for every year of study i.e. maximum 4 years duration for first-year admitted Degree students and maximum 3 years for Diploma Students as lump sum amount towards payment of college fee, purchase of computer, stationeries, books, equipment, software, etc.","NUMBER OF SCHOLARSHIPS A maximum of 2000 scholarships (1000 for Degree Students and 1000 for Diploma Students) will be awarded every year to eligible candidates as above. ﻿ AMOUNT OF SCHOLARSHIP Rs. 50,000.00 per annum for every year of study i.e. maximum 4 years duration for the first year admitted Degree students and maximum 3 years for Diploma Students as lump sum amount towards payment of college fee, purchase of computer, stationeries, books, equipment, software, etc. ﻿ No other additional grant will be payable in lieu of hostel charges, medical charges, etc. In case the student is currently studying in the 2nd /3rd/4th year at degree level the duration of the scholarship will be reduced to 3/2/1 year respectively. Similarly, for students currently studying in the 2nd /3rd year at diploma level, the duration of the scholarship will be reduced to 2/1 year respectively.","The candidate should be one of the following: (i) an orphan, OR (ii) whose either or both parents died due to Covid 19, OR (iii) Ward of Armed Forces and Central Paramilitary Forces martyred in action (Shaheed). The family income from all sources should not be more than ₹8,00,000 per annum during the financial year of the application. The candidate should be currently studying in the AICTE Approved institutions and courses at the Degree/Diploma level in regular mode (in 1st /2nd / 3rd /4th year). The candidate should NOT be Recipient of any of the Central Govt. / State Govt. / AICTE Sponsored scholarships.","Step 1: Go to Official Website . Guidelines for Registration will appear. Scroll to the bottom. Read carefully the undertaking. Accept the Terms. Click “Continue”. Step 2:  A Registration Form will appear. (The fields marked as * are compulsory) Fill in the details: State of domicile, Scholarship Category, Name of the Student, Scheme Type, Date of Birth, Gender, Mobile Number, Email ID, Bank Details, and Identification Details. Click “Register”. Your Application ID and password will be displayed. The same will also be sent as an SMS on your registered mobile number. Step 3: Go to the Official Website . Click on “Login to Apply”. Enter your Application ID and password. Type the Captcha and click “Login”. On the next screen, provide the OTP received on your registered mobile number. You will be directed to the Password Reset screen. Create a new password and confirm. Click “Submit”. You will be directed to the “Applicant’s Dashboard”. Step 4: On the left pane, click “Application Form”. The fields marked as * are compulsory. Fill in the details and upload the documents. You can either click on “Save as Draft” to complete the application later. Else, click “Final Submit” to submit the application. After successful submission of the application form, an application ID and password will be generated which can be used for future references. ﻿ Note All the applicants are advised to fill out the form correctly, no changes can be made once submitted. The applicants are also advised to fill in only one application as multiple applications will cancel the form.","A. For Orphan Candidates: (i) Death Certificates of both Father & Mother (if available), OR a certificate issued by Tehsildar / SDM as per enclosed format (Annexure – I). (ii) Bonafide Certificate issued by the institution. (iii) 10+2 / equivalent and 10th Mark sheet for Degree Level (iv) 10th /equivalent Mark sheet for Diploma Level (v) Category Certificate (SC/ST/OBC-NCL) ﻿ B. For Candidates whose either or both Parents Died due to Covid 19: (i) Death Certificate of Father/Mother or both explicitly mentioning that the death was due to Covid-19. (ii) If one parent (Father or Mother) is alive, the current year income certificate, explicitly mentioning that income of the family is less than ₹8,00,000 (issued by the Competent Authority). (iii) Bonafide Certificate issued by the institution. (iv) 10+2/equivalent and 10th Mark sheet for Degree Level (v) 10th /equivalent Mark sheet for Diploma Level (vi) Category Certificate (SC/ST/OBC-NCL) ﻿ C. For Wards of Armed Forces and Central Paramilitary Forces martyred in action (Shaheed) (i) Death Certificate. (ii) Shaheed Certificate issued by the Armed Forces/ Central Paramilitary Forces (iii) Bonafide Certificate issued by the institution. (iv) 10+2/equivalent and 10th Mark sheet for Degree Level (v) 10th /equivalent Mark sheet for Diploma Level (vi) Current year income certificate, explicitly mentioning that income of family less than ₹8,00,000, issued by Competent Authority. (vii) Category Certificate (SC/ST/OBC-NCL)",Central,Education & Learning,,"Orphan, Scholarship"
AICTE-Technical Book Writing & Translation Scheme,atbwt,"AICTE-Technical Book Writing & Translation scheme has been launched by the All India Council for Technical Education (AICTE) to promote the use of 'Scheduled Regional Language' in Technical Education for creating knowledge base in local language and to encourage creation of treasure of latest technical knowledge incorporating the newest developments by grant of financial support to the distinguished faculty/writers/translators. Objectives: To encourage, promote and support maximum number of writers to write and publish the technical subject books in Indian scheduled regional language including Hindi. List of (12) Scheduled Regional Languages included in Technical Book Writing Scheme of AICTE: Hindi. Assamese. Bengali. Gujarati. Kannada. Malayalam. Marathi. Odia. Punjabi. Tamil. Telugu. Urdu.","Maximum funding for translation work and for original Technical Book Writing (Funding will be shared in case of multiple authors) shall be limited to : Original book writer for UG : ₹ 2,00,000/- Original book writer for Diploma : ₹ 1,50,000/- Reviewer for UG : ₹ 40,000/- Reviewer for Diploma : ₹ 30,000/- Translator for UG & Diploma: ₹ 1,00,000/- Reviewer of translated books in regional languages for UG & Diploma: ₹  20,000/- (In case of an author & co-author for one book, the amount will be split between the both).",The Faculty- retired or working in AICTE approved institutions (Degree/Diploma/Pharmacy/Management/Architecture etc.) or researchers of suchinstitutions. The proposed author(s) to be of reputed with command over the subject and the language chosen for writing. The proposed author(s) should have a proven academic record of brilliance. The proposed author(s) should have been recognized in the similar nature work earlier.,"Kindly visit AICTE Website > Schemes > Staff Development Schemes > Technical Book Writing and Translation or visit https://www.aicteindia.org/schemes/staff-development-schemes ﻿ Click and download the Application for Technical Book Writing and Translation. Fill in the required information. Verify that every page of the application form has signature and stamp of the Institute’s Head. Attach all the essential documents along with the filled application form. Kindly ensure all the information is correct and then send the Application form along with all the essential documents through registered post/ speed post to: Prof. Dileep N Malkhede, Adviser RIFD All India Council for Technical Education, Nelson Madela Marg, Vasant Kunj, New Delhi - 110070 ﻿ ﻿",Required details and documents: Institute Details. Details of the Writer of the book/Translator. Details of the Book to be Evaluated. Academic credentials of the book writer. Purpose/Benefits of writing/translating the book. Mandate Form (For Institutes / Colleges).,Central,Education & Learning,,"Technical Book Writing, Translation, Financial Support, Remuneration"
AICTE-Training programs for Physical Education Trainers/Sport-Games Teachers/Director of Sports,atppe,"Training programs for Physical Education Trainers/Sport-Games Teachers/Director of Sports, launched by All India Council for Technical Education, aims to support institutions in conducting trainings to develop the skill of the participants to involve the masses in traditional sports/games and fun games for physical activity through recreation. Objective: The objectives of this program are: To orient the participants to develop physical fitness through mass participation in physical activities. To develop the skill of the participants to involve the masses in traditional sports/games and fun games for physical activity through recreation. To update the participants with modern rules, regulations and techniques. To empower the participants to contribute to sports management and sports technology and to manage mass physical activities for fitness and recreation. Duration/Type/Participants: Two weeks residential program with minimum Twenty Five participants. Period of completion of Training Programme: The programme will be conducted within six months of receipt of fund from AICTE. If it is not conducted during above period due to any reason, then fund along with interest is to be returned to AICTE. Test and Certificate: A test to be conducted at the end of the Program and a certificate to be issued to only those participants who attended the Program and qualified in the test. Terms and conditions: Funds once released/sanctioned for organizing the particular topic/ area of program cannot be utilized for any other program. In case the event is cancelled, the funds will be returned back to AICTE immediately with interest accrued thereon. Any extra money required to complete the program must be borne by the institute from their own resources. But the quality of the activities should not be compromised. At least 25 percentage of course curriculum should be transacted through resource persons from outside the training institutions. However, Honorarium to Resource Persons (within and outside) including TA/DA shall be restricted ₹ 2,000,00/-.","Funding to the institution: ₹ 6,39,000/- per program. ﻿ S.No. Head of expenditure Rate per head (in Rs.) Limit of funding (in Rs.) 1. Boarding & Lodging to the participants (Boarding + Lodging) @ ₹ 500/- 25 participant for 14 days (₹  500x25x14days) ₹ 175,000.00/- 2. TA to outstation participants III AC/Actual Fare @ ₹ 4000/- per participant(₹ 4000x25) ₹ 100,000.00/- 3. Honorarium to course Coordinator (lump sum) ₹ 25,000.00/- 4. Reading material to participants (including reprographic arrangements, office expenses, stationery, etc.) i) @₹ 500 per person(₹ 500x 25 participant ii) office expenses (lump sum) ₹ 12500+7500=20,000.00/- 5. Honorarium to Resource Persons (both from within and outside the training institution) including TA/DA as applicable. Honorarium to resource person @ (₹ 3000/- per session) (3000x54 =162000) for 54 session + TA @₹  2000/- and DA @ ₹ 500 Per person for 15 Persons ₹ 2,00,000.00/- 6. Sports accessories (Track upper and lower, T-shirt) @₹ 1600 per participant for 25 participant(1600x25) ₹ 40,000.00/- 7. Official/ground assistant for 14 days @₹ 1000 /-per person for 14 days (1000x14) ₹ 14,000.00/- 8. Inauguration and valedictory function, certificates, mementoes etc. ﻿ ₹ 40,000.00/- 9. Miscellaneous Expenditure ﻿ ₹ 25,000.00/- 10. Total Amount in Rs. ﻿ ₹ 6,39,000/- ﻿",AICTE approved technical institutions.,"Registration of New Institute: Step 01: Visit http://portal.aicte-india.org/partnerportal_enu/start.swe and click on 'New Institute' button. Step 02: Users will be redirected to another website. Hover the cursor on Login and select ‘Investor Login’. Step 03: New users need to click on ‘Sign Up Now’ to register. Step 04: Enter the details and click on ‘Verify’ to receive OTP on your Email Id and Mobile Number. Step 05: After successful verification Click on ‘Sign Up Now’ to register. ﻿ Post-Registration Process: Step 01: Visit http://portal.aicte-india.org/partnerportal_enu/start.swe and log in with the credentials provided by AICTE. Step 02: Navigate to AQIS Application Screen by clicking on ‘AQIS Application’ screen tab. Step 03: Institute details will auto populate in the AQIS Application. Step 04: Fill demographic and Bank details . Step 05: Only after confirming the Bank Details, the “New” button will be enabled for adding the AQIS Application. Click on “New” button to create AQIS Application. Step 06: A unique AQIS Application ID will get created. Select the ""TRAINING PROGRAMS FOR PHYSICAL EDUCATION TRAINERS/SPORT-GAMES TEACHERS/DIRECTOR OF SPORTS"" as Scheme from the drop down List. Step 07: Now details to be filled for the as followed: Program Details, Personalities Expected, Participating Industries ,Similar Events, Budget Estimate -Others, Academic Credentials of Coordinator/ PI/ Applicant, Justification, Credential of Institute / Department. Step 07: Once the user has filled all the data in the above mentioned tab, user should click on ‘Validate Application’ button on the ‘AQIS Application’ tab. Step 08: User will get a pop up message to attach a Mandate Form  after downloading the sample form. Step 09: Now fill the amount in the ‘Total Funds Requested’ under label ‘Budget Estimates Others’. Step 10: After Validation is completed successfully, read the declaration, check it and click on Save. Step 10: Click on ' Submit' button to submit the application. ﻿ ﻿","Original Statement of actual expenditure & Utilization Certificate in the prescribed proforma duly signed by the Head of the institution and countersigned by Registrar/Finance Officer/Govt. Auditor, along with bills/vouchers/invoices. In case of self-financing/private institutions, Statement of actual Expenditure & Utilization Certificate are required to be audited & signed and sealed by a Chartered Accountant endorsing the membership number and complete postal address. Feedback forms duly signed by the participants indicating their contact details. Copy of the proceedings and completion report. Rail tickets/boarding passes. Other documents as required.",Central,Education & Learning,,"Training, Physical Education, Sport Games, Physical Fitness"
ARAVANAIPPU,a-pudu,"The scheme ""ARAVANAIPPU"" is a financial assistance scheme by the Department of Women and Child Development, Government of Puducherry. This scheme aims to improve the status of the girl child and provide nutritious food; financial assistance of ₹1200 is offered to lactating mothers. The girl child of the applicant should be born after 1-4-2005. This assistance is provided only for upto two girl children.",₹1200 financial assistance to lactating mothers. *The selection is periodical and depends on the availability of funds.,"The applicant should be a citizen of India. The applicant should be a native of Puducherry by virtue of birth or continuous residence of not less than five years. The applicant should have an annual family income not exceeding ₹24,000. The applicant should be at least 18 years old. The girl child of the applicant should be born after 1-4-2005. The assistance is provided only for two girl children.","Step 1: The interested applicant should visit (during office hours) the Office/ Sub-Office of the Department of Women and Child Development, and request the hard copy of the prescribed format of the application form from the staff exclusively entrusted to issue and collect filled-in applications. OR The interested applicant should take print of the prescribed format of the application form. Step 2: In the application form, fill in all the mandatory fields, paste the passport-sized photograph (signed across, if required), and attach copies of all the mandatory documents (self-attest, if required). Step 3: Submit the duly filled and signed application form along with the documents to the Deputy Director (Women Development) or the Child Development Project Officer (depending on the location), at least 30 days before the proposed marriage date. Step 4: Request a receipt or acknowledgment from the concerned authority to whom the application has been submitted. Ensure that the receipt contains essential details such as the date and time of submission, and a unique identification number (if applicable).","1. Aadhaar Card. 2. Residence Certificate from the Revenue Department. 3. Income Certificate from the Revenue Department. 4. Voter ID Card. 5. Passport-sized Photograph. 6. Declaration/Undertaking (if any). 7. Birth Certificate of the Girl Child. ﻿ In the absence of an Aadhaar Card; the applicant is required to provide his/her Aadhaar Enrolment ID along with ANY ONE of the following documents - 1. Bank or Post Office Passbook with Photo. 2. Permanent Account Number (PAN) Card. 3. Passport. 4. Ration Card. 5. Voter Identity Card. 6. MGNREGA Card. 7. Kisan Photo Passbook. 8. Driving license issued by the Licensing Authority under the Motor Vehicles Act, 1988 (59 of 1988). 9. Certificate of identity having a photo of such person issued by a Gazetted Officer or a Tehsildar on an official letterhead. 10. Any other document as specified by the Department.",State,"Women and Child, Social welfare & Empowerment",,"Mother, Child, Girl, Nutrition, Financial Assistance"
ASEAN-India Research Training Fellowship,ai-rtf,"The “ASEAN-India Research Training Fellowship (AI-RTF)” is a fellowship scheme initiated by the Department of Science & Technology (DST), Government of India. The scheme is launched as an initiative under the ASEAN-India Science & Technology Development Fund (AISTDF) to support young talented researchers/scientists of ASEAN member countries (namely Brunei Darussalam, Cambodia, Indonesia, Lao PDR, Malaysia, Myanmar, Philippines, Singapore, Thailand, and Vietnam) to carry out research at any of the Indian research/academic Institution. Objectives: The AI-RTF scheme is a fellowship scheme with the following objectives: To promote the mobility of scientists and researchers from the ASEAN-Member Countries to India and provide them the opportunity to work at Indian R&D/ academic institutions to upgrade their research skills and expertise. To facilitate the exchange of information and contacts between the scientists and researchers of India and ASEAN Countries and create a network for building research collaborations. As a spin-off, the Fellowship awardees may also have the opportunity to get co-supervisors from India for their research projects for Ph.D. or Master’s degrees on their return to their home countries. Number of fellowships: Fifty (50) fellowships per year shall be awarded to young scientists and researchers from ASEAN-Member States to get affiliated with Indian academic and R&D institutions. Duration of fellowships: The duration of the Fellowship will be for a period of two to six months. No request for extension \ reduction in the duration period shall be entertained after the award of the fellowship. Management & execution: ASEAN-India Research Training Fellowship (AI-RTF) program shall be managed and coordinated by the Federation of Indian Chambers of Commerce & Industry (FICCI), New Delhi. Areas in which fellowships are available- The area/topic of research for availing AI-RTF must be ASEAN-centric and must be aligned with the ASEAN Plan of Action on Science, Technology, and Innovation (APASTI). The fellowship is offered for working on research topics under any of the following broad disciplines: •	Agricultural Sciences •	Biological and Medical Sciences •	Chemical Sciences & Engineering •	Computer Science & Engineering •	Physical Sciences and Mathematics •	Ocean, Earth & Atmospheric Sciences •	Engineering Sciences •	Materials, Minerals and Metallurgy •	Science Policy/IPR Management/Technology Transfer & Commercialization •	Other multi-disciplinary areas of Science, Technology and Innovation in alignment with APASTI. Note: The fellowship is available in all fields of natural & engineering sciences, including mathematics & statistics, except humanities and behavioral sciences.","1.	 Full financial assistance will be provided to the selected Fellows which includes the following:- a) Round trip international airfare by lowest economy class and by the shortest route from the international airport in the home country of the applicant to the international airport nearest to the host institution in India; visa fees, overseas medical insurance, etc. b)	 A consolidated Fellowship amount of Indian Rupees (INR) 60,000/- per month. c)	One-time grant of INR 40,000/- as research contingency expenses, airport transfers, domestic travel for attending scientific /events, and field trips within India. d) Institutional overhead charges @ INR 2,500/- per month. e)	The allowance as in (a), (b) & (c) will be released to the host institution in India for disbursement to the Fellow. The host Institution will arrange appropriate accommodation for the Fellow on a payment basis. 2.	The selected Fellow is advised to take an appropriate policy for health insurance coverage for the period of stay in India. The cost of obtaining an overseas insurance policy is covered and reimbursable under AISTDF. 3.	 Individual Fellow, or his/ her government/institution, is required to bear the following costs: a) All expenses in the home country incidental to travel abroad, including expenditure incurred to obtain passport and visa and for medical examinations and vaccinations as may be required as well as other miscellaneous expenses such as internal travel to/ from the international airport of departure in the home country. b)	Salary and other related allowances in the home country, if applicable, during the Fellowship period. 4.	Neither the AISTDF nor the host institution in India will assume any responsibility whatsoever for the following expenditure of the Fellows during the tenure of the Fellowship: a) Compensation in the event of death, disability, or loss of personal belongings or compensation for damage caused by climatic or other conditions. b)	Travel and other costs incurred by the dependents, who might accompany the Fellows.","Indian nationals are not eligible for the Fellowship. Applicant must be holding the nationality of any of the ASEAN Member Countries. Applicant should possess at least a Master’s Degree in any Natural Sciences or an equivalent degree in Technology/Engineering/Medicine / allied disciplines. Applicant should be working/studying and/or affiliated with any national R&D or academic institution in his/her home ASEAN Member Country. The application should be endorsed by the Head of his/her institution confirming that if selected, he/ she will be sanctioned leave for the Fellowship period and will join his/ her duties back in the institution on completion of the Fellowship in India. The upper age limit for the applicant is 45 years as of the date of submission of the application. The applicant should be fluent in the English language. ASEAN applicants who have availed of any fellowship scheme of the Government of India during the last 3 years are not ELIGIBLE to apply. The proposed research work in India must be linked/ connected and add value to any of the ongoing research projects/schemes of the Indian host Institute. Note 01: It is strongly advised that the applicant, in his/ her interest, should make prior contact with an Indian institution, where work is in progress in his/her area of interest, or with a concerned scientist in India, and obtain consent that the applicant, if selected for the Fellowship, will be accepted to work in the institution on the proposed research project. A copy of such consent letter should be enclosed with the application. Note 02: In this connection, a suggestive list of Indian academic and R&D institutions has been enclosed with this Announcement to help the applicant, but the applicant is free to contact any other institution in India for his/her affiliation. Note 03: Securing prior consent from an Indian institution/scientist does not guarantee the selection of an applicant. All applications received shall be scrutinized scientifically by DST. DST shall make the final decision based on the quality of the research proposal submitted by the applicant, the applicant's academic merit, and available slots in the Fellowship scheme. Obligations of the AI-RTF fellows: The Fellows will observe the regulations and procedures stipulated below. If they fail to do so, the Fellowship shall be withdrawn. During their tenures, Fellows shall not, either in or outside the host institution, infringe in any way on the human rights of others, including racial or gender discrimination or other forms of abuse. Fellows shall stay in India continuously during the tenure of the fellowship and concentrate on their scientific work at the host institution. Fellows shall not engage in other work, either paid or unpaid, during their tenure. The Fellows shall follow the rules of the host institution and shall not undertake any acts of research misconduct, e.g., fabricating or falsifying research results and misuse of research funds. A Fellow shall submit a fellowship completion research report to the DST/FICCI and ASEAN Secretariat on completion of his/ her tenure.  ( Format for AI-RTF completion report ) Transfer of any type of biological material during the tenure of availing the Fellowship is NOT permissible.","Step 01: The applications are to be submitted only ONLINE at www.aistic.gov.in . Step 02: Applicants should first register in the ASEAN online portal. Click here to register ﻿ Step 03: After successfully registration, the applicant may login to apply for the fellowship. Step 04: Applicants are required to fill all the mandatory fields in the Profile Detail section under User Profile, which includes Bio-data, photo, Institute Address, etc. Step 05: Some of the details of the proposal like Project Title, Project summary, Keywords, Objectives of the project, Expected output and outcome of the proposal, etc. have to be entered at the time of proposal submission. Step 06: After verifying all the filled details, the applicant may submit the application form. Note 01: Other relevant information of the proposal has to be uploaded as a single PDF file, not more than 10 MB. Note 02: The hard copies of the application are not required. Note 03 : The applications submitted through any other form or channel shall not be considered. For More Information About the AI-RTF program, please contact Ms. Sadia Khan (sadia.khan@ficci.com).","Documents to be submitted during application submission: 1.	C.V. of Applicant 2.	C.V. of Indian host 3.	Copy of relevant pages of valid Passport 4.	A copy of the endorsement letter from the present employer in the prescribed format ﻿ 5.	A copy of the acceptance letter from any Indian scientist/ institution for hosting the applicant, if selected, prescribed format ﻿ Documents to be submitted after fellowship approval: 1.	Letter of acceptance by Parent Institute ( Format ) 2.	Letter of consent by Indian Host Institute ( Format ) 3.	RTGS details of Indian Host Institute ( Endorsed by Institute) ( Format ) 4.	Itinerary options (Tickets to be booked by AI-RTF Secretariat) ( Format ) 5.	Joining notification (By Indian Host Institution) ( Format )",Central,"Science, IT & Communications",,"ASEAN, Research, Fellowship, FICCI, Science, Technology, Innovation"
Aahar Anudan Yojana,aaymp,"The scheme ""Aahar Anudan Yojana"" by the Tribal Welfare and Scheduled Caste (SC) Department, Government of Madhya Pradesh, provides monthly assistance of ₹1,000 to students, girls, and women from backward tribes like Baiga, Bharia, and Saharia. The scheme aims to combat malnutrition among special tribal families in the state by ensuring access to nutritious food through financial assistance.","Financial Assistance of ₹1,000/- per month.","The applicant should be a native of Madhya Pradesh. The applicant should be a woman. The applicant should be from the Baiga, Bharia or Saharia tribe. The applicant or any member of the applicant's family should not be in government service. The applicant or any member of the applicant's family should not be an income tax payee.","Registration Step 1: The applicant should visit the Madhya Pradesh Tribal Affairs & Scheduled Caste Welfare Automation System MPTAAS portal. ﻿ Step 2: Click on ""New Beneficiary Profile Registration ."" Step 3: Fill in all the required details. Fields marked with * are mandatory. Complete the form by entering all necessary information. Step 4: Upload all required documents, such as ID proof and other relevant certificates. Step 5: After completing the form and uploading the documents, click ""Submit"". Step 6: You will receive a registration number after successful payment and submission. ﻿ Application Step 1: The applicant should visit the Madhya Pradesh Tribal Affairs & Scheduled Caste Welfare Automation System MPTAAS portal. ﻿ Step 2: Enter your user ID, password, and captcha code, then click ""Login."" Step 3: Choose the scheme you wish to apply for to avail the benefits. Step 4: Enter all required information and upload the necessary documents as prompted. Step 5: Finally, click on ""Submit Application"" to complete the process.","Identity Proof (e.g., Aadhaar Card) Passport-size Photograph Ration Card (optional) Bank Account Details (e.g., Copy of Bank Passbook) Caste Certificate (if applicable) Age Certificate Any other documents as required",State,Social welfare & Empowerment,,"Women, Food, Financial Assistance, Child Care, Meal, Nutrition"
Aaloo Ke Kufri Chipsona-1 Prabhed Ke Kshetra Vistaar Yojana,akckvy,"“Aaloo Ke Kufri Chipsona-1 Prabed Ke Kshetra Vistaar Yojana” launched by the Department of Agriculture, Bihar, aims to increase the production of Kufri Chipsona variety suitable for potato processing in Bihar by expanding its area and to increase the income of farmers by promoting processing. Under this scheme, certified quality seeds of Kufri Chipsona variety suitable for potato processing will be made available to farmers. ﻿","Affordable High-Quality Seeds: Farmers will receive Kufri Chipsona-I potato seeds at an estimated price of ₹4,000/- per quintal or the actual seed price, whichever is lower. Financial Assistance: Total ₹93,863/- per hectare (First year: ₹70,397/- and Second year: ₹23,466/-). ﻿",The applicant should be a resident of Bihar. The applicant should be a farmer. The applicant must have agricultural land a minimum of 0.25 acres (0.1 ha) and a maximum of 5 acres (2 ha). The applicant must be registered on the DBT portal. ﻿ Note 1:  Beneficiary allocation: General Category: 78.56%. Scheduled Castes: 20%. Scheduled Tribes: 1.44%. Women Participation: 30%. Note 2: The benefits of this scheme can be taken by ryot farmers on the basis of land documents and non-ryot farmers on the basis of contract form. Note 3: Beneficiaries will be selected on first come first serve basis.,"DBT Registration Process: Step 1: Visit the registration page of the DBT portal. Step 2: Select Aadhaar verification type: OTP/ BIO-AUTH/ IRIS. Step 3: Enter your Aadhaar number and Name as per Aadhaar. Click on “Authentication”. Step 4: Enter the OTP. Click on “Validate OTP”. Step 5: Now confirm the details about the “Kisan Credit Card (KCC)” Details. Click on “Farmer Registration”. Step 6: In the Registration Page, fill in all the details properly i.e. Farmer details, Land information, Bank account details and click on “Submit”. Step 7: Validate with OTP. Click on “Register” to generate the Registration Id. Note: After 48 hours of registration, farmers can apply for the scheme with the help of 13 digit registration number. ﻿ Online Application of the Scheme: Step 1: Visit the official website . Step 2: Scroll to bottom and confirm the checkbox. Click on “Proceed to apply”. Step 3: In the next page select the “Type of Applicant” and enter the “DBT Registration Number of Kisan”. Click on “Get details”. Step 4: Fill in the required details i.e. Address, Land Details, etc, and upload documents. Step 5: Confirm the checkbox and then click on “Submit”. Step 6: An “Application Number” will be generated. Keep this for future reference. Step 7: Printout of the filled in application also can be taken using the Print option.","For DBT Registration Process: Aadhaar Details (Should be linked with mobile number). Passport Size Photo. Farmer details. Land information. Bank account. For the Online Application of the Scheme: Passport Size Photo. ﻿ Contract form ( for non-ryot farmers). Land-ownership/ revenue receipt (If applicable). Note: If the applicant's name is not clear in the land-ownership/ revenue receipt, it will be mandatory to attach the genealogy along with the land-ownership/ revenue receipt.",State,"Agriculture,Rural & Environment",,"Agriculture, Subsidy, Plant Supply, Financial Assistance, Potato, Kufri Chipsona Varient"
Aam Aadmi Bima Yojana,aaby,"The Aam Aadmi Bima Yojana (AABY) is a social security scheme launched by the Ministry of Labour & Employment, Government of India, and implemented through LIC. It provides death and disability coverage to members of 48 specific occupational/vocational groups, rural landless households, and unorganized workers. Beneficiaries aged 18–59 years pay subsidized annual premiums of ₹200 for insurance coverage. Additionally, scholarships are granted for children studying in grades 9–12, ensuring holistic family welfare. ﻿","Life Insurance Coverage: Natural death: ₹30,000/- Death due to accident: ₹75,000/- Disability Benefits: Total permanent disability (loss of two eyes or two limbs) due to accident: ₹75,000/- Partial permanent disability (loss of one eye or one limb) due to accident: ₹37,500/- Scholarship: Two children of the beneficiary studying between 9th to 12th Standard shall receive ₹100/- per month (for each child half yearly – on 1st July and on 1st January, each year). ﻿ Annual Premium Amount: ₹200/- per member. Subsidy from Social Security Fund (SSF): 50% of the total premium (₹100/-) is subsidized by the Government of India through the Social Security Fund (SSF). Premium Payment for Rural Landless Households (RLH): The remaining 50% of the premium (₹100/-) is paid by the respective State Government or Union Territory. Premium Payment for Other Occupational Groups: The remaining 50% of the premium (₹100/-) is covered by a combination of contributions from the Nodal Agency, the Member, and/or the State Government/Union Territory.",The applicant should be aged between 18 and 59 years. The applicant should normally be the head of the family or an earning member. The applicant’s family should be categorized as below the poverty line (BPL) or marginally above the poverty line. The applicant should belong to an identified occupational or vocational group. The applicant should be part of a rural landless household.,"Death Claim Procedure: Step 1: The nominee of the deceased member submits a claim application to the designated official of the Nodal Agency along with the original death certificate and an attested copy. Step 2: The designated official verifies the submitted claim documents. Step 3: The Nodal Agency prepares a claim packet, including the completed claim form, the death certificate, and a certificate confirming the deceased was the head or earning member of a BPL or marginally above BPL family under eligible occupations. Step 4: The verified claim packet is forwarded to LIC for processing. Accident Claim Procedure: Step 1: The nominee submits an application along with the Death Registration Certificate and additional documents, including the FIR, Post Mortem Report, Police Inquest Report, and Police Conclusion Report or Final Report. Step 2: The Nodal Agency verifies the documents and forwards the claim to LIC for further processing. Scholarship Claim Procedure: Step 1: The member whose child is eligible for a scholarship fills out a scholarship application form twice a year and submits it to the Nodal Agency. Step 2: The Nodal Agency identifies the eligible students and prepares a list of beneficiaries. Step 3: The list, along with details such as the student’s name, school, class, member details, and NEFT information, is sent to LIC’s P&GS unit. Step 4: LIC disburses the scholarship amount directly to the beneficiary’s bank account through NEFT every half year on 1st July and 1st January. ﻿",General Documents: Ration Card Extract from Birth Register. Extract from School Certificate. Voter’s List. Identity card issued by reputed employer/Government Department. Unique Identification Card( Aadhar Card). For Death Claim: Original death certificate along with a copy duly attested. Fo Accident Claim: Copy of FIR Post Mortem Report Police Inquest Report Police Conclusion Report / Final Report of Police. ﻿ ﻿,Central,Social welfare & Empowerment,,"Bima, Insurance, Labour Welfare, DBT, Incentive"
Aam Aadmi Bima Yojana (Maharashtra),aabym,"The ""Aam Aadmi Bima Yojana"" scheme is implemented by the Social Justice & Special Assistance Department, Government of Maharashtra. This Centrally Sponsored Scheme is aimed at providing insurance and scholarship benefits to landless laborers in rural areas, aged 18 to 59 years. The annual premium for each member is ₹200/-, with 50% of the premium subsidized by the State and Central Governments. The scheme covers all categories of beneficiaries and focuses on providing financial security through insurance and educational scholarships.","Natural Death Benefit: ₹30,000 is payable to the nominee in case of natural death before the terminal date. Accidental Death Benefit: ₹75,000 is payable to the nominee in case of death due to an accident. Permanent Total Disability (Accident): ₹75,000 is provided in case of permanent total disability caused by an accident. Loss of Two Eyes or Two Limbs (Accident): ₹75,000 is payable in case of loss of two eyes or two limbs in an accident. Loss of One Eye or One Limb (Accident): ₹37,500 is payable in case of loss of one eye or one limb in an accident. Scholarship Benefit: ₹100 per month is given as a scholarship to children of the insured studying in 9th to 12th standards. The scholarship is available for a maximum of two children per family.",The applicant should be a resident of Maharashtra. The applicant's age should be between 18 and 59 years. The applicant must be a landless labourer. The applicant should be residing in a rural area. The applicant's family should not own any agricultural land. The applicant should not be covered under any other similar insurance scheme.,"Step 1: The interested applicant should visit (during office hours) the Office of the Collector/Tahsildar/Talathi  and request a hard copy of the prescribed format of the application form from the concerned authority. Step 2: In the application form, fill in all the mandatory fields, paste the passport-sized photograph (signed across, if required), and attach copies of all the mandatory documents (self-attest, if required). Step 3: Submit the duly filled and signed application form along with the documents, within the prescribed period (if any), to the concerned authority. Step 4: Request a receipt or acknowledgement from the concerned authority to whom the application has been submitted. Ensure that the receipt contains essential details such as the date and time of submission, and a unique identification number (if applicable). NOTE: Ensure that the application is submitted within the prescribed period, if any.",Proof of Identity Proof of Age Address Proof Certificate of Landlessness Passport-Sized Photographs Income Certificate Application Form Self-Attestation Additional Documents (if applicable) ﻿,State,"Social welfare & Empowerment, Banking,Financial Services and Insurance, Education & Learning",,"Insurance, Scholarship, Accident, Disability, Student"
Aamar Dukan On Wheels,adow,"Details The Government proposes to introduce a new module of “Aamar Dukan” namely “AAMAR DUKAN ON WHEELS” in the same line as the existing ‘Aamar Dukan’. Under the new module, 22 Non-PDS items (which may increase to 36) will be delivered to the doorstep of the consumer at below MRP with a minimum profit margin. Eco-friendly E-rickshaws will be used as the transportation mode under the Scheme. Through this scheme, Government plans to promote cashless transactions as the E-Rickshaws will have a GPS-enabled smart phone, and Bluetooth billing printer which will be connected to the smart phone. Objective The basic objective of the Scheme Aamar Dukan on Wheels is to control the price of essential commodities by avoiding the middleman. Through this scheme, the consumers will get their daily requirements of essential commodities at their doorstep at a reasonable price and shall also contribute to the removal of the unemployment problem. ﻿","Benefits The beneficiary will keep the commodities allotted by the Department in case of AAMAR DUKAN on wheels in addition to other commodities. The selected beneficiaries of AAMAR DUKAN on wheels is allowed to take a profit margin of Rs. 2.00 to Rs. 3.00 per Kg./Per litre from consumers. The selected beneficiaries must abide by the direction of the Director, FCS&CA, Deputy Commissioners/Sub-Divisional Officers/Principal Secretaries of all Autonomous Councils. Any lapse on their part will be viewed seriously and legal action may be initiated also they will have to return the financial aid in addition to interest to the authority. The beneficiary should operate his shop as per the schedule specified by the authority. Any lapses in this regard will amount to the cancellation of his licence. The area of operation will be specified by the local authority for each beneficiary. The AAMAR DUKAN holders on wheels must display the displaying board of prices while distributing commodities. The AAMAR DUKAN holders on wheels will lift commodities from the selected wholesalers/stockists as per the direction of the respective Deputy Commissioners/Sub-Divisional Officers/Principal Secretaries of all Autonomous Councils. The beneficiary should operate his shop as per the schedule specified by the authority. Any lapses in this regard will amount to the cancellation of his licence. The AAMAR DUKAN on wheels should maintain the stock book and distribution register for inspecting authority. ﻿",Eligibility The applicant should be educated unemployed youth. The applicant should be a permanent resident of Assam. He should attain the age of 18 years and above. His name should be registered in the Employment Exchange. The minimum educational qualification will be HSLC or equivalent.,"Application Process Deputy Commissioners/Sub-Divisional Officers/Principal Secretaries of all Autonomous Councils will invite applications and selection will be made on merit which includes Educational Qualification. Past experience if any, and Financial condition","List of the required document Age proof. Address proof. Personal Identification: Aadhaar Card, Voter ID & Driving License. Educational Qualification. Experience certificate, if any. Photographs.",State,Business & Entrepreneurship,,"Aamar Dukan, Wheels, Business, Startup"
Aapki Beti Hamari Beti,abhb,"The scheme “Aapki Beti Hamari Beti” was launched by the Department of Women and Child Development, Government of Haryana on 24th August 2015. Under the scheme, the State Government will invest a sum of ₹21000/- with Life Insurance Corporation (LIC) in the name of the 1st Girl child of SC/BPL families, and the 2nd child of a family belonging to any other caste. On attaining 18 years of age, the girl child will be paid the amount. This scheme was launched by the state government with the aim that every girl child has a right to be born and have access to education to develop her potential. The scheme guidelines shall come into force w.e.f. 22nd January 2015. Objectives: To bring about change in the societal attitude towards the birth of the girl child. To improve the child-sex ratio in the state. To improve enrolment and retention of girl children in schools and to assist the girls to undertake income-generating activities. To raise the age of marriage of girls. To ensure survival, and proper health and promote the education of girls in the state. Coverage: The scheme shall be implemented in both rural and urban areas of the state, covering 1st girl child born in families belonging to Schedule Caste, and all Below Poverty Line (BPL), and 2nd/twin/multiple girls born on or after 22nd January 2015 in any family in the State of Haryana satisfying the eligibility criteria. The LADLI scheme is merged into “Aapki Beti Hamari Beti Scheme” and 2nd /twin/multiple girls born on or before 2Ist January 2015 in any family in the State of Haryana, satisfying the eligibility criteria of the Scheme, will be paid benefits as per the rules of erstwhile LADLI Scheme. Monitoring of the Scheme: Monitoring of this scheme shall be done at the level of the Women and Child Development Department, Haryana, and also by 3rd Party audit, as decided by the State Government from time to time.","Keeping in view the aims of the Scheme, the Government will provide benefits/financial assistance to each girl child beneficiary. This will be provided in the following manner: All Scheduled Caste families whose first girl child is born on or after 22nd January 2015 shall be eligible to receive a one-time grant of ₹21,000/- only. All Below Poverty Line (BPL) families whose first girl child is born on or after 22nd January 2015 shall be eligible to receive a one-time grant of ₹21,000/- only. All families whose second girl child is born on or after 22nd January 2015, will receive ₹21000/- (One Time) irrespective of their caste, creed, religion, income, and number of sons. In special cases, when twin/multiple girls are born on or after 22nd January 2015 will receive ₹21000/- (One Time) per girl child in any family of the State of Haryana satisfying the eligibility conditions. All families whose second girl child is born on or before 21st January 2015, will receive ₹5000/- girl child per annum for five years irrespective of their caste, creed, religion, income, and number of sons. (This is applicable for those cases who were eligible for benefit under the Ladli scheme), In special cases, when twin/multiple girls are born on or before 21st January 2015 will receive ₹2500/- per girl child per annum for five years irrespective of their caste, creed, religion, income, and number of sons in any family of the State of Haryana satisfying the eligibility conditions. (This is applicable for those cases who were eligible for benefit under the Ladli scheme). The money is to be invested with LIC of India under the Scheme 'Aapki Beti Harnari Beti' in the name of the girl child beneficiary through her mother. In case, the mother is not alive then the money would be deposited in the name of the beneficiary girl child through the father. If both the parents are not alive then this money would be deposited in the name of the beneficiary girl child through her guardian. Note: The money shall be released within one month of submission of the completed application of the beneficiary through her mother/father/guardian. Withdrawal of Benefit: The benefit sanctioned under the scheme shall be withdrawn by the competent authority at any stage if it is found that it was sanctioned incorrectly or received by providing false information/fabricated documents. In case of wrong information, deliberately given by the applicant, he/she shall be liable for prosecution as per law. he investment made in the shape of a membership certificate under this scheme shall not be liable for attachment under any law. If the beneficiary dies after attaining the age of 18 years then the parents of the beneficiary will be eligible for receiving benefits. The beneficiary would not be eligible for the benefit under the scheme in case she gets married before the age of 18 years. Note: In case of the death of the beneficiary before 18 years of age, her enrolment as a beneficiary under the Scheme Aapki Beti Harnari Beti, would be cancelled with immediate effect, and funds invested against this enrolment would be taken back from Scheme Aapki Beti Hamari Beti with interest and deposited in the receipt Head of the Department.","The following will be the eligibility criteria for beneficiaries under the scheme:- All Scheduled Caste families whose first girl child is born on or after 22nd January 2015 shall be eligible to receive a one-time grant. All Below Poverty Line (BPL) families whose first girl child is born on or after 22nd January 2015 shall be eligible to receive a one-time grant. All families whose second girl child is born on or after 22nd January 2015, will receive a one-time grant irrespective of their caste, creed, religion, income, and number of sons. In cases, twin/multiple girls born on or after 22nd January 2015, will receive a one-time grant per girl child in any family satisfying the eligibility conditions. All families whose second girl child is born on or before 21st January 2015, will receive a one-time grant per girl child per annum for five years irrespective of their caste, creed, religion, income, and number of sons. (This is applicable for those cases who are eligible for benefit under the Ladli scheme). In cases, when twin/multiple girls are born on or before 21st January 2015 will receive a one-time grant per girl child per annum for five years irrespective of their caste, creed, religion, income, and number of sons in any family of the State of Haryana satisfying the eligibility conditions. (This is applicable for those cases who are eligible for benefit under Ladli scheme). All parents resident of Haryana or having a Haryana domicile and at least one of the parents along with the girl child should be residing in Haryana. The pregnant women should be registered at the nearest Anganwadi Centre or with the Health Department. The birth of all girl children shall be registered. The girl child shall have an Aadhaar number. However, at the time of enrolment, the Aadhaar number of the parents is also accepted. The parents should ensure proper and timely immunization of the girl children and immunization records (as per age of the girl children) should be attached with the application form. Beneficiaries should be enrolled in Anganwadi Centre as per their age. Change of address: It shall be obligatory for the parents/guardian of the girl children to intimate any change of address to the Women and Child Development Project Officer/ District Programme Officer and Civil Surgeon concerned. Eligibility to encash Membership Certificate: In order to obtain the maturity value of the investment in the Membership Certificate at the time of applying the beneficiary girl must be: 18 years of age Unmarried","Step 01: The application form will be available free of cost from the Anganwadi Centre or can be downloaded from the website of the Department. Step 02: The duly filled form along with the self-attested copy of the birth certificate & immunization card of the beneficiary and the Aadhaar number of child or of the parents shall be deposited with the Anganwadi Worker/Health Staff. Step 03: The Anganwadi worker/Health Staff shall submit the same to the Circle Supervisor/Medical Officer or to the Women and Child Development Project Officer/Civil Surgeon. Step 04: The Women and Child Development Project Officer/Civil Surgeon will forward the cases to the District Programme Officer of the concerned district, who will sanction the amount as per the eligibility of the beneficiaries and would deposit the said amount via Aadhaar number linked with bank account of Life Insurance Corporation of India for investment in the name of the beneficiary. Note 01: Employees of Haryana Government, but residing at Chandigarh and Delhi can apply to District Programme Officer Panchkula and District Programme Officer Gurgaon respectively. Note 02: Life Insurance Corporation of India shall issue a Membership Certificate in favour of each beneficiary enrolled with them. The said membership certificate shall be given to the concerned District Programme Officer for onward delivery to the parents/guardian of the concerned beneficiary. Note 03: The eligible girl along with her mother, father and guardian will apply on the prescribed Proforma to the District Programme Officer, Who after ascertaining the eligibility shall hand over the Membership Certificate to the beneficiary.",Aadhaar Card- Girl(s)/Parents/Guardian Residence proof Caste Certificate Self-attested copy of the birth certificate Immunization card of the beneficiary Passport Size photographs of the beneficiary BPL Card (If applicable) Bank account details ﻿,State,Social welfare & Empowerment,,"Beti, Girl Child, Investment, LIC, Financial Assistance, Grant"
Aapki Beti Yojana,aby,"The ""Aapki Beti Yojana"" scheme was launched by the School Education Department, Government of Rajasthan, to support girls in continuing their education in government schools from Class 1 to 12. Under the scheme, financial assistance of ₹2,100/- per year is provided to girls studying in Class 1 to 8 in government schools who belong to families living below the poverty line (BPL) and whose one or both parents have passed away. For girls studying in Class 9 to 12, the assistance is ₹2,500/- per year. The scheme is implemented by the Rajasthan Balika Shiksha Foundation.","Financial Assistance: ₹2,100/- per annum for girl students in classes 1 st to 8 th . ₹2,500/- per annum for girl students in classes 9 th to 12 th . Mode of Disbursement: Direct Benefit Transfer (DBT) to the bank account linked with Jan Aadhaar of the family head or the girl child.",The applicant should be a native of Rajasthan. The applicant should be a girl student The applicant should be studying in a government school in Rajasthan. The applicant should be studying in classes 1 st to 12 th . The applicant’s family should fall under the Below Poverty Line (BPL) category. The applicant should have lost either one parent (single parent) or both parents.,"To avail of the benefits of the scheme, the parents/guardians need to contact their respective government school. Data Entry on Shala Darpan Portal: School authorities log in through the Shala Darpan School Login . Navigate to the ""Student"" tab and fill required details in Form-9. Category Selection for Eligible Girls: Under the “Mandatory Student Information for Beneficiary Schemes” section, select class-wise eligible girls under “BPL” and “Orphan/Single Parent” categories. Beneficiary Approval: Visit the Beneficiary Scheme Portal through School Login. Select the appropriate scheme and approve and lock the displayed list of eligible girls. Verification by District Education Officer (DEO): Locked data is reflected on the DEO (primary/secondary) office login. DEO completes final verification using OTP-based approval. Jan Aadhaar Verification: Before submission, ensure that the girl’s Jan Aadhaar is verified on the Shala Darpan Portal, as funds are transferred via DBT.",Passport size photo of the applicant Identity proof of applicant Educational Certificates BPL Certificate Death Certificate of Parent(s) Jan Aadhaar Card of Family Head or the Girl Bank Account Passbook linked with Jan Aadhaar Any Other Document if Required,State,"Education & Learning, Women and Child",,"Financial Assistance, Girl Student, BPL, Below Poverty Line, Daughter"
Aastha Yojana,asr,"The scheme ""Aastha Yojana"" was launched by the Department of Social Justice and Empowerment, Government of Rajasthan. It aims to provide BPL-equivalent benefits to families with multiple specially-abled members. Under this scheme, eligible families receive free medical treatment, ration supplies, and other welfare benefits. To avail of the benefits, a family must possess an Aastha Card, and their annual income should not exceed ₹1.20 lakh.","Aastha cardholder families receive benefits similar to BPL families, including free medical treatment and ration supplies. Note: Aastha cardholders are entitled to benefits from all BPL-related schemes run by different state government departments.","The applicant should be a native of Rajasthan. The two or more members should be specially abled from the same family. The applicant must have a disability of 40%. The annual family income should not exceed ₹1,20,000/-.","Step 1: The interested applicant should visit office of the District Social Justice & Empowerment Office and request a hard copy of the prescribed format of the application form from the staff exclusively entrusted to issue and collect filled-in applications. Step 2: In the application form, fill in all the mandatory fields and attach copies of all the mandatory documents (self-attest, if required). Step 3: Submit the duly filled and signed application form along with the documents to the District Social Justice & Empowerment Office. Step 4: Request a receipt or acknowledgment from the District Social Justice & Empowerment Office to whom the application has been submitted. Ensure that the receipt contains essential details such as the date and time of submission and a unique identification number (if applicable).",Identity proof Domicile Certificate Disability Certificate Aadhaar Card Any Other Document if Required,State,"Health & Wellness, Social welfare & Empowerment",,"Persons With Disabilities, Medical Treatment, Ration, Welfare Benefits, PwD, Astha Card"
Aatmanirbhar Gujarat Scheme for Assistance to Mega Industries: Assistance of Interest Subsidy,agsmais,"The ""Aatmanirbhar Gujarat Scheme for Assistance to Mega Industries"" is an umbrella scheme launched by the Industries and Mines Department, Gujarat. It aims to empower the state's dynamic mega-industry sector, which significantly contributes to employment, GDP, and exports. Effective from October 5, 2022, to October 4, 2032, this initiative supports growth, investments, and the vision of ""Aatmanirbhar Gujarat"" and ""Aatmanirbhar Bharat."" The component ""Assistance of Interest Subsidy"" offers a fixed quantum of interest subsidy for new industrial setups or expansion projects, facilitating industrial investments and encouraging economic development.",Substantial Interest Reduction: Interest Subsidy: @7% on the term loan. Capped Amount: A maximum of 1.2% of eligible fixed capital investment per annum for 10 years.,"The mega industry must operate as a manufacturing unit. The unit must have a minimum investment of INR 2,500 crore in plant and machinery. The unit must provide direct employment to at least 2,500 persons. The unit must belong to one of the thrust sectors as defined in the Guidelines (Refer Page No. 9). New industrial units or expansion projects are eligible. Units must avail of term loans for fixed capital investment from recognized financial institutions. The unit must bear at least 2% interest on term loans, even if availing of other subsidies. Units must ensure regular repayment of loan installments.","Registration Process: Step-1: Visit the Investor Facilitation Portal (IFP) portal. Click on ""New Investor Registration"" to access the registration form. Step-2: Fill in the Registration Form. Click on ""Submit"". Step-3: Verify the E-mail ID using the link sent on your registered E-mail ID. Step-4: After verification, you will be registered successfully. ﻿ Post-Registration Process: Step-1: Visit the Investor Facilitation Portal (IFP) portal. Click on ""Login"". Step-2: Enter the email address and password you used during registration. Step-3: Click the ""Login"" button to access your account. Step-4: Now fill in the required details and mandatory documents about your business to complete the application process. ﻿ Helpdesk: Contact Us. ﻿","Bank Certificate for the Claim Period. Bank/Financial Institute certified Term Loan Account statement for Claim Period. IEM Part – B /IL /LOP of Industrial Undertaking. To be submitted in first claim only. Valid CCA obtained from GPCB (if applicable). First Sale Bill. To be submitted in first claim only. Purchase bill, Sale bill, and Electricity Bill for Last month of Claim Period. Attendance / Salary Register for the Last Month of Claim Period. Employment Statement for the Last Month of the claim Period in Prescribed Format. Details of Apprentice (If applicable). Valid Insurance Policy for Fixed Assets. No due Certificate from Previous Bank (in case of Take-over of Term Loan). Bank Sanction Letter from Bank taken over the Term Loan (If Applicable). Bank/Financial Institute certified Term Loan Account statement for take-over. Authority Letter duly certified with Board Resolution, Directors / Partners / Owner. (Authorised Person should be any Director/Partner/at-least Employee of the Company). Copy of Pan Card (To be submitted in first claim only). Copy of Cancelled Cheque (To be submitted in first claim only).",State,Business & Entrepreneurship,,"Business, Entrepreneurship, Mega Industries, Interest Subsidy, Thrust Manufacturing Sector"
Aatmanirbhar Gujarat Scheme for Assistance to Mega Industries: EPF Reimbursement,agsmepf,"The ""Aatmanirbhar Gujarat Scheme for Assistance to Mega Industries"" is an umbrella scheme launched by the Industries and Mines Department, Gujarat. It aims to empower the state's dynamic mega-industry sector, which significantly contributes to employment, GDP, and exports. Effective from October 5, 2022, to October 4, 2032, this initiative supports growth, investments, and the vision of ""Aatmanirbhar Gujarat"" and ""Aatmanirbhar Bharat."" The component ""EPF Reimbursement"" offers financial support to eligible Mega Industrial Units in Gujarat by reimbursing the employer's contribution to the Employees’ Provident Fund (EPF) for new employees.","Reimbursement: 100% reimbursement of employer’s statutory EPF contribution. Incentive Ceiling: 12% of basic salary + DA or ₹1800/- per month, whichever is lower.","The mega industry must operate as a manufacturing unit. The unit must have a minimum investment of ₹2,500/- crore in plant and machinery. The unit must provide direct employment to at least 2,500 persons. The unit must belong to one of the thrust sectors as defined in the Guidelines (Refer Page No. 9). Only new employees who do not have a Universal Account Number (UAN) before joining the unit are eligible. The reimbursement is only for incremental employee count post-expansion.","Registration Process: Step-1: Visit the Investor Facilitation Portal (IFP) portal. Click on ""New Investor Registration"" to access the registration form. Step-2: Fill in the Registration Form. Click on ""Submit"". Step-3: Verify the E-mail ID using the link sent on your registered E-mail ID. Step-4: After verification, you will be registered successfully. ﻿ Post-Registration Process: Step-1: Visit the Investor Facilitation Portal (IFP) portal. Click on ""Login"". Step-2: Enter the email address and password you used during registration. Step-3: Click the ""Login"" button to access your account. Step-4: Now fill in the required details and mandatory documents about your business to complete the application process. ﻿ Helpdesk: Contact Us. ﻿","Provisional Eligibility Certificate issued under the Scheme (If Applicable). Final Eligibility Certificate issued under the Scheme (If Obtained). Proof of new UAN account for each employee for whom the assistance is to be claimed (one time for every unique UAN). Summary and Detailed Employment Statement. Attendance Register / Salary Register for last month of Claim Period. Salary Slip of all Employees for which EPF Reimbursement Claimed. Payments proof of EPF. Copy of Bank Statement for salary payment. Valid CCA from G.P.C.B. (If applicable). Attendance / Salary Register for the Last Month of Claim Period. Employment Statement for the Last Month of the claim Period (in Prescribed Format). Details of Apprentice (If applicable). Authority Letter duly certified with Board Resolution, Directors / Partners / Owner. (Authorised Person should be any Director/Partner/at-least Employee of the Company). Affidavit in prescribed format.",State,Business & Entrepreneurship,,"Business, Entrepreneurship, Mega Industries, Thrust Manufacturing Sector, EPF Reimbursement"
Aatmanirbhar Gujarat Scheme for Assistance to Mega Industries: Net SGST reimbursement,agsmnsgst,"The ""Aatmanirbhar Gujarat Scheme for Assistance to Mega Industries"" is an umbrella scheme launched by the Industries and Mines Department, Gujarat. It aims to empower the state's dynamic mega-industry sector, which significantly contributes to employment, GDP, and exports. Effective from October 5, 2022, to October 4, 2032, this initiative supports growth, investments, and the vision of ""Aatmanirbhar Gujarat"" and ""Aatmanirbhar Bharat."" The component ""Net SGST reimbursement"" aims to provide financial support to eligible industrial projects by reimbursing a portion of their net State Goods and Services Tax (SGST).","Reimbursement: Eligible units will be reimbursed the full net SGST paid. Maximum limit: Reimbursement is capped at 0.9% of the eFCl value per annum. Long-term support: The scheme offers reimbursement for a period of 20 years, starting from the commencement of commercial production.","The mega industry must operate as a manufacturing unit. The unit must have a minimum investment of INR 2,500 crore in plant and machinery. The unit must provide direct employment to at least 2,500 persons. The unit must belong to one of the thrust sectors as defined in the Guidelines (Refer Page No. 9). The unit must obtain separate GST registration for the eligible products. The project must be a new industrial undertaking with commercial production started within the applicable period. The unit must comply with the conditions stated regarding sales classifications and documentation.","Registration Process: Step-1: Visit the Investor Facilitation Portal (IFP) portal. Click on ""New Investor Registration"" to access the registration form. Step-2: Fill in the Registration Form. Click on ""Submit"". Step-3: Verify the E-mail ID using the link sent on your registered E-mail ID. Step-4: After verification, you will be registered successfully. ﻿ Post-Registration Process: Step-1: Visit the Investor Facilitation Portal (IFP) portal. Click on ""Login"". Step-2: Enter the email address and password you used during registration. Step-3: Click the ""Login"" button to access your account. Step-4: Now fill in the required details and mandatory documents about your business to complete the application process. ﻿ Helpdesk: Contact Us. ﻿","1. Registration Copy Under the Scheme. 2. Provisional Eligibility Certificate Under the Scheme 3. Final Eligibility Certificate Under the Scheme (If Obtained) 4. GST Registration with all Annexures 5. Certificate as per Annexure A (A1 to A4) duly signed by the authorised person of the unit and certified by Statutory Auditor (wherever applicable), Chartered Accountant or Goods & Service Tax Auditor. 6. Details of Sales and Purchase for the Period of Claim duly certified by the Chartered Accountant (Annexure B) 7. Affidavit (in Prescribed format as per Annexure C) - To be submitted with first claim only 8. Affidavit (in Prescribed format as per Annexure D) - To be submitted with every claim 9. CA Certificate for the claim period (in Prescribed format as per Annexure E) 10. CA Certified Credit Ledger Balance from Common portal of GST for the applied quarter 11. CA Certified Cash ledger from Common portal of GST for the applied quarter 12. GSTR-3B form duly signed and stamped by concerned Commercial Tax Officer 13. Authority Letter duly certified with Board Resolution, Directors / Partners / Owner - (Authorised Person should be any Director/Partner/at-least Employee of the Company) 14. Attendance / Salary Register for the Last Month of Claim Period 15. Employment Statement for the Last Month of the Claim Period in Prescribed Format 16. Details of Apprentice (If applicable) 17. Copy of any Purchase bill and any Sale bill for the month of Claim Period 18. Valid Insurance Policy for Fixed Assets 19. IEM Part-B / IL / LOP - To be submitted in first claim only 20. Valid CCA obtained from GPCB (if applicable). 21. Declaration regarding not having any other manufacturing units other than the incentivised unit for manufacturing the same product at any other location in the state. 22. Annual Audit Report for the applied Claim Period (in case of last quarter of Financial year).",State,Business & Entrepreneurship,,"Business, Thrust Manufacturing Sector, Entrepreneurship, Mega Industries, SGST"
Aatmanirbhar Gujarat Scheme for Assistance to Mega Industries: Reimbursement of SGST Paid on Capital Goods,agsmscg,"The ""Aatmanirbhar Gujarat Scheme for Assistance to Mega Industries"" is an umbrella scheme launched by the Industries and Mines Department, Gujarat. It aims to empower the state's dynamic mega-industry sector, which significantly contributes to employment, GDP, and exports. Effective from October 5, 2022, to October 4, 2032, this initiative supports growth, investments, and the vision of ""Aatmanirbhar Gujarat"" and ""Aatmanirbhar Bharat."" The component ""Reimbursement of SGST Paid on Capital Goods"" offers financial assistance to eligible Mega Industrial Units, providing a 100% reimbursement of SGST paid on capital goods during their investment period. The reimbursement is subject to conditions defined under the Gujarat GST Act 2017. ﻿",SGST Reimbursement: Full reimbursement of SGST paid on capital goods for eligible units. Long-Term Support: Reimbursement provided in 20 equal annual installments after a year from commercial production.,"The mega industry must operate as a manufacturing unit. The unit must have a minimum investment of ₹2,500/- crore in plant and machinery. The unit must provide direct employment to at least 2,500 persons. The unit must belong to one of the thrust sectors as defined in the Guidelines (Refer Page No. 9). The capital goods must be acquired within the investment period specified under the scheme. The unit must have commenced commercial production within the timeline set by the scheme.","Registration Process: Step-1: Visit the Investor Facilitation Portal (IFP) portal. Click on ""New Investor Registration"" to access the registration form. Step-2: Fill in the Registration Form. Click on ""Submit"". Step-3: Verify the E-mail ID using the link sent on your registered E-mail ID. Step-4: After verification, you will be registered successfully. ﻿ Post-Registration Process: Step-1: Visit the Investor Facilitation Portal (IFP) portal. Click on ""Login"". Step-2: Enter the email address and password you used during registration. Step-3: Click the ""Login"" button to access your account. Step-4: Now fill in the required details and mandatory documents about your business to complete the application process. ﻿ Helpdesk: Contact Us. ﻿","Registration Under the Scheme Provisional Eligibility Certificate Under the Scheme Final Eligibility Certificate Under the Scheme GST Registration with all Annexures Affidavit (in Prescribed format as per Annexure A) To be submitted in every claim CA Certificate for the claim period (in Prescribed format as per Annexure B) Authority Letter duly certified with Board Resolution, Directors / Partners / Owner. (Authorised Person should be any Director/Partner/at-least Employee of the Company) Valid Insurance Policy for Fixed Assets IEM Part-B / IL / LOP To be submitted in first claim only Valid CCA obtained from GPCB (if applicable). C.A. Certificate for Gross Fixed Capital Investment (In case of Expansion Only) To be submitted in first claim only Chartered Engineer Certificate regarding Existing Installed Capacity and Actual Installed Capacity of expansion Project (In case of Expansion Only) - To be submitted in first claim only PAN Card - To be submitted in first claim only Cancelled Cheque - To be submitted in first claim only",State,Business & Entrepreneurship,,"Business, Entrepreneurship, Mega Industries, Capital Goods, SGST, Thrust Manufacturing Sector"
Aatmanirbhar Gujarat Scheme for Assistance to Mega Industries: Reimbursement of Stamp Duty and Registration Fees,agsmrsd,"The ""Aatmanirbhar Gujarat Scheme for Assistance to Mega Industries"" is an umbrella scheme launched by the Industries and Mines Department, Gujarat. It aims to empower the state's dynamic mega-industry sector, which significantly contributes to employment, GDP, and exports. Effective from October 5, 2022, to October 4, 2032, this initiative supports growth, investments, and the vision of ""Aatmanirbhar Gujarat"" and ""Aatmanirbhar Bharat."" The component ""Reimbursement of Stamp Duty and Registration Fees"" offers reimbursement of stamp duty and registration fees to eligible Mega Industrial Units in Gujarat for land purchases or leases related to their projects. It aims to encourage industrial development and ease the financial burden of acquiring land for business purposes.",Reimbursement: Eligible units can claim 100% reimbursement of stamp duty and registration charges paid to the Government of Gujarat for the purchase and/or lease of land meant for the project.,"The mega industry must operate as a manufacturing unit. The unit must have a minimum investment of ₹2,500/- crore in plant and machinery. The unit must provide direct employment to at least 2,500 persons. The unit must belong to one of the thrust sectors as defined in the Guidelines (Refer Page No. 9). The land must be purchased or leased during the eligible investment period. The unit must have commenced commercial production.","Registration Process: Step-1: Visit the Investor Facilitation Portal (IFP) portal. Click on ""New Investor Registration"" to access the registration form. Step-2: Fill in the Registration Form. Click on ""Submit"". Step-3: Verify the E-mail ID using the link sent on your registered E-mail ID. Step-4: After verification, you will be registered successfully. ﻿ Post-Registration Process: Step-1: Visit the Investor Facilitation Portal (IFP) portal. Click on ""Login"". Step-2: Enter the email address and password you used during registration. Step-3: Click the ""Login"" button to access your account. Step-4: Now fill in the required details and mandatory documents about your business to complete the application process. ﻿ Helpdesk: Contact Us. ﻿","Provisional Eligibility Certificate issued under the Scheme (If Applicable) Final Eligibility Certificate issued under the Scheme (If Obtained) Copy of Registered Sale deed/Lease Deed/Rent Deed/Agreement with applicable Certificate of Stamp-duty and Registration receipt Copy of Index-2 for Land Lay-out of the Project (Certified by Approved Civil Engineer/Architect) Authority Letter duly certified with Board Resolution, Directors / Partners / Owner. (Authorised Person should be any Director/Partner/at-least Employee of the Company",State,Business & Entrepreneurship,,"Business, Entrepreneurship, Mega Industries, Thrust Manufacturing Sector"
Aatmanirbhar Gujarat Scheme for assistance to Large Industries and Thrust Sector: Assistance of Interest Subsidy,agslitsis,"The ""Aatmanirbhar Gujarat Scheme for assistance to Large Industries and Thrust Sector"" is an umbrella scheme launched by the Industries and Mines Department, Gujarat. It aims to empower the state's dynamic large-industry sector, which significantly contributes to employment, GDP, and exports. Effective from October 5, 2022, to October 4, 2027, this initiative supports growth, investments, and the vision of ""Aatmanirbhar Gujarat"" and ""Aatmanirbhar Bharat."" The component ""Assistance of Interest Subsidy"" provides financial support to large industrial undertakings by reimbursing a portion of the interest paid on term loans. This subsidy encourages industrial growth, expansion, and diversification by reducing borrowing costs for eligible projects.",﻿ Category of Taluka General Thrust Category 1 Interest subsidy @ 7% on Term Loan for 10 years upto 1% of eFCI p.a. Interest subsidy @ 7% on Term Loan for 10 years upto 1.2% of eFCI p.a. Category 2 Interest subsidy @ 7% on Term Loan for 8 years upto 1% of eFCI p.a. Interest subsidy @ 7% on Term Loan for 10 years upto 1% of eFCI p.a. Category 3 Interest subsidy @ 7% on Term Loan for 6 years upto 1% of eFCI p.a. Interest subsidy @ 7% on Term Loan for 8 years upto 1% of eFCI p.a. ﻿ Note : List of Taluka categories. ﻿,"A new large industrial undertaking, or an existing one that undertakes expansion and/or diversification, is eligible for this scheme. The large industrial undertaking must have obtained acknowledgment/registration, as the case may be from DPIIT. The industry should commence commercial production during the scheme's operative period.","Registration Process: Step-1: Visit the Investor Facilitation Portal (IFP) portal. Click on ""New Investor Registration"" to access the registration form. Step-2: Fill in the Registration Form. Click on ""Submit"". Step-3: Verify the E-mail ID using the link sent on your registered E-mail ID. Step-4: After verification, you will be registered successfully. ﻿ Post-Registration Process: Step-1: Visit the Investor Facilitation Portal (IFP) portal. Click on ""Login"". Step-2: Enter the email address and password you used during registration. Step-3: Click the ""Login"" button to access your account. Step-4: Now fill in the required details and mandatory documents about your business to complete the application process. ﻿ Helpdesk : Contact Here ﻿","Bank Certificate for the Claim Period. Bank/Financial Institute certified Term Loan Account statement for Claim Period. First Sale Bill (To be submitted with first claim only). Purchase bill, Sale bill, Electricity Bill for Last month of Claim Period. Attendance / Salary Register for the Last Month of Claim Period. Employment Statement for the Last Month of the claim Period in Prescribed Format. Details of Apprentice (If applicable). Valid Insurance Policy for Fixed Assets. In case other bank has taken over the remaining term-loan, then sanction letter of bank. (If Applicable). No due certificate from previous bank (in case of Take-over of Term Loan). Bank/Financial Institute certified Term Loan Account statement for take-over. Authority Letter duly certified with Board Resolution, Directors / Partners / Owner. (Authorised Person should be any Director/Partner/at-least Employee of the Company). Pan Card. Cancelled Cheque.",State,Business & Entrepreneurship,,"Business, Entrepreneurship, Large Industries, Thrust Sector, Interest Subsidy"
Aatmanirbhar Gujarat Scheme for assistance to Large Industries and Thrust Sector: EPF Reimbursement,agslitepf,"The ""Aatmanirbhar Gujarat Scheme for assistance to Large Industries and Thrust Sector"" is an umbrella scheme launched by the Industries and Mines Department, Gujarat. It aims to empower the state's dynamic large-industry sector, which significantly contributes to employment, GDP, and exports. Effective from October 5, 2022, to October 4, 2027, this initiative supports growth, investments, and the vision of ""Aatmanirbhar Gujarat"" and ""Aatmanirbhar Bharat."" The component ""EPF Reimbursement"" offers financial assistance to eligible large industrial undertakings in Gujarat for the employer’s contribution to the Employees' Provident Fund (EPF) for new employees. This assistance is available for a maximum period of 10 years from the date of commencement of commercial production.","Full reimbursement of employer’s contribution: 100% of the employer’s statutory EPF contribution will be reimbursed for eligible new employees. Financial ceiling per employee: The reimbursement amount is limited to 12% of the employee’s basic salary plus Dearness Allowance (DA) and retaining allowance, or ₹1800/- per month, whichever is lower. Long-term support: The reimbursement is available for a period of up to 10 years from the date of commencement of commercial production.","A new large industrial undertaking, or an existing one that undertakes expansion and/or diversification, is eligible for this scheme. The large industrial undertaking must have obtained acknowledgment/registration, as the case may be from DPIIT. The industry should commence commercial production during the scheme's operative period. Must have new employees (those who do not have a Universal Account Number or UAN prior to joining the undertaking). Must not have availed EPF reimbursement under any other central or state government schemes for the same period.","Registration Process: Step-1: Visit the Investor Facilitation Portal (IFP) portal. Click on ""New Investor Registration"" to access the registration form. Step-2: Fill in the Registration Form. Click on ""Submit"". Step-3: Verify the E-mail ID using the link sent on your registered E-mail ID. Step-4: After verification, you will be registered successfully. ﻿ Post-Registration Process: Step-1: Visit the Investor Facilitation Portal (IFP) portal. Click on ""Login"". Step-2: Enter the email address and password you used during registration. Step-3: Click the ""Login"" button to access your account. Step-4: Now fill in the required details and mandatory documents about your business to complete the application process. ﻿ Helpdesk : Contact Here ﻿","Proof of new UAN account for each employee for whom the assistance is to be claimed (one time for every unique UAN). Provisional Eligibility Certificate issued under the Scheme (If Applicable). Final Eligibility Certificate issued under the Scheme. Summary and Detailed Employment Statement. Attendance Register / Salary Register for last month of Claim Period. Details of Apprentice (If applicable). Salary Slip of all Employees for which EPF Reimbursement Claimed. Payments proof of EPF. CA Certified details of Basic salary and DA and retaining allowances in prescribed format. Copy of Bank Statement for salary payment. Valid CCA from G.P.C.B. (If applicable). Attendance / Salary Register for the Last Month of Claim Period. Employment Statement for the Last Month of the claim Period (in Prescribed Format). Authority Letter duly certified with Board Resolution, Directors / Partners / Owner. (Authorised Person should be any Director/Partner/at-least Employee of the Company). Affidavit in prescribed format.",State,Business & Entrepreneurship,,"Business, Entrepreneurship, Large Industries, Thrust Sector, EPF Reimbursement"
Aatmanirbhar Gujarat Scheme for assistance to Large Industries and Thrust Sector: Net SGST Reimbursement,agslitsngr,"The ""Aatmanirbhar Gujarat Scheme for assistance to Large Industries and Thrust Sector"" is an umbrella scheme launched by the Industries and Mines Department, Gujarat. It aims to empower the state's dynamic large-industry sector, which significantly contributes to employment, GDP, and exports. Effective from October 5, 2022, to October 4, 2027, this initiative supports growth, investments, and the vision of ""Aatmanirbhar Gujarat"" and ""Aatmanirbhar Bharat."" The component ""Net SGST Reimbursement"" is designed to incentivize large industrial undertakings by reimbursing a portion of their SGST for a specific period (10 years), based on the category of their taluka and sector.",Category of Taluka General Thrust Category 1 100% of net SGST for 10 years  upto 7.5% of eFCl p.a. 100% of net SGST for 10 years upto 8% of eFCl p.a. Category 2 90% of net SGST for 10 years  upto 6.5% of eFCl p.a. 90% of net SGST for 10 years upto 7% of eFCl p.a. Category 3 80% of net SGST for 10 years  upto 5% of eFCl p.a. 80% of net SGST for 10 years upto 5.5% of eFCl p.a. ﻿ Note : The period of 10 years shall be from the date of commencement of commercial production. List of Taluka categories . ﻿,"A new large industrial undertaking, or an existing one that undertakes expansion and/or diversification, is eligible for this scheme. The large industrial undertaking must have obtained acknowledgment/registration, as the case may be from DPIIT. The industry should commence commercial production during the scheme's operative period. Undertakings must have a separate GST registration for the eligible manufacturing unit. Compliance with SGST guidelines and no fraudulent reporting of sales. Only eligible goods manufactured in the premises qualify for reimbursement.","Registration Process: Step-1: Visit the Investor Facilitation Portal (IFP) portal. Click on ""New Investor Registration"" to access the registration form. Step-2: Fill in the Registration Form. Click on ""Submit"". Step-3: Verify the E-mail ID using the link sent on your registered E-mail ID. Step-4: After verification, you will be registered successfully. ﻿ Post-Registration Process: Step-1: Visit the Investor Facilitation Portal (IFP) portal. Click on ""Login"". Step-2: Enter the email address and password you used during registration. Step-3: Click the ""Login"" button to access your account. Step-4: Now fill in the required details and mandatory documents about your business to complete the application process. ﻿ Helpdesk : Contact Here ﻿","Registration Under the Scheme. Provisional Eligibility Certificate Under the Scheme. Final Eligibility Certificate Under the Scheme. GST Registration with all Annexures. Certificate as per Annexure A (A1 to A4) duly signed by the authorised person of the unit and certified by Chartered Accountant. Details of Sales and Purchase for the Period of Claim duly certified by Chartered Accountant (Annexure B). Affidavit (in Prescribed format as per Annexure C). To be submitted with only first claim. Affidavit (in Prescribed format as per Annexure D). To be submitted with every claim. CA Certificate for the claim period (in Prescribed format as per Annexure E). CA Certified Credit Ledger Balance from Common portal of GST for the applied quarter. CA Certified Cash ledger from Common portal of GST for the applied quarter. GSTR-3B form duly signed and stamped by concerned Commercial Tax Officer. Authority Letter duly certified with Board Resolution, Directors / Partners / Owner. (Authorised Person should be any Director/Partner/at-least Employee of the Company). Attendance / Salary Register for the Last Month of Claim Period. Employment Statement for the Last Month of the claim Period in Prescribed Format. Details of Apprentice (If applicable). Purchase bill and Sale bill for the month of Claim Period. Valid Insurance Policy for Fixed Assets. IEM Part-B / IL / LOP. To be submitted with first claim only. Valid CCA obtained from GPCB (if applicable). Annual Audit Report for the applied Claim Period (in case of last quarter of Financial year). CA Certificate for Turnover of Eligible Products in prescribed format (In case of Expansion Only). C.A. Certificate for Gross Fixed Capital Investment (In case of Expansion Only). To be submitted with first claim only. Chartered Engineer Certificate regarding Existing Installed Capacity and Actual Installed Capacity of expansion Project (In case of Expansion Only). To be submitted with first claim only. Details of Outward Supply (Sales Register) in Prescribed Format. PAN Card. Cancelled Cheque. Annual Returns GSTR – 9 and GSTR – 9C. Affidavit in case of last quarter of Financial year (In prescribed format as per Annexure F).",State,Business & Entrepreneurship,,"Business, Entrepreneurship, Large Industries, Thrust Sector, Net SGST Reimbursement"
"Aatmanirbhar Gujarat Scheme for assistance to MSMEs: Assistance for Interest Subsidy to Micro, Small and Medium Enterprise (Manufacturing Sector)",agmsmecisms,"The ""Aatmanirbhar Gujarat Scheme for MSMEs"" is an umbrella scheme launched by the Industries and Mines Department, Gujarat. It aims to empower the state's dynamic MSME sector, which significantly contributes to employment, GDP, and exports. Effective from October 5, 2022, to October 4, 2027, this initiative supports growth, investments, and the vision of ""Aatmanirbhar Gujarat"" and ""Aatmanirbhar Bharat."" The component ""Assistance for Interest Subsidy to Micro, Small and Medium Enterprise (Manufacturing Sector)"" provides an interest subsidy on the term loan to support micro-enterprises in manufacturing. ﻿ ﻿ ﻿","Financial Assistance Category of Taluka Quantum of Incentive Category 1 7% on Term Loan with a maximum amount of ₹35,00,000/- per annum for a period of 7 years Category 2 6% on Term Loan with a maximum amount of ₹30,00,000/- per annum for a period of 6 years Category 3 & Municipal Corporation Areas 5% on Term Loan with a maximum amount of ₹25,00,000/- per annum for a period of 5 years ﻿","The firm must be a Micro/Small/Medium enterprise. The enterprise must have obtained acknowledgment or registration from the Ministry of MSME or the Department for Promotion of Industry and Internal Trade (DPIIT), as applicable. New enterprises or existing enterprises undertaking expansion or diversification are eligible. The enterprise must commence commercial production or rendering services during the scheme's operative period. The enterprise must submit an application online within one year of the first loan disbursement, commencement of commercial production/services, or GR issue date, whichever is later. Applications must be submitted before the scheme's last operative date. The enterprise must pay regular installments and interest to the bank/financial institution.","Registration Process: Step-1: Visit the Investor Facilitation Portal (IFP) portal. Click on ""New Investor Registration"" to access the registration form. Step-2: Fill in the Registration Form. Click on ""Submit"". Step-3: Verify the E-mail ID using the link sent on your registered E-mail ID. Step-4: After verification, you will be registered successfully. ﻿ Post-Registration Process: Step-1: Visit the Investor Facilitation Portal (IFP) portal. Click on ""Login"". Step-2: Enter the email address and password you used during registration. Step-3: Click the ""Login"" button to access your account. Step-4: Now fill in the required details and mandatory documents about your business to complete the application process. ﻿ Helpdesk: Contact Us. ﻿","Printed copy of the application along with declaration and undertaking in the application form signed by an authorized person, including their designation and name with the enterprise's stamp. Copy of acknowledgment of Udyog Aadhaar / Udyam Registration. Copy of term loan sanction letter. Copy of term loan account statement / bank certification of first disbursement certificate. Copy of the constitution of the enterprise (registered partnership deed for partnerships). Copy of DPR of the enterprise (for projects up to ₹5 crores); for projects above ₹5 crores, DIC will ask for a bank appraisal report. Shop & Establishment Certificate (for service sector enterprises in municipal corporations). Copy of GST registration (if applicable). Copy of PAN card of the enterprise. Copy of ITR for the last financial year showing plant & machinery value (new enterprises must submit a self-declaration for the first time). Copy of birth certificate/school leaving certificate (for entrepreneurs under 35 years as of the bank loan sanction date). Copy of caste certificate from a competent authority. Copy of certificate for differently abled persons from a competent authority. Copy of CTE issued by the GPCB (if applicable). Self-certified/certified copy of documents such as 7/12 Utara, Namuna 6, copy of index, property card, etc. (any one). NA permission (if applicable). Copy of notarized rent deed (agreement) with the owner's proof/affidavit for ownership of land/property. Copy of lease deed (agreement) with the owner's proof of ownership of land/property. Copy of the property tax receipt (for service activities). Board resolution for signing authority (in case of partnerships, LLPs, Pvt. Ltd., or Limited Companies). Declaration and undertaking regarding other investments in Gujarat. Annexure of the balance sheet showing the gross fixed capital investment of the previous financial year. CA certificate showing the gross fixed capital investment before initiating expansion/diversification/forward or backward integration.",State,Business & Entrepreneurship,,"Business, Entrepreneurship, MSMEs, Interest Subsidy"
"Aatmanirbhar Gujarat Scheme for assistance to MSMEs: Assistance for Interest Subsidy to Micro, Small and Medium Enterprise (Service Sector)",agmsmecisss,"The ""Aatmanirbhar Gujarat Scheme for MSMEs"" is an umbrella scheme launched by the Industries and Mines Department, Gujarat. It aims to empower the state's dynamic MSME sector, which significantly contributes to employment, GDP, and exports. Effective from October 5, 2022, to October 4, 2027, this initiative supports growth, investments, and the vision of ""Aatmanirbhar Gujarat"" and ""Aatmanirbhar Bharat."" The component ""Assistance for Interest Subsidy to Micro, Small and Medium Enterprise (Service Sector)"" provides an interest subsidy on the term loan to support micro-enterprises in the service sector.","Category of Taluka Quantum of Incentive Category 1 7% on Term Loan with a maximum amount of ₹35,00,000/- per annum for a period of 7 years Category 2 6% on Term Loan with a maximum amount of ₹30,00,000/- per annum for a period of 6 years Category 3 & Municipal Corporation Areas 5% on Term Loan with a maximum amount of ₹25,00,000/- per annum for a period of 5 years","The firm must be a Micro/Small/Medium enterprise in the service sector. The enterprise must have obtained acknowledgment or registration from the Ministry of MSME or the Department for Promotion of Industry and Internal Trade (DPIIT), as applicable. Only new MSME of Service sectors will be eligible for Interest subsidy on the term loan on new machinery, equipment, and furniture/fixtures (except land and building). The enterprise must submit an application online within one year of the first loan disbursement, commencement of commercial production/services, or GR issue date, whichever is later. Applications must be submitted before the scheme's last operative date. The enterprise must pay regular installments and interest to the bank/financial institution.","Registration Process: Step 1: Visit the Investor Facilitation Portal (IFP) portal. Click on ""New Investor Registration"" to access the registration form. Step 2: Fill in the Registration Form. Click on ""Submit"". Step 3: Verify the E-mail ID using the link sent on your registered E-mail ID. Step 4: After verification, you will be registered successfully. ﻿ Post-Registration Process: Step 1: Visit the Investor Facilitation Portal (IFP) portal. Click on ""Login"". Step 2: Enter the email address and password you used during registration. Step 3: Click the ""Login"" button to access your account. Step 4: Now fill in the required details and mandatory documents about your business to complete the application process. ﻿ Helpdesk: Contact Here. ﻿","Printed copy of the application along with declaration and undertaking in the application form signed by an authorized person, including their designation and name with the enterprise's stamp. Copy of acknowledgment of Udyog Aadhaar / Udyam Registration. Copy of term loan sanction letter. Copy of term loan account statement / bank certification of first disbursement certificate. Copy of the constitution of the enterprise (registered partnership deed for partnerships). Copy of DPR of the enterprise (for projects up to ₹5 crores); for projects above ₹5 crores, DIC will ask for a bank appraisal report. Shop & Establishment Certificate (for service sector enterprises in municipal corporations). Copy of GST registration (if applicable). Copy of PAN card of the enterprise. Copy of ITR for the last financial year showing plant & machinery value (new enterprises must submit a self-declaration for the first time). Copy of birth certificate/school leaving certificate (for entrepreneurs under 35 years as of the bank loan sanction date). Copy of caste certificate from a competent authority. Copy of certificate for differently abled persons from a competent authority. Copy of CTE issued by the GPCB (if applicable). Self-certified/certified copy of documents such as 7/12 Utara, Namuna 6, copy of index, property card, etc. (any one). NA permission (if applicable). Copy of notarized rent deed (agreement) with the owner's proof/affidavit for ownership of land/property. Copy of lease deed (agreement) with the owner's proof of ownership of land/property. Copy of the property tax receipt (for service activities). Board resolution for signing authority (in case of partnerships, LLPs, Pvt. Ltd., or Limited Companies). Declaration and undertaking regarding other investments in Gujarat. Annexure of the balance sheet showing the gross fixed capital investment of the previous financial year. CA certificate showing the gross fixed capital investment before initiating expansion/diversification/forward or backward integration.",State,Business & Entrepreneurship,,"Business, Entrepreneurship, MSMEs, Interest Subsidy"
Aatmanirbhar Gujarat Scheme for assistance to MSMEs: Assistance for Patent Registration,agmsmeasp,"The ""Aatmanirbhar Gujarat Scheme for MSMEs"" is an umbrella scheme launched by the Industries and Mines Department, Gujarat. It aims to empower the state's dynamic MSME sector, which significantly contributes to employment, GDP, and exports. Effective from October 5, 2022, to October 4, 2027, this initiative supports growth, investments, and the vision of ""Aatmanirbhar Gujarat"" and ""Aatmanirbhar Bharat."" The component ""Assistance for Patent Registration"", provides financial support for individuals and legal entities to obtain patent registration for their developed products or processes. It covers a portion of the costs incurred for patent application, attorney fees, and associated expenses during the scheme's operative period.","Financial Support for Patent Registration: 75% of the cost incurred for patent applications. Maximum assistance of  ₹25,00,000/- per applicant/enterprise. Eligible Expenditures: Fees for patent attorney, patent service center, and patent registration. Expenses related to patent equipment development (excluding travel and hotel costs). Cap on Attorney Fees: Domestic patent attorney fees are capped at ₹50,000/-. International patent attorney fees are capped at ₹2,00,000/- per country. Disbursement of Assistance: 50% of assistance disbursed after the publication/notification of the patent. The remaining 50% will be disbursed after the issuance of the patent certificate.","Micro/Small/Medium enterprises or Individuals are eligible for assistance under the scheme. The enterprise must have obtained acknowledgment or registration from the Ministry of MSME or the Department for Promotion of Industry and Internal Trade (DPIIT), as applicable. The applicant shall have to submit application within one year from the date of publication/notification of the patent. ﻿","Registration Process: Step-1: Visit the Investor Facilitation Portal (IFP) portal. Click on ""New Investor Registration"" to access the registration form. Step-2: Fill in the Registration Form. Click on ""Submit"". Step-3: Verify the E-mail ID using the link sent on your registered E-mail ID. Step-4: After verification, you will be registered successfully. ﻿ Post-Registration Process: Step-1: Visit the Investor Facilitation Portal (IFP) portal. Click on ""Login"". Step-2: Enter the email address and password you used during registration. Step-3: Click the ""Login"" button to access your account. Step-4: Now fill in the required details and mandatory documents about your business to complete the application process. ﻿ Helpdesk : Contact Here. ﻿","Copy of Udyam/IEM/LOI Registration certificate. Particulars or constitution of the applicant/ patent holder. Copy of PAN Card of Enterprise. Copy of PAN Card of Applicant/Promoters/Directors/partners and authorised signatory. Copy of application submitted to patent office along with Form 2. Acknowledgement receipt for filing application for patent registration. Copy of patent publication / notification. Payment receipts of fees paid to patent office. Invoices and Payment receipts of fees paid to patent attorney. List of equipment purchased for developing patent with justification and bills of the same. CA Certified Detailed statement of expenditure for obtaining patent registration, as per the format specified in Annexure (For National patent, International patent, and country-wise patent send separate C.A. certified Statement). Highlighted Bank account statement of expenditure done for patent. Copy of CA Certified Balance Sheet of the last financial year./Annual Audit report. (if applicable). Copy of Board Resolution/Consent Letter/Power of Attorney. (if applicable). Self-declaration as per Annexure. Copy of cancelled cheque. Other Documents if any.",State,Business & Entrepreneurship,,"Business, Entrepreneurship, MSMEs, Patent Registration, Subsidy"
Aatmanirbhar Gujarat Scheme for assistance to MSMEs: Assistance for Power Connection Charges,agmsmesapc,"The ""Aatmanirbhar Gujarat Scheme for MSMEs"" is an umbrella scheme launched by the Industries and Mines Department, Gujarat. It aims to empower the state's dynamic MSME sector, which significantly contributes to employment, GDP, and exports. Effective from October 5, 2022, to October 4, 2027, this initiative supports growth, investments, and the vision of ""Aatmanirbhar Gujarat"" and ""Aatmanirbhar Bharat."" The component ""Assistance for Power Connection Charges"" financial assistance to eligible Micro, Small, and Medium Enterprises (MSMEs) to offset costs incurred for power connection charges. It covers charges for new connections, additional load for expansion, or shifting connections or service lines, subject to conditions.","Financial Assistance: Assistance of 35% on charges paid to the distribution licensee for LT/HT service lines maximum assistance of up to ₹5,00,000/- during the operative period of the scheme.","The applicant must be registered as an MSME. The enterprise must have obtained acknowledgment or registration from the Ministry of MSME or the Department for Promotion of Industry and Internal Trade (DPIIT), as applicable. The enterprise must be located outside GIDC/approved industrial parks. Charges must be paid to the distribution licensee during the scheme's operative period. Assistance applies to new power connections, additional load for expansion, or shifting of connection/service lines. Applications must be submitted within one year from the date of payment to the distribution licensee.","Registration Process: Step-1: Visit the Investor Facilitation Portal (IFP) portal. Click on ""New Investor Registration"" to access the registration form. Step-2: Fill in the Registration Form. Click on ""Submit"". Step-3: Verify the E-mail ID using the link sent on your registered E-mail ID. Step-4: After verification, you will be registered successfully. ﻿ Post-Registration Process: Step-1: Visit the Investor Facilitation Portal (IFP) portal. Click on ""Login"". Step-2: Enter the email address and password you used during registration. Step-3: Click the ""Login"" button to access your account. Step-4: Now fill in the required details and mandatory documents about your business to complete the application process. ﻿ Helpdesk : Contact Here. ﻿","Copy of Udyam/IEM/LOI Registration certificate. Copy of the Constitution of the enterprise. CA Certified Balance sheet /Annual Audit Report. (if applicable). CA certificate for capital investment. Land Document such as NA Permission/ copy of Index/sale Deed. PAN card of Enterprise, Promoters/partners/directors and Authorized Signatory. Estimates of Power Distribution company (DISCOM) and Receipt. Copy of bills issued by Power Distribution company. Copy of Power Distribution License company Certificate (HT/LT). Copy of certificate for category (if applicable). Copy of Self-certified Shareholding pattern. Copy of sanctioned and connected Load Certificate issued by Power Distribution License Company. Self-certified expenditure statement supported by DISCOM Documents. Copy of GPCB approved NOC/Consent & other departments approval (if applicable). Copy of GST registration (if applicable). Bank details for payment (Cancelled cheque). Self-Attested documents/details to be submitted by the Authorized Person. Power of attorney/Board resolution/Consent letter.",State,Business & Entrepreneurship,,"Business, Entrepreneurship, Subsidy, Power Connection"
Aatmanirbhar Gujarat Scheme for assistance to MSMEs: Assistance for Quality Certification,agmsmaqc,"The ""Aatmanirbhar Gujarat Scheme for MSMEs"" is an umbrella scheme launched by the Industries and Mines Department, Gujarat. It aims to empower the state's dynamic MSME sector, which significantly contributes to employment, GDP, and exports. Effective from October 5, 2022, to October 4, 2027, this initiative supports growth, investments, and the vision of ""Aatmanirbhar Gujarat"" and ""Aatmanirbhar Bharat."" The component ""Assistance for Quality Certification"" supports MSMEs in the manufacturing sector to obtain quality certifications and enhance their product standards in a competitive market. The scheme covers the implementation of ERP systems and national/international quality certifications.","ERP Assistance: 65% of the capital cost for installing an ERP system, up to ₹1,00,000 during the scheme's operative period. Covers ERP systems with software and services for production, inventory control, sales, purchase, accounting, and HR management. Includes installation charges, software costs, annual service fees, and SaaS-based ERP subscription costs (excluding hardware). Quality Certification: 50% assistance for fees toward national/international certifications (e.g., BIS, ISI, WHO, GMP, Hallmark). 50% cost assistance for testing equipment and machinery required for certification, up to ₹10,00,000/-. Covers certification agency fees (excluding travel/hotel/surveillance charges), testing equipment costs, and calibration charges. ﻿","The firm must be a Micro/Small/Medium enterprise. The enterprise must have obtained acknowledgment or registration from the Ministry of MSME or the Department for Promotion of Industry and Internal Trade (DPIIT), as applicable. New manufacturing enterprises or existing ones undertaking expansion or diversification are eligible. The enterprise must commence commercial production during the scheme's operative period. Applications must be submitted within one year of the certification date.","Registration Process: Step-1: Visit the Investor Facilitation Portal (IFP) portal. Click on ""New Investor Registration"" to access the registration form. Step-2: Fill in the Registration Form. Click on ""Submit"". Step-3: Verify the E-mail ID using the link sent on your registered E-mail ID. Step-4: After verification, you will be registered successfully. ﻿ Post-Registration Process: Step-1: Visit the Investor Facilitation Portal (IFP) portal. Click on ""Login"". Step-2: Enter the email address and password you used during registration. Step-3: Click the ""Login"" button to access your account. Step-4: Now fill in the required details and mandatory documents about your business to complete the application process. ﻿ Helpdesk: Contact Here. ﻿",Copy of Udyam/IEM/LOl Registration certificate. Copy of the Constitution of the enterprise. CA certificate for MSME Status. Copy of Quality Certification. CA certified Detailed expenditure statement for obtaining the Quality Certification. Copy of proof of Recognized/ Approved Certification body. Proof of verification of certification (online.) Undertaking for any assistance from GoG and Gol Copy of bills of Expenditure incurred. Copy of the Highlighted bank statement. Copy of GPCB approved NOC/Consent & other departments approval (if applicable). Copy of the cancelled cheque. Copy of PAN Card. Copy of PAN Card of authorized Person. Copy of Self Certified Share Holding Pattern(If applicable). Copy of GST Registration Certificate. Copy of Balance sheet/ITR of the last financial year. Copy of latest electricity bill. Copy of Testing Equipment Purchased booklet/ reference letter for quality testing instrument/equipment and machinery from authorized body. Power of attorney/Board resolution/Consent letter,State,Business & Entrepreneurship,,"Business, Entrepreneurship, MSMEs, Reimbursement"
Aatmanirbhar Gujarat Scheme for assistance to MSMEs: Assistance for Raising Capital through SME Exchange,agmsmesmee,"The ""Aatmanirbhar Gujarat Scheme for MSMEs"" is an umbrella scheme launched by the Industries and Mines Department, Gujarat. It aims to empower the state's dynamic MSME sector, which significantly contributes to employment, GDP, and exports. Effective from October 5, 2022, to October 4, 2027, this initiative supports growth, investments, and the vision of ""Aatmanirbhar Gujarat"" and ""Aatmanirbhar Bharat."" The component ""Assistance for Raising Capital through SME Exchange"" aims to help MSMEs raise equity capital by listing on SME Exchanges. It provides financial assistance to MSMEs for expenses incurred in this process, encouraging them to explore funding options through the capital markets. ﻿","Financial Assistance: 25% of the expenditure incurred in raising funds through the SME Exchange, with a maximum of ₹5,00,000/-.","Micro/Small/Medium enterprises that raise equity capital through an SME Exchange are eligible for assistance under the scheme. The scheme is open to MSMEs The enterprise must have obtained acknowledgment or registration from the Ministry of MSME or the Department for Promotion of Industry and Internal Trade (DPIIT), as applicable. The enterprise must submit the application within one year of its listing date on the SME Exchange.","Registration Process: Step-1: Visit the Investor Facilitation Portal (IFP) portal. Click on ""New Investor Registration"" to access the registration form. Step-2: Fill in the Registration Form. Click on ""Submit"". Step-3: Verify the E-mail ID using the link sent on your registered E-mail ID. Step-4: After verification, you will be registered successfully. ﻿ Post-Registration Process: Step-1: Visit the Investor Facilitation Portal (IFP) portal. Click on ""Login"". Step-2: Enter the email address and password you used during registration. Step-3: Click the ""Login"" button to access your account. Step-4: Now fill in the required details and mandatory documents about your business to complete the application process. ﻿ Helpdesk : Contact Here. ﻿","Constitution of Enterprise (Memorandum & Articles of Association). Board Resolution regarding Authorized Signatory. Copy of Udyam/IEM/LOI Registration certificate. Copy of SME Exchange Registration Listing related letter by BSE/NSE/SME Exchange. Copy of GST Registration. Copy of Public Issue Boucher/prospectus. Expenditure Statement on Letter Head. CA Certificate regarding MSME status as per MSMED act-2006 as on listing date. Audited Balance Sheet of last financial year/Annual Report. CA Certificate of expenditure statement for equity raise through SME Exchange with total and subtotal Headwise. Copy of Bills for Expenditure incurred. Payment Highlighted Bank Statement. Copy of Self Certified Share Holding Pattern (if applicable). Latest Electricity Bill. Cancelled Cheque of the Enterprise. Copy of Pan card of the Enterprise and Promoters/partners/directors, and Authorised Signatory. Undertaking in Prescribed Format. Copy of GPCB approvals (if applicable). Other details if any.",State,Business & Entrepreneurship,,"Business, Entrepreneurship, Patent Registration, Subsidy, SME Exchange, Equity Capital"
Aatmanirbhar Gujarat Scheme for assistance to MSMEs: Assistance for Reimbursement of CGTMSE Fees,agmsmercgt,"The ""Aatmanirbhar Gujarat Scheme for MSMEs"" is an umbrella scheme launched by the Industries and Mines Department, Gujarat. It aims to empower the state's dynamic MSME sector, which significantly contributes to employment, GDP, and exports. Effective from October 5, 2022, to October 4, 2027, this initiative supports growth, investments, and the vision of ""Aatmanirbhar Gujarat"" and ""Aatmanirbhar Bharat."" The component ""Assistance for Reimbursement of CGTMSE Fees"" aims to provide financial support to Micro and Small Enterprises (MSEs) by reimbursing the annual service fees charged by banks or financial institutions for collateral-free loans under the Credit Guarantee Fund Trust for Micro and Small Enterprises (CGTMSE) scheme. ﻿ ﻿",Reimbursement of Fees: 100% reimbursement of the annual service fees paid to banks or financial institutions for collateral-free loans under CGTMSE for a period of 5 years. Annual Service Fees: 1st Year-1.8% + Risk Premium; 2nd Year onwards:0.85%or as amended by CGTMSE (Credit Guarantee Fund Trust for Micro and Small Enterprise) Trust/RBI from time to time.,The scheme is open to Micro and Small Enterprises (MSEs) that have availed a collateral-free term loan under the Credit Guarantee Scheme of CGTMSE. The MSE must apply to the concerned District Industries Centre (DIC) within one year from the first disbursement of the loan or before the date of commencement of commercial production (whichever is later). The enterprise must have paid the annual service fee for the CGTMSE-backed loan.,"Registration Process: Step-1: Visit the Investor Facilitation Portal (IFP) portal. Click on ""New Investor Registration"" to access the registration form. Step-2: Fill in the Registration Form. Click on ""Submit"". Step-3: Verify the E-mail ID using the link sent on your registered E-mail ID. Step-4: After verification, you will be registered successfully. ﻿ Post-Registration Process: Step-1: Visit the Investor Facilitation Portal (IFP) portal. Click on ""Login"". Step-2: Enter the email address and password you used during registration. Step-3: Click the ""Login"" button to access your account. Step-4: Now fill in the required details and mandatory documents about your business to complete the application process. ﻿ Helpdesk : Contact Here ﻿","Printed copy of the application along with declaration and undertaking in the application form signed by an authorized person, including their designation and name with the enterprise's stamp. Copy of acknowledgment of Udyog Aadhaar / Udyam Registration. Copy of term loan sanction letter. Copy of term loan account statement / bank certification of first disbursement certificate. Copy of the constitution of the enterprise (registered partnership deed for partnerships). Copy of DPR of the enterprise (for projects up to ₹5 crores); for projects above ₹5 crores, DIC will ask for a bank appraisal report. Shop & Establishment Certificate (for service sector enterprises in municipal corporations). Copy of GST registration (if applicable). Copy of PAN card of the enterprise. Copy of ITR for the last financial year showing plant & machinery value (new enterprises must submit a self-declaration for the first time). Copy of birth certificate/school leaving certificate (for entrepreneurs under 35 years as of the bank loan sanction date). Copy of caste certificate from a competent authority. Copy of certificate for differently abled persons from a competent authority. Copy of CTE issued by the GPCB (if applicable). Self-certified/certified copy of documents such as 7/12 Utara, Namuna 6, copy of index, property card, etc. (any one). NA permission (if applicable). Copy of notarized rent deed (agreement) with the owner's proof/affidavit for ownership of land/property. Copy of lease deed (agreement) with the owner's proof of ownership of land/property. Copy of the property tax receipt (for service activities). Board resolution for signing authority (in case of partnerships, LLPs, Pvt. Ltd., or Limited Companies). Declaration and undertaking regarding other investments in Gujarat. Annexure of the balance sheet showing the gross fixed capital investment of the previous financial year. CA certificate showing the gross fixed capital investment before initiating expansion/diversification/forward or backward integration.",State,Business & Entrepreneurship,,"Business, Entrepreneurship, MSMEs, CGTMSE, Credit Guarantee Fund Trust"
Aatmanirbhar Gujarat Scheme for assistance to MSMEs: Assistance for Saving in Consumption of Energy and Water,agmsmeae,"The ""Aatmanirbhar Gujarat Scheme for MSMEs"" is an umbrella scheme launched by the Industries and Mines Department, Gujarat. It aims to empower the state's dynamic MSME sector, which significantly contributes to employment, GDP, and exports. Effective from October 5, 2022, to October 4, 2027, this initiative supports growth, investments, and the vision of ""Aatmanirbhar Gujarat"" and ""Aatmanirbhar Bharat."" The component ""Assistance for Saving in Consumption of Energy and Water"" provides financial assistance to enterprises for taking measures that reduce energy and water consumption. It aims to promote sustainable practices and enhance resource efficiency in industries by providing support for energy/water audits and equipment purchases.","Energy/Water Audit Reimbursement: 75% of the cost of an energy/water audit, up to ₹50,000/- will be reimbursed. Reimbursement is available once during the operative period of the scheme. Equipment Cost Assistance: 25% of the cost for equipment recommended by the audit authority, up to ₹20,00,000/-, is eligible for assistance. Assistance is available once during the scheme's operative period. Energy/Water Savings Requirement: Assistance for equipment is available only if the energy or water savings are at least 10% of the average monthly consumption over the last 12 months before the audit.","The firm must be a Micro/Small/Medium enterprise in the service sector. The enterprise must have obtained acknowledgment or registration from the Ministry of MSME or the Department for Promotion of Industry and Internal Trade (DPIIT), as applicable. Enterprises must have undergone an energy/water audit conducted by a recognized institution/consultant to qualify for the audit reimbursement. Enterprises must demonstrate a minimum 10% reduction in energy/water consumption, based on the audit findings, to qualify for equipment assistance.","Registration Process: Step-1: Visit the Investor Facilitation Portal (IFP) portal. Click on ""New Investor Registration"" to access the registration form. Step-2: Fill in the Registration Form. Click on ""Submit"". Step-3: Verify the E-mail ID using the link sent on your registered E-mail ID. Step-4: After verification, you will be registered successfully. ﻿ Post-Registration Process: Step-1: Visit the Investor Facilitation Portal (IFP) portal. Click on ""Login"". Step-2: Enter the email address and password you used during registration. Step-3: Click the ""Login"" button to access your account. Step-4: Now fill in the required details and mandatory documents about your business to complete the application process. ﻿","Copy of Udyam/IEM/LOI Registration certificate. Copy of the Constitution of the Enterprise. Copy of Self Certified Share Holding of Pattern. CA Certificate for fixed capital investment. Certified Copy of latest Balance sheet/ audit report of the Enterprise. Receipt of payment of fees to recognized institution/Consultant. List of recommended equipments used for energy/water conservation (if applicable). Invoices/bills of recommended equipments (if applicable). Recommendation/audit report of recognized institution for energy/water conservation. Details for the saving in energy/water minimum by 10% of average monthly consumption of previous 12 months before audit submitted. Project report with benefit analysis (In case of equipment reimbursement). CA certified Expenditure statement. Copy of Self Certified Share Holding Pattern (If applicable). Highlighted Bank account statement of expenditure. Undertaking for any assistances from GOG and GOI. Copy of third-party documentary evidence of results achieved, such as electricity bill, water bill. Copy of GPCB approved NOC/Consent & other departments approval (if applicable). Copy of PAN Card of Enterprise, Promoters/Directors/Partners and authorized signatory. Copy of GST registration (if applicable). Board resolution/POA/Consent letter. Copy of cancelled Cheque. Other Documents if any.",State,Business & Entrepreneurship,,"Business, Entrepreneurship, MSMEs, Energy Conservation, Water Conservation"
Aatmanirbhar Gujarat Scheme for assistance to MSMEs: Assistance for Technology Acquisition,agmsmeata,"The ""Aatmanirbhar Gujarat Scheme for MSMEs"" is an umbrella scheme launched by the Industries and Mines Department, Gujarat. It aims to empower the state's dynamic MSME sector, which significantly contributes to employment, GDP, and exports. Effective from October 5, 2022, to October 4, 2027, this initiative supports growth, investments, and the vision of ""Aatmanirbhar Gujarat"" and ""Aatmanirbhar Bharat."" The component ""Assistance for Technology Acquisition"" supports enterprises in acquiring appropriate technology for their product or process, covering up to 85% of the cost including royalty payments for the first 2 years.","Financial Assistance: Covers 65% of the technology acquisition cost. Maximum assistance of ₹50,00,000/-, including royalty payments for two years. Eligibility for Prior Costs: Enterprises opting for this scheme are eligible for assistance on expenses incurred under the previous scheme during the operative period. ﻿","The firm must be a Micro/Small/Medium enterprise. The enterprise must have obtained acknowledgment or registration from the Ministry of MSME or the Department for Promotion of Industry and Internal Trade (DPIIT), as applicable. New manufacturing enterprises or existing ones undertaking expansion or diversification are eligible. The enterprise must commence commercial production during the scheme's operative period.","Registration Process: Step-1: Visit the Investor Facilitation Portal (IFP) portal. Click on ""New Investor Registration"" to access the registration form. Step-2: Fill in the Registration Form. Click on ""Submit"". Step-3: Verify the E-mail ID using the link sent on your registered E-mail ID. Step-4: After verification, you will be registered successfully. ﻿ Post-Registration Process: Step-1: Visit the Investor Facilitation Portal (IFP) portal. Click on ""Login"". Step-2: Enter the email address and password you used during registration. Step-3: Click the ""Login"" button to access your account. Step-4: Now fill in the required details and mandatory documents about your business to complete the application process. ﻿ Helpdesk: Contact Here. ﻿","Copy of Udyam/IEM/LOI Registration certificate. Constitution of Enterprise (Memorandum of association, partnership deed, etc). Power of attorney / Board Resolution of Authorized Signatory/consent letter. Copy of signed & stamped MOU/Agreement/Contract regarding technology acquisition. Patent certificate of technology (if applicable). CA certificate regarding fixed capital investment. Copy of bills of expenditure incurred. Copy of the highlighted bank statement. Copy of self-certified shareholding pattern (if applicable). Brief description of technology with notes on benefits, outcome/result after adoption of technology on letterhead. Audited report with balance sheet/Annual Audit Report (latest, if applicable). Project report/Technical Presentation regarding technology. Term loan detail as per bank sanction letter (if applicable). PAN card of enterprise, promoters/directors/partners, and authorized signatory. GST registration certificate (if applicable). Technology provider report. GPCB consent (if applicable). Proposed cost of project and means of finance for technology to be acquired. Supporting documents for SC/ST enterprise.",State,Business & Entrepreneurship,,"Business, Entrepreneurship, MSMEs, Reimbursement"
Aatmanirbhar Gujarat Scheme for assistance to MSMEs: Assistance in Implementation of Information and Communication Technology,agmsmeict,"The ""Aatmanirbhar Gujarat Scheme for MSMEs"" is an umbrella scheme launched by the Industries and Mines Department, Gujarat. It aims to empower the state's dynamic MSME sector, which significantly contributes to employment, GDP, and exports. Effective from October 5, 2022, to October 4, 2027, this initiative supports growth, investments, and the vision of ""Aatmanirbhar Gujarat"" and ""Aatmanirbhar Bharat."" The component ""Assistance in Implementation of Information and Communication Technology "" offers financial assistance to enterprises for the implementation of Information and Communication Technology (ICT) solutions, including hardware for cloud computing and networking.","Capital Expenditure Support: Up to 65% of the capital expenditure related to ICT facilities is eligible for reimbursement. Maximum assistance is up to ₹5,00,000/- during the operative period of the scheme. Coverage for Previous Expenditure: Enterprises opting for the scheme can also receive assistance for expenses incurred during the previous scheme’s operative period until the date of issue of this GR.","The firm must be a Micro/Small/Medium enterprise. The enterprise must have obtained acknowledgment or registration from the Ministry of MSME or the Department for Promotion of Industry and Internal Trade (DPIIT), as applicable. New manufacturing enterprises or existing ones undertaking expansion or diversification are eligible. The enterprise must commence commercial production during the scheme's operative period. The scheme is available to all eligible enterprises that plan to implement ICT solutions, such as hardware for cloud computing and networking.","Registration Process: Step-1: Visit the Investor Facilitation Portal (IFP) portal. Click on ""New Investor Registration"" to access the registration form. Step-2: Fill in the Registration Form. Click on ""Submit"". Step-3: Verify the E-mail ID using the link sent on your registered E-mail ID. Step-4: After verification, you will be registered successfully. ﻿ Post-Registration Process: Step-1: Visit the Investor Facilitation Portal (IFP) portal. Click on ""Login"". Step-2: Enter the email address and password you used during registration. Step-3: Click the ""Login"" button to access your account. Step-4: Now fill in the required details and mandatory documents about your business to complete the application process. ﻿ Helpdesk: Contact Us. ﻿","Copy of Udyam/lEM/LOI Registration certificate. Copy of the Constitution of the enterprise. CA certificate for fixed capital investment. CA certified Detailed expenditure statement for obtaining the ICT System. Undertaking for any assistance from GoG and Gol. Copy of the bill of expenditure occurred. Copy of Highlighted Bank Statement. Copy of GPCB approved NOC/Consent & other departments approval (if applicable). Copy of PAN Card of Enterprise, promoters/promoters/Directors, and Authorized signatory. Copy of GST registration. (If Applicable). Copy of Audited Balance sheet/ ITR of the last financial year. Copy of last electricity bill. Certified copy of Brief project report regarding ICT /cloud computing including benefit analysis. Self-Attested documents/ details to be submitted by the Authorized Person. Power of attorney/ Board resolution letter/consent letter.",State,Business & Entrepreneurship,,"Business, Entrepreneurship, MSMEs, Start-up"
Aatmanirbhar Gujarat Scheme for assistance to MSMEs: Assistance in Rent to MSEs,agmsmearmse,"The ""Aatmanirbhar Gujarat Scheme for MSMEs"" is an umbrella scheme launched by the Industries and Mines Department, Gujarat. It aims to empower the state's dynamic MSME sector, which significantly contributes to employment, GDP, and exports. Effective from October 5, 2022, to October 4, 2027, this initiative supports growth, investments, and the vision of ""Aatmanirbhar Gujarat"" and ""Aatmanirbhar Bharat."" The component ""Assistance in Rent to MSEs"" provides financial assistance to Micro and Small Enterprises (MSEs) that acquire rented or leased sheds to set up manufacturing activities. The assistance is provided in the form of a reimbursement of the rent paid during the operative period of the scheme. ﻿ ﻿ ﻿","Reimbursement of Rent Paid: Enterprises will receive assistance covering 65% of rent paid, with a maximum limit of ₹1,00,000/- per annum for a 5 years period.","Only Micro and Small Enterprises (MSEs) involved in manufacturing activities are eligible. The enterprise must have obtained acknowledgment or registration from the Ministry of MSME or the Department for Promotion of Industry and Internal Trade (DPIIT), as applicable. The enterprise should have a valid rent deed or lease agreement for the shed used for manufacturing activities. The manufacturing activity should consume electricity/power for its operations.","Registration Process: Step-1: Visit the Investor Facilitation Portal (IFP) portal. Click on ""New Investor Registration"" to access the registration form. Step-2: Fill in the Registration Form. Click on ""Submit"". Step-3: Verify the E-mail ID using the link sent on your registered E-mail ID. Step-4: After verification, you will be registered successfully. ﻿ Post-Registration Process: Step-1: Visit the Investor Facilitation Portal (IFP) portal. Click on ""Login"". Step-2: Enter the email address and password you used during registration. Step-3: Click the ""Login"" button to access your account. Step-4: Now fill in the required details and mandatory documents about your business to complete the application process. ﻿ Helpdesk : Contact Here. ﻿","Copy of Udyam/IEM/LOI Registration certificate. Copy of the Constitution of the enterprise. Supporting documents for SC/ST Enterprise. CA certificate for fixed capital investment. Copy of Self Certified Share Holding Pattern (If applicable). Copy of rent / Leased agreement. Copy of Rent Receipt. Copy of Lessor’s PAN Card. Copy of Property Document/ Copy of Index/Copy of sale deed and Copy of the approved plan for the project from Competent Authority/other approvals. Copy of Electricity Bill. Undertaking for any assistances from GOG and GOI. Copy of PAN Card of Enterprise, Promoters/Directors/Partners, authorized person. Copy of GST registration. (if applicable). Copy of CA Certified Balance Sheet of the last financial Year/Annual report. Copy of Bank Statement reflecting payment of Rent. Bank details for RTGS payment (Cancelled cheque). Self-Attested documents/ details to be submitted by the Authorized Person. Copy of Board Resolution/Consent Letter/Power of Attorney. Declaration for rent Agreement is not between Blood relation/ family member. Other Documents (if any).",State,Business & Entrepreneurship,,"Business, Entrepreneurship, Subsidy, Rent Assistance"
Aatmanirbhar Gujarat Scheme for assistance to MSMEs: Assistance of Capital Investment Subsidy to Micro enterprises,agmsmecis,"The ""Aatmanirbhar Gujarat Scheme for MSMEs"" is an umbrella scheme launched by the Industries and Mines Department, Gujarat. It aims to empower the state's dynamic MSME sector, which significantly contributes to employment, GDP, and exports. Effective from October 5, 2022, to October 4, 2027, this initiative supports growth, investments, and the vision of ""Aatmanirbhar Gujarat"" and ""Aatmanirbhar Bharat."" The component ""Assistance of Capital Investment Subsidy to Micro enterprises"" provides a capital investment subsidy to support micro-enterprises in manufacturing. ﻿","Financial Assistance Category of Taluka Quantum of Incentive Category 1 25% of term loan amount upto ₹35,00,000/-. Category 2 20% of term loan amount upto ₹30,00,000/-. Category 3 & Municipal 10% of term loan amount upto INR 10 lakhs. Corporation Areas 10% of term loan amount upto ₹10,00,000/-. ﻿","The firm must be a Micro/Small/Medium enterprise. The enterprise must have obtained acknowledgment or registration from the Ministry of MSME or the Department for Promotion of Industry and Internal Trade (DPIIT), as applicable. The enterprise must be a new manufacturing enterprises or existing enterprises undertaking expansion or diversification. The enterprises should have commenced commercial production during the operative period (October 5, 2022, to October 4, 2027). Applications must be submitted online within one (1) year of the first loan disbursement date, the date of commercial production commencement, or the GR issue date, whichever is later, and before the scheme's last operative date.","Registration Process: Step-1: Visit the Investor Facilitation Portal (IFP) portal. Click on ""New Investor Registration"" to access the registration form. Step-2: Fill in the Registration Form. Click on ""Submit"". Step-3: Verify the E-mail ID using the link sent on your registered E-mail ID. Step-4: After verification, you will be registered successfully. ﻿ Post-Registration Process: Step-1: Visit the Investor Facilitation Portal (IFP) portal. Click on ""Login"". Step-2: Enter the email address and password you used during registration. Step-3: Click the ""Login"" button to access your account. Step-4: Now fill in the required details and mandatory documents about your business to complete the application process. ﻿ Helpdesk: Contact Here. ﻿","Printed copy of the application along with declaration and undertaking in the application form signed by an authorized person, including their designation and name with the enterprise's stamp. Copy of acknowledgment of Udyog Aadhaar / Udyam Registration. Copy of term loan sanction letter. Copy of term loan account statement / bank certification of first disbursement certificate. Copy of the constitution of the enterprise (registered partnership deed for partnerships). Copy of DPR of the enterprise (for projects up to ₹5 crores); for projects above ₹5 crores, DIC will ask for a bank appraisal report. Shop & Establishment Certificate (for service sector enterprises in municipal corporations). Copy of GST registration (if applicable). Copy of PAN card of the enterprise. Copy of ITR for the last financial year showing plant & machinery value (new enterprises must submit a self-declaration for the first time). Copy of birth certificate/school leaving certificate (for entrepreneurs under 35 years as of the bank loan sanction date). Copy of caste certificate from a competent authority. Copy of certificate for differently abled persons from a competent authority. Copy of CTE issued by the GPCB (if applicable). Self-certified/certified copy of documents such as 7/12 Utara, Namuna 6, copy of index, property card, etc. (any one). NA permission (if applicable). Copy of notarized rent deed (agreement) with the owner's proof/affidavit for ownership of land/property. Copy of lease deed (agreement) with the owner's proof of ownership of land/property. Copy of the property tax receipt (for service activities). Board resolution for signing authority (in case of partnerships, LLPs, Pvt. Ltd., or Limited Companies). Declaration and undertaking regarding other investments in Gujarat. Annexure of the balance sheet showing the gross fixed capital investment of the previous financial year. CA certificate showing the gross fixed capital investment before initiating expansion/diversification/forward or backward integration.",State,Business & Entrepreneurship,,"Business, Entrepreneurship, Capital Investment Subsidy, MSMEs"
Aatmanirbhar Gujarat Scheme for assistance to MSMEs: EPF Reimbursement to MSMEs,agmsmeepf,"The ""Aatmanirbhar Gujarat Scheme for MSMEs"" is an umbrella scheme launched by the Industries and Mines Department, Gujarat. It aims to empower the state's dynamic MSME sector, which significantly contributes to employment, GDP, and exports. Effective from October 5, 2022, to October 4, 2027, this initiative supports growth, investments, and the vision of ""Aatmanirbhar Gujarat"" and ""Aatmanirbhar Bharat."" The component ""Financial Support to MSMEs in ZED Certification"" provides reimbursement of the employer's statutory contribution under the Employees' Provident Fund (EPF) to eligible MSMEs for their new employees in Gujarat. ﻿","100% Reimbursement: Covers 100% of the employer’s statutory EPF contribution for new employees. Maximum Limit: Reimbursement capped at 12% of basic salary plus Dearness Allowance (DA) or ₹1800 per employee per month, whichever is lower. Extended Support: Assistance is available for up to 10 years from the date of commercial production.","The firm must be a Micro/Small/Medium enterprise. The enterprise must have obtained acknowledgment or registration from the Ministry of MSME or the Department for Promotion of Industry and Internal Trade (DPIIT), as applicable. New manufacturing enterprises or existing ones undertaking expansion or diversification are eligible. The enterprise must commence commercial production during the scheme's operative period.","Registration Process: Step 1: Visit the Investor Facilitation Portal (IFP) portal. Click on ""New Investor Registration"" to access the registration form. Step 2: Fill in the Registration Form. Click on ""Submit"". Step 3: Verify the E-mail ID using the link sent on your registered E-mail ID. Step 4: After verification, you will be registered successfully. ﻿ Post-Registration Process: Step 1: Visit the Investor Facilitation Portal (IFP) portal. Click on ""Login"". Step 2: Enter the email address and password you used during registration. Step 3: Click the ""Login"" button to access your account. Step 4: Now fill in the required details and mandatory documents about your business to complete the application process. ﻿ Helpdesk: Contact Here. ﻿","Printed Copy of application form with declaration signed by authorized person describing his/her designation and name with stamp of enterprise. Copy of Udyam/IEM/LOI Registration certificate. Copy of the Constitution of the enterprise CA certificate for fixed capital investment CA certified Detailed expenditure statement for installing the ERP System. Undertaking for any assistance from GOG and GOI Copy of the bill of expenditure occurred. Copy of Highlighted Bank Statement. Copy of ERP System installation certificate from supplier Copy of GPCB approved NOC/Consent & other departments approval (if applicable ) Brief Description of ERP Module installed by Applicant. Copy of certificate for category (if applicable) Copy of Self certified Shareholding pattern. Copy of PAN Card of Enterprise and promoters/partners/Directors, authorized signatory. Copy of cancelled cheque. Copy of GST registration (if applicable). CA Certified Balance-sheet /Annual Report. ( if applicable) Copy of latest electricity bill. Self-Attested documents/ details to be submitted by the Authorized Person Power of attorney/ Board resolution letter/consent letter.",State,Business & Entrepreneurship,,"Business, Entrepreneurship, MSMEs, Reimbursement"
Aatmanirbhar Gujarat Scheme for assistance to MSMEs: Financial Support to MSMEs in ZED Certification,agmsmezed,"The ""Aatmanirbhar Gujarat Scheme for MSMEs"" is an umbrella scheme launched by the Industries and Mines Department, Gujarat. It aims to empower the state's dynamic MSME sector, which significantly contributes to employment, GDP, and exports. Effective from October 5, 2022, to October 4, 2027, this initiative supports growth, investments, and the vision of ""Aatmanirbhar Gujarat"" and ""Aatmanirbhar Bharat."" The component ""Financial Support to MSMEs in ZED Certification"" aims to promote Zero Defect and Zero Effect (ZED) manufacturing among MSMEs. It focuses on quality improvement, energy efficiency, environmental sustainability, and the adoption of advanced manufacturing standards to support the ""Make in India"" campaign.","Financial Assistance: Subsidy of 50% of all charges after deducting assistance from the Government of India. Maximum subsidy capped at ₹50,000 during the scheme's operative period. Quality and Sustainability Enhancement: Encourages MSMEs to adopt ZED manufacturing practices. Promotes energy-efficient manufacturing and eco-friendly production. Professional Development: Develops professionals skilled in ZED certification and manufacturing. Support for Prior Expenses: Eligible enterprises can claim assistance for expenses incurred during the previous scheme’s operative period. ﻿","The firm must be a Micro/Small/Medium enterprise. The enterprise must have obtained acknowledgment or registration from the Ministry of MSME or the Department for Promotion of Industry and Internal Trade (DPIIT), as applicable. New manufacturing enterprises or existing ones undertaking expansion or diversification are eligible. The enterprise must commence commercial production during the scheme's operative period.","Registration Process: Step 1: Visit the Investor Facilitation Portal (IFP) portal. Click on ""New Investor Registration"" to access the registration form. Step 2: Fill in the Registration Form. Click on ""Submit"". Step 3: Verify the E-mail ID using the link sent on your registered E-mail ID. Step 4: After verification, you will be registered successfully. ﻿ Post-Registration Process: Step 1: Visit the Investor Facilitation Portal (IFP) portal. Click on ""Login"". Step 2: Enter the email address and password you used during registration. Step 3: Click the ""Login"" button to access your account. Step 4: Now fill in the required details and mandatory documents about your business to complete the application process. ﻿ Helpdesk: Contact Here. ﻿","Copy of Udyam/IEM/LOI Registration Certificate. Copy of the Constitution of the Enterprise. CA Certificate for Fixed Capital Investment. Copy of Self-Certified Shareholding Pattern (if applicable). Copy of ZED Certification. CA-Certified Detailed Expenditure Statement for Obtaining ZED Certification. Undertaking for Any Assistance from GoG and GoI. Copy of the Bill of Expenditure Incurred. Copy of the Highlighted Bank Statement. Copy of GPCB Approved NOC/Consent & Other Department Approvals (if applicable). Copy of PAN Card of the Enterprise, Promoters/Partners/Directors, and Authorized Signatory. Copy of GST Registration (if applicable). Copy of CA-Certified Balance Sheet of the Last Financial Year/Annual Audit Report. Copy of the Last Electricity Bill. Copy of Testing Equipment Purchased Booklet (if applicable). Self-Attested Documents/Details Submitted by the Authorized Person. Power of Attorney/Board Resolution Letter/Consent Letter.",State,Business & Entrepreneurship,,"Business, Entrepreneurship, MSMEs, ZED Certification"
"Aatmanirbhar Gujarat Scheme for assistance to MSMEs: Net SGST reimbursement to Micro, Small and Medium Manufacturing Enterprise (MSMEs):",agmsmecsgst,"The ""Aatmanirbhar Gujarat Scheme for MSMEs"" is an umbrella scheme launched by the Industries and Mines Department, Gujarat. It aims to empower the state's dynamic MSME sector, which significantly contributes to employment, GDP, and exports. Effective from October 5, 2022, to October 4, 2027, this initiative supports growth, investments, and the vision of ""Aatmanirbhar Gujarat"" and ""Aatmanirbhar Bharat."" The component ""Net SGST reimbursement to Micro, Small and Medium Manufacturing Enterprise (MSMEs)"" provides reimbursement of net SGST based on the taluka category of the project.",Category of Taluka Quantum of Incentive Category 1 100% of net SGST for 10 years upto 7.5% of eFCl p.a. Category 2 90% of net SGST for 10 years upto 6.5% of eFCl p.a. Category 3 & Municipal Corporation Areas 80% of net SGST for 10 years upto 5% of eFCI p.a. ﻿ Note: The period of 10 years shall be from the date of commencement of commercial production.,"The firm must be a Micro/Small/Medium enterprise. The enterprise must have obtained acknowledgment or registration from the Ministry of MSME or the Department for Promotion of Industry and Internal Trade (DPIIT), as applicable. New manufacturing enterprises or existing ones undertaking expansion or diversification are eligible. The enterprise must commence commercial production during the scheme's operative period. The subsidy is based on the lower of the Gross Fixed Capital Investment (GFCI) or the cost appraised by a bank or financial institution. Enterprises must obtain separate GST registration for manufacturing eligible products. Separate books of accounts are required for each manufacturing unit, certified by a Chartered Accountant. Incentives are only for goods manufactured in the eligible enterprise's premises, not for resold goods. Compliance with all reporting and reimbursement requirements is mandatory.","Registration Process: Step 1: Visit the Investor Facilitation Portal (IFP) portal. Click on ""New Investor Registration"" to access the registration form. Step 2: Fill in the Registration Form. Click on ""Submit"". Step 3: Verify the E-mail ID using the link sent on your registered E-mail ID. Step 4: After verification, you will be registered successfully. ﻿ Post-Registration Process: Step 1: Visit the Investor Facilitation Portal (IFP) portal. Click on ""Login"". Step 2: Enter the email address and password you used during registration. Step 3: Click the ""Login"" button to access your account. Step 4: Now fill in the required details and mandatory documents about your business to complete the application process. ﻿ Application for Provisional/Final Eligibility Certificate for Net SGST: After commencement of commercial production, the eligible enterprise, shall submit an application for provisional eligibility certificate within 1 year from the date of commencement of commercial production or within one year from the date of issue of this G.R., whichever is later. Procedure for claim of assistance for Net SGST: The eligible enterprise shall submit the claim application for assistance, at the interval of every 3 months, to Sanctioning & disbursing authority. Helpdesk: Contact here. ﻿ ﻿ ﻿","Application form for Provisional Eligibility duly filled, stamped, and signed by authorized signatory. Applicable industrial registration certificate (Udyam Registration Certificate/IEM Part-B/IL/LOP, etc.). MSME acknowledgment certificate as per MSME Act 2019 (if applicable). Bank appraisal report (if applicable). Detailed project report. Sanction letter of Term Loan from Bank/Financial Institution (if applicable). Bank account statement for the first disbursement of Term Loan (if applicable). Copy of the constitution of the enterprise (e.g., registered partnership deed for partnership firms). Chartered Accountant Certificate/Statutory Auditor Certificate for Fixed Capital Investment up to the date of commencement of commercial production (in prescribed format). Copy of GST registration. Copy of PAN card of the enterprise and promoters/directors, and PAN and Aadhaar card of the authorized signatory. Consent to Establish (CTE) or Consolidated Consent & Authorization (CCA) from G.P.C.B. (if applicable). Any two self-certified/certified copies of documents, such as 7/12 Utara, Namuna 6, Copy of Index, etc. NA Permission (if applicable). Copy of rent deed (agreement) with the owner’s proof/affidavit for ownership of land/property. First sale bill. Board resolution/consent letter from all partners/Power of Attorney (authorized person should be a director, partner, or at least an employee of the company). Latest audited annual report/balance sheet with all annexures, including the annexure for Gross Fixed Capital Investment. Undertaking in the prescribed format for local employment, government dues/outstanding, and court cases against the government (in prescribed format). Detailed expenditure statement for the project up to the date of commencement of commercial production (in prescribed format). In case of self-fabricated machines, machine-wise valuation certificate from a Chartered Engineer (Mechanical) (in prescribed format). For imported second-hand plant & machinery, a certificate of residual life from a Chartered Engineer. Certificate of Chartered Engineer (Civil) for civil works up to the date of commencement of commercial production (for investments above ₹5 Cr, in prescribed format). Agreement for technical know-how, design, drawings, and patent (if applicable).",State,Business & Entrepreneurship,,"Business, Entrepreneurship, MSMEs, Interest Subsidy"
Aatmanirbhar Gujarat Scheme for assistance to MSMEs: Rehabilitation of Sick Enterprise,agmsmerse,"The ""Aatmanirbhar Gujarat Scheme for MSMEs"" is an umbrella scheme launched by the Industries and Mines Department, Gujarat. It aims to empower the state's dynamic MSME sector, which significantly contributes to employment, GDP, and exports. Effective from October 5, 2022, to October 4, 2027, this initiative supports growth, investments, and the vision of ""Aatmanirbhar Gujarat"" and ""Aatmanirbhar Bharat."" The component ""Rehabilitation of Sick Enterprise"" scheme supports MSME sick industrial enterprises that meet RBI's criteria for sickness by reimbursing part of the costs for preparing a diagnostic report and rehabilitation plan. ﻿ ﻿","Cost Reimbursement: Reimbursement: 50% of the cost for preparing the Draft Rehabilitation Scheme. Financial Assistance: ₹1,00,000/- during the scheme's operative period. ﻿","The firm must be a Micro/Small/Medium enterprise. The enterprise must have obtained acknowledgment or registration from the Ministry of MSME or the Department for Promotion of Industry and Internal Trade (DPIIT), as applicable. The enterprise must be a new manufacturing enterprises or existing enterprises undertaking expansion or diversification. The enterprises should have commenced commercial production during the operative period (October 5, 2022, to October 4, 2027). The enterprise must be an MSME classified as a sick industrial enterprise per RBI guidelines. Diagnostic reports must be prepared by an expert or expert agency. The application must be submitted during the scheme's operative period.","Registration Process: Step-1: Visit the Investor Facilitation Portal (IFP) portal. Click on ""New Investor Registration"" to access the registration form. Step-2: Fill in the Registration Form. Click on ""Submit"". Step-3: Verify the E-mail ID using the link sent on your registered E-mail ID. Step-4: After verification, you will be registered successfully. ﻿ Post-Registration Process: Step-1: Visit the Investor Facilitation Portal (IFP) portal. Click on ""Login"". Step-2: Enter the email address and password you used during registration. Step-3: Click the ""Login"" button to access your account. Step-4: Now fill in the required details and mandatory documents about your business to complete the application process. ﻿ Helpdesk: Contact Here. ﻿","For General Purpose Registration: Application form in prescribed format Copy of constitution of enterprise i.e partnership deed/ Article of Association/ Memorandum of Association, ROC certificate etc. Copy of EM Part II registration or Udhyog Aadhar. Last three years Audited Balance Sheet and Profit Loss account. CA certificate for fulfillment of RBI guideline of sick unit by the Enterprise ﻿ For Assistance for Diagnostic Study Report: Letter of Government Department / Bank/ Financial Institution who recommended to prepare diagnostic study report for rehabilitation of enterprise. Copy of letter of confirmation by Expert/ Expert Agency agreed to prepare diagnostic study report with cost for preparation of report. Copy of receipt of payment by Expert/ Expert Agency. Copy of diagnostic study report submitted by Expert/ Expert Agency.",State,Business & Entrepreneurship,,"Business, Entrepreneurship, MSMEs, Rehabilitation Of Sick Enterprise"
Aawaas Sahayata,as,"Launched in 2016, the ""Aawaas Sahayata"" scheme is a welfare initiative by the Department of Tribal Affairs, Government of Madhya Pradesh. The scheme provides housing assistance to tribal boys and girls pursuing higher education outside their hometowns, who have passed 12th grade from a government or non-government college, or are regularly admitted to graduate, graduate diploma, or technical paramedical courses, and have not secured admission in a government hostel.",The scheme offers housing assistance to tribal students pursuing higher education outside their hometowns where hostels are unavailable.,The applicant should be a native of Madhya Pradesh. The applicant should be a student. The student should have passed 12th grade from a Government or Non-Government college. The student should be enrolled in a Graduate or Graduate Diploma course. The student should be regularly admitted to a Technical or Paramedical course. The student should not have secured admission to a Government hostel. The student should be a tribal student pursuing higher education outside their hometown. ﻿ ﻿ ﻿,"Registration Step 1: The applicant should visit the Madhya Pradesh Tribal Affairs & Scheduled Caste Welfare Automation System MPTAAS portal. ﻿ Step 2: Click on ""New Beneficiary Profile Registration ."" Step 3: Fill in all the required details. Fields marked with * are mandatory. Complete the form by entering all necessary information. Step 4: Upload all required documents, such as ID proof and other relevant certificates. Step 5: After completing the form and uploading the documents, click ""Submit"". Step 6: After successful payment and submission, you will receive a registration number. ﻿ Application Step 1: The applicant should visit the Madhya Pradesh Tribal Affairs & Scheduled Caste Welfare Automation System MPTAAS portal. ﻿ Step 2: Enter your user ID, password, and captcha code, then click ""Login."" Step 3: Choose the scheme you wish to apply for to avail the benefits. Step 4: Enter all required information and upload the necessary documents as prompted. Step 5: Finally, click on ""Submit Application"" to complete the process.",Passport-size Photograph Aadhaar card Domicile certificate of Madhya Pradesh Caste certificate Previous class passing certificate/marksheet Samagra ID Bank account details/Bank Passbook Other necessary documents if required,State,Social welfare & Empowerment,,"Student, Study, Housing Assistance, Scheduled Tribes"
Aaws Bhatta Sahayata Yojana,absy,"The Awas Bhatta Sahayata Yojana is a scheme under the Higher Education Department of the Government of Madhya Pradesh to provide assistance to economically disadvantaged students belonging to Scheduled Castes and Scheduled Tribes. It aims to support students who have to rent accommodation near their college due to the distance from their homes. Under this scheme, financial aid is provided to help cover rental expenses, thereby easing the burden on students pursuing higher education and ensuring equitable access to educational opportunities for marginalized communities in the state. ﻿ Important Point After approval, reimbursement is made into the student's bank account. Principals of government institutions will be the approving officers of their institution. For non-government institutions, the principal of the government institution will be the approving officer of the concerned non-government institutions. The amount of rent above the prescribed housing assistance will have to be borne by the student himself. In case of failure or postponement of examination results, students will become ineligible for this scheme in the coming year.","In Bhopal, Indore, Jabalpur, Gwalior, and Ujjain cities ₹2,000/- per student per month. At district headquarters ₹1,250/- per student per month. At the tehsil and development block level ₹1,000/- per student per month.","The applicant must belong to the Scheduled Caste category. The applicant must be admitted as a regular student in a government or recognized non-government college. The applicant must not be admitted to any government hostel. The annual income of the student's family must be as per the income limit prescribed in the Post Matric Scholarship Scheme, which is currently ₹6,00,000/- per annum. The college or the student's permanent residence should not be located within the geographical limits of the same local body (urban body/gram panchayat).","Registration Step-1: Go to the official website of ""State Scholarship Portal 2.0"" ﻿ ﻿ using a web browser. Step-2: Look for the option that says ""Register yourself"" ﻿ on the homepage and click on it. Step-3: Read the registration guidelines carefully before proceeding. then click Continue. Step-4: Fill in the required details accurately in the registration form. This typically includes personal information such as - Scholarship Category - State -  Name -  Date of birth -  Gender -  Contact details, etc. Step-5: Click submit Register and you get your Student application ID. ﻿ Apply Step-1: Go to the official website of ""State Scholarship Portal 2.0"" using a web browser. Step-2:  click on Login ﻿ Step-3: After that enter you - Application ID. - Password - Captcha Step-4: Click Login and select your scheme name. Step-5: After clicking your scheme name then enter your name father's name, samgra ID, Aadhar number, bank account etc. Step-6: Now upload your photo signature and important documents. Step-7: Remember, the fields marked with an asterisk (*) are mandatory. Step-8: After filling in all your information details and uploading the documents click submit","10th and 12th class mark sheet. Certificate of the class in which the student is studying. Certificate of Scheduled Caste, Scheduled Tribe (the category to which the student belongs). Passport size photograph. Bank account passbook.",State,Education & Learning,,"Student, Colleges, Financial Support, Educaction"
Abdul Kalam Technology Innovation National Fellowship,aktinf,"Department of Science and Technology (DST) in association with the Indian National Academy of Engineering (INAE) launched a Fellowship in the year 2017, named “Abdul Kalam Technology Innovation National Fellowship” to recognize, encourage, support, and promote translational research in engineering by Indian Nationals working in public funded institutions in the country, so as to transfer fundamental research output in viable technological products/devices/components/processes. In brief, the principal objective of the Fellowship is to achieve excellence in engineering, innovation, and technology development. This fellowship scheme has been named after the late Dr. A. P. J. Abdul Kalam, the former President of India, who was a role model in Indian technology development and self-reliance. The scheme is being administered by the Science and Engineering Research Board (SERB) and implemented by the Indian National Academy of Engineering (INAE). Scope: All areas of engineering, innovation, and technology are covered by this fellowship. Duration: The duration of the fellowship will be initially three years, extendable by up to two more years depending on the performance. The fellowship can be held for a maximum of 5 years. Expected Outcome: This Fellowship is applicable for Translational Research Only leading to possible commercialized or deployable technology; pilot scale or field trial worthy technology; patent (filed/sold/commercialized); working model or prototype for demonstration and trial (in addition but not limited only to scientific publication). Fellowship: A Maximum of 10 Fellowships will be awarded per year.","The fellowship amount is ₹25,000/- per month in addition to regular income. A Research grant of ₹15.00 lakh per annum. An Overhead of ₹1.00 lakh per annum to the host institute. Note: The fellowship is taxable as per the IT rule of the Government of India.","The scheme is applicable to Indian nationals working in India in various capacities of engineering profession in publicly funded institutions. The scheme is also applicable to Overseas Citizens of India working in permanent positions in publicly funded Institutions in India. The applicant should possess adequate professional qualifications and hold at least a bachelor’s degree with a proven outstanding track record in innovation or technology development. This applicant should have a minimum of five (5) years of service left in the parent organization as of the date of the award. The applicant should not be holding any other fellowship and in the event of selection, he/she will have to opt for only one of the fellowships.","Nomination: The nominations will be accepted throughout the year. The nominations can be sent by the Heads of the Institutions/organizations, Presidents/fellows of National Science/Engineering Academies, SS Bhatnagar Awardees, and JC Bose awardees. Self-nominations shall not be accepted. Forwarding of Nominations: To download the Nomination Form and submission please visit https://www.inae.in/research-innovation/abdul-kalam-technology-innovation-national-fellowship/ ﻿ The submission of Nomination form along with all supporting documents/appendices should be submitted by email to INAE at inaehq@inae.in Selection: Selection of Abdul Kalam Technology Innovation National Fellows will be made by a Search -Cum-Selection Expert Committee specially constituted for the purpose, as per the broad guidelines of the fellowship Contact for more information on “Abdul Kalam Technology Innovation National Fellowship” at INAE:- Lt Col Shobhit Rai (Retd), Convener cum Member Secretary (Abdul Kalam Technology Innovation National Fellowship) Deputy Executive Director, Indian National Academy of Engineering (INAE) Ground Floor, Block-II, Technology Bhavan, New Mehrauli Road, New Delhi - 110016 Phone: 011-26582475, Email: inaehq@inae.in Website: www.inae.in","1.	Identity proof of candidate 2.	Passport size photograph 3.	Proof of age 4.	Proof that the candidate is working 5.	Educational Qualifications certificates 6.	Details of Professional awards/recognition/fellowship 7.	Endorsement Certificate 8.	Bank Details (Bank Account Number, Name of the Bank, Bank Branch, and IFSC Code). 9.	Any other document, as required",Central,"Science, IT & Communications",,"Abdul Kalam, Innovation, Fellowship, Translational Research, SERB, Research"
Abhayakiranam Scheme-Financial Assistance To Destitute Widows,as-fadw,"The “Abhayakiranam Scheme-Financial Assistance to Destitute Widows” scheme was launched by the Department of Social Justice, Government of Kerala. This scheme aims to provide a safe and better living environment for destitute and homeless widows. Under this scheme, monthly financial assistance will be given to the close relatives of destitute widows who provide protection and shelter to them. In the initial phase, the State Government has accorded Administrative Sanction for providing financial assistance to 200 persons at ₹1,000/- each for 6 months.",Financial assistance of ₹1000/- per month will be provided to the close relatives of destitute widows who provide protection and shelter to them.,"The applicant should be a resident of Kerala State. The age limit of the applicant (destitute widow) must be above 50 years. The annual family income should be below ₹1,00,000/-. The applicant should not be receiving a service pension or family pension. The applicant should not be a beneficiary of schemes implemented through the Social Justice Department (Aswasakiranam, Samashwasam). ﻿","Step 01: To avail of the benefits of the scheme, the applicant needs to visit the nearest District Social Justice Office and collect the application form. The application form can also be downloaded from the official website of the Social Justice Department, Government of Kerala. Step 02: The applicant needs to fill out the application form completely. Step 03: The duly filled application form along with supporting documents has to be submitted to the concerned District Social Justice Officers.",Passport size photo Attested copy of SSLC certificate/Election ID card/ Aadhaar card for age proof. Certificate from the concerned Village officer showing that the applicant is a widow and is under the protection of a relative. Attested copy of Ration card/Income certificate from Village office/BPL certificate Bank account details ﻿,State,"Social welfare & Empowerment, Women and Child",,"Widow, Destitute, Financial Assistance, Homeless, Relative"
Abhinandan Education Loan Subsidy Scheme,aelss,"The objective of this scheme is to provide a loan subsidy of up to Rs 50,000 on education loans to students pursuing higher education from good institutions. The Abhinandan Education Loan Subsidy Scheme has been started with the Housing Scheme. Under this scheme, the Government of Assam will provide a one-time subsidy on loans to all students pursuing higher education on education loans. Under the Abhinandan Scheme all major banks, all commercial banks such as  Federal Bank and HDFC are included. ﻿ In this scheme, the state government will provide subsidy to the family of those students who has taken an education loan of more than Rs 1 lakh. Students getting an education on an education loan can subscribe to this scheme online or offline","Benefits A subsidy of Rs 50,000 will be provided to students by the Government of Assam on education loans up to Rs 1 lakh. In this scheme, all the applicant students can apply for the subsidy by paying 25% of their loans. Under this scheme, the subsidy can be obtained only on loans taken from commercial banks like Federal Bank and HDFC and regional rural banks like Assam Rural Regional Bank. In this scheme, all students have to get financial help by encouraging students on education loans. ﻿","Eligibility Criteria It is mandatory for the student to be a permanent resident of the state of Assam. The student must have taken a loan from a commercial or rural bank, otherwise, he cannot avail of the benefit of the scheme. The bank has been recognized by the Reserve Bank of India. The benefit of this scheme can be availed only as a subsidy on education loans. It is mandatory for the student’s parents to have an education loan of more than Rs 1 lakh.","Application process Visit the official website . With the respect to the ""Abhinandhan Education Loan Subsidy"", click on apply option. The Assam Abhinandhan Scheme Online Application Form will appear. Now provide the required details. Upload the required documents and submit",List of the required document Student’s Aadhaar Card Parent Identification Documents Bank loan documents Residence certificate,State,"Education & Learning, Skills & Employment",,"Abhinandan, Education Loan, Subsidy Scheme"
Abua Awas Yojana,aay,"The ""Abua Awas Yojana"" was launched by the Department of Rural Development, Government of Jharkhand. The scheme aims to provide pucca houses to 8,00,000 homeless families in three phases with a budget of ₹16,320/- crore, prioritizes housing for vulnerable and underprivileged families, providing financial and labor assistance for construction. Each house will feature three rooms and a kitchen, covering an area of 31 square meters.","Financial assistance of ₹2,00,000/- per beneficiary for house construction. Provision for 95 days of unskilled labor wages under MGNREGA.","The families living in kutcha houses or without permanent housing. The specially vulnerable tribal groups (PVTG), victims of natural calamities, and released bonded laborers are eligible for this scheme. The family should not be benefited from existing housing schemes like PMAY-R, Indira Awas Yojana, or Birsa Awas Yojana.","Step 1: The interested applicant should visit (during office hours) the Block or District Office and request a hard copy of the prescribed format of the application form from the staff exclusively entrusted to issue and collect filled-in applications. Step 2: In the application form, fill in all the mandatory fields, and attach copies of all the mandatory documents (self-attest, if required). Step 3: Submit the duly filled and signed application form along with the documents to the Block or District Office. Step 4: Request a receipt or acknowledgment from the concerned authority to whom the application has been submitted. Ensure that the receipt contains essential details such as the date and time of submission, and a unique identification number (if applicable).",Aadhaar Card. Bank Passbook. Job Card. Address Proof. Caste Certificate. Any Other Document If Required.,State,Housing & Shelter,,"Construction, Housing, Rural Development, Financial Assistance"
Academic Education (JKBOCWWB),aejkbocwwb,"The ""Academic Education"" scheme by the Building and Other Construction Workers Welfare Board, Labour Department, Jammu & Kashmir, provides financial assistance to the children of the registered workers. Under this scheme, regular students in Class 9th to 10th receive ₹4,500/-, Class 11th to 12th receive ₹6,000/-, undergraduate students receive ₹10,000/-, and postgraduate students receive ₹15,000/-. ﻿","Financial Assistance based on the Educational Qualification - Class 9th to 10th: ₹4,500/-. Class 11th to 12th: ₹ 6,000/-. Undergraduate: ₹10,000/-. Postgraduate: ₹15,000/-.","For Registration as a Building/ Construction Worker - The applicant should be a resident of Jammu & Kashmir. The applicant should be a Building/ Construction Worker. The applicant should be between 18 and 60 years. The applicant should have engaged in any building or other construction work for at least 90 days during the preceding 12 months. The registration of the applicant should be renewed annually. For Application to this Scheme - The parent/s must be registered member/s of the ""Jammu & Kashmir Building and Other Construction Workers Welfare Board"". The parent/s must have an active membership with the JKBOCWW Board. The child must be a student. The child must be a regular in attendance.","Registration - Step 1: Go to the J&K Building and Other Construction Workers Welfare Board (JKBOCWWB) official website. ﻿ Step 2: On the homepage, find and click the "" Labour Registration"" link. Step 3: If you're a new user, click on ""Apply for New Registration."" Step 4: Complete the registration form with your details, submit the form, and send the OTP to your registered mobile number. Enter the OTP and click ""Verify OTP & Submit."" Step 5: After the OTP is verified, a confirmation message with your Login ID and password will be sent to your registered mobile number. Step 6: Use the Login ID, password, and captcha to log in (remember, the username and password are case-sensitive). filled are case-sensitive). Read all the instructions carefully and Click to continue Step 7: Once logged in, choose the ""Construction Worker’s Registration"" option and click on ""Registration Form."" Step 8: A dashboard will appear. Complete the form by entering all required details (marked with *). Step 9: Upload all the important documents, such as ID proof and other relevant certificates. Step 10: Once the form is completed and documents uploaded, click ""Submit"" and pay the application fee online. You will receive a registration number after successful payment and submission. ﻿ Application - Step 1: Go to the official website of the Jammu & Kashmir Building and Other Construction Workers Welfare Board. Step 2: Click on ""Login,"" enter your details, and sign in to your account. Step 3: After logging in, click on ""Scheme Registration"" and select ""Apply for Scheme."" Step 4: Choose the scheme you wish to apply for in order to avail the benefits. Step 5: Enter all required information and upload the necessary documents as prompted. Step 6: Finally, click on ""Submit Application"" to complete the process. ﻿ Status Tracking - Applicant can track their application status online through the official website of the  Jammu & Kashmir Building and Other Construction Workers Welfare Board. Relevant updates will be sent to the registered mobile number.","For Registration - Identity Proof (e.g., Aadhaar Card) Passport-size Photograph Skill-upgradation Training Certificate Proof of Residence (e.g., Utility Bill, Voter ID, etc.) Ration Card (optional) Bank Account Details (e.g., Copy of Bank Passbook) Caste Certificate (if applicable) Undertaking/Declaration Age Certificate (any one of the following): School Certificate Registrar of Birth Certificate Certificate issued by District Medical Board (if both of the above are unavailable) Employment Certificate Signature Any other documents as required For Application - Identity Card of the registered member (parent) Student ID Card Student's Photograph Student's Marksheet Birth Certificate of the student",State,Education & Learning,,"Worker, Construction, Labour, Student, Education"
Access To Knowledge For Technology Development And Dissemination (A2K+) - Studies,a2ks,"Access to Knowledge for Technology Development and Dissemination (A2K+) is a scheme targeted towards developing mechanisms to disseminate science, technology and innovation-related information to industries, research and academic institutions, In-house R&D units of industry, Scientific & Industrial Research Organizations (SIROs), consultants, industry associations, techno-entrepreneurs, government departments and others. ﻿ Supported Programmes 1: Supporting industrial technology-related studies (A2K+ Studies) 2: Supporting the organization of national and international conferences, exhibitions etc. (A2K+ Events) 3: Support for Technology Development and Utilization Programme for Women 4: Technology Development and Demonstration Programme (TDDP) ﻿ Objectives The objective of the A2K+ Studies program is to support emerging areas of technology aimed at providing useful information and knowledge base to industry, industry associations, academia, research institutions, consultants, entrepreneurs, research students, and policymakers for doing any further work in these areas; to study and analyze the developments in the emerging technology areas and document the findings, leanings, and outcomes for wider dissemination; and preparation of status reports on technologies from publicly funded institutions, that are ready for commercialization with a view to catalyzing the translation of research output from institutions to market.","The support shall be towards the following items of expenditure: Manpower. Travel for networking, survey, stakeholder meetings, experts, resource persons, etc; (International travel is not permissible under a project). Consultation fees for experts and resource persons. Contingencies and consumables (Consumables may include research equipment essential for the study and approved by TAC) Overhead charges are fixed at 15%. Any other item upon recommendation by the TAC and approval of the competent authority. ﻿ Note 1: DSIR support towards manpower expenses shall remain fixed respective of changes in fellowship rates if any. Note 2: No support is granted for setting up general-purpose infrastructural facilities. ﻿","For Agencies Industry Associations including Sectoral Industry Associations, Export Promotion Councils and Chambers of Commerce and Industry. Central and State Government Departments and their associated bodies including Technical Consultancy Organizations (established by State Government, Financial Institutions & Banks). National R&D Institutions and Organizations including SIROs recognized by DSIR and PFRIs registered with DSIR. Approved Universities and Colleges as listed on UGC/AICTE website. Institutions having a distinct legal entity (as per Rule 228 of GFR 2017). ﻿ Topics for the Proposal (For 2023) A study report on the development of new building materials using agro-industrial waste like PVC Waste, Municipal Waste, Construction & Demolition waste, hospital waste, e-waste etc. A study report on the status of research on indigenous development of membranes for desalination of seawater/saline water. A study report on research on indigenous development of membranes for sewage treatment to promote its recycling and reuse. Report on advanced building materials and building design towards energy efficient building. A report on ICT tools catering to a wide range of learners, including Children with Special Needs. A study report on the development of cost-effective technology/ instrumentation in waste management systems such as Sensor based bins, Sensor-based automatic waste collection systems through garbage chutes in residential buildings.","The prescribed application format can be downloaded from the website: http://dsir.gov.in/#files/12plan/a2k/a2ks.html. ﻿ The Applicants should submit five hard copies of the proposal duly signed + one soft copy [MS Word file and not a PDF file] through e-mail and by enclosing a pen drive to: ﻿ Dr. Sujata Chaklanobis, Head (A2K+) Department of Scientific & Industrial Research Ministry of Science & Technology Technology Bhawan, New Mehrauli Road New Delhi-110 016 Email: priya@nic.in ﻿ Note: Superscribe ""CONFIDENTIAL, A2K+ Studies” on the document holder.",Details of the Organization Proof of Year of Establishment Proof of Number of Employees Proof of Legal Status Proof of Address Detailed Item-Wise Budget Estimates Networking and Interactions or Financial/Technical Involvement of Other Relevant Organizations including Co-sponsorship ﻿ Details of Principal Investigator (PI) and Co-PI Aadhaar Card Proof of Identity Proof of Address Proof of Employment at the Host Institute Proof of Experience,Central,Education & Learning,,"Research, Technology, Proposal, Industry, Institution"
Accident Assistance (K.B.O.C.W.W.B),kaabocwwb,"The ""Accident Assistance'' by the BOCW Welfare Board, Department of Labour, Karnataka, is a welfare scheme for the registered workers of the board. Under this Scheme, every registered construction worker who meets with an accident during the course of employment shall be compensated by the employer under the provisions of the Employee’s Compensation Act, along with a compensation from the Board. ﻿","Death Benefit: ₹5,00,000/- granted (50% in Fixed Deposit, 50% via cheque/DBT) to the first living nominee. Permanent Total Disablement Benefit: ₹2,00,000/- granted (50% in Fixed Deposit, 50% via cheque/DBT). Permanent Partial Disablement Benefit: ₹1,00,000/- granted proportionally (50% in Fixed Deposit, 50% via cheque/DBT). ﻿",For Registration as a Building/ Construction Worker: The applicant should be a Building/ Construction Worker (Unorganised Worker). The applicant should be a minimum of 18 years of age. The applicant should have engaged in building and construction work for at least 90 days in a given year. For the Application of the Welfare Scheme: The applicant should be a registered construction worker Under the Building and Other Construction Workers Welfare Board of Karnataka. The accident must occur either during the course of employment or outside of work.,"Registration Process as a Building/ Construction Worker: Step 1: Visit the official Website of Karnataka Building & Other Construction Workers Welfare Board (KBOCWWB) and click on “Register”. Step 2: Select “Register as New Construction Worker” then enter your mobile number as per the Aadhaar Registered and verify with the received OTP. Step 3: From the dashboard, click on “Registration”. Step 4: Fill in all the mandatory details and upload the required documents. Click on “Final Submit” to complete the registration process. Application Process of the Welfare Scheme: Step 1: Visit the official Website of Karnataka Building & Other Construction Workers Welfare Board (KBOCWWB) and click on “Login”. Step 2: Enter your registered mobile number and the received OTP. Step 3: From the dashboard, click on “Schemes” (After the user Registration is approved, the user can access the schemes page). Step 4: Select the concerned scheme. Fill in all the mandatory details and upload the required documents. Step 5: Review the details and check the declaration box. Now click on “Submit” to complete the application process. Renewal Process: Step 1: Visit the official Website of Karnataka Building & Other Construction Workers Welfare Board (KBOCWWB) and click on “Login”. Step 2: Enter your registered mobile number and the received OTP. Step 3: From the dashboard, click on “Renewal”. Fill in mandatory details and upload the required documents. Step 4: Review the details and click on “Submit” to complete the renewal process. Note: Renewal: Every construction worker must renew their registration with the Karnataka Building and Other Construction Workers Welfare Board every 3 years. If not renewed within this period, a 1-year grace period is granted. After that, the registration becomes invalid. Helpdesk: Karnataka Building And Other Construction Workers Welfare Board, Address: Karmika Bhavan, Dairy Circle, Bannerghatta Road, Bangalore-29. Office No: 080-29753078 E-mail: labour.commissioner42@gmail.com ﻿ List of District Office. ﻿ ﻿ List of Taluk Offices. ﻿",For Registration as a Building/ Construction Worker: Employment Certificate/90 Days Work Certificate ( Form V(A) / V(B) / V(C) /V(D)). Aadhar Card (Self-Attested). Ration Card(non-mandatory). Age Proof (Voter ID Card/Aadhar Card). For the Application of the Welfare Scheme: Medical Certificate. Medical Disability Certificate. Death certificate. FIR COPY. Postmortem Report. Self Declaration. For the Renewal Process: Employment Certificate/90 Days Work Certificate ( Form V(A) / V(B) / V(C) / V(D) ).,State,Health & Wellness,,"Labour, Building Worker, Construction Worker, Accident, Disability, Death Benefit"
Accident Medical Assistance Scheme (PBAOCWWB),amas-pbaocwwb,"The ""Accident Medical Assistance"" is a Welfare Scheme by the Puducherry Building and Other Construction Workers Welfare Board, Labour Department, Union Territory of Puducherry. Through this scheme, the Board may sanction an amount of ₹1,500/- per month to the Construction Worker who has met an accident and sustained fracture. The financial assistance is provided until he/she becomes physically fit to resume normal work. The claim from the worker should be supported by medical certificates issued by a prescribed doctor.","Financial Assistance of ₹1,500/- per month credited within 15 days through Direct Benefit Transfer (DBT). The financial assistance is provided until he/she becomes physically fit to resume normal work.","The applicant should be a citizen of India. The applicant should be registered as a Construction Worker with the Puducherry Building and Other Construction Workers Welfare Board. The applicant should have completed the age of 18 years. The applicant should not have completed the age of 60 years during the preceding 12 months in the construction work. The beneficiary should be contributing to the Board's Fund. The applicant should not have defaulted in payment of contribution to the Board for a continuous period of more than one year. The applicant should have met an accident, and sustained fracture(s). The applicant should not be physically fit to resume normal work.","Registration Step 1: The interested construction worker should visit the Office of the Puducherry Building and Other Construction Workers Welfare Board (Industrial Estate, Thattanchavady, Puducherry - 605 009) and obtain the prescribed format of the registration form free of cost from the concerned authority exclusively entrusted to issue and collect filled-in applications. Step 2: In the registration form, fill in all the mandatory fields, paste the passport-sized photograph (signed across, if required), and attach copies of all the mandatory documents (self-attest, if required), add a declaration stating that you are a construction worker, mentioning your worksite. Step 3: The interested construction worker should submit the duly filled and signed registration form and the documents to the concerned authority. Step 4: Request a receipt or acknowledgement from the concerned authority to whom the registration form has been submitted. Ensure that the receipt contains essential details such as the date and time of submission, and a unique identification number (if applicable). Step 5: Upon verification by the inspectors under the Act towards genuineness, the concerned worker will be enrolled as a beneficiary with the approval of the Secretary (Board). *The beneficiary should pay the registration of ₹25/- at the time of enrollment and ₹100/- per year as an annual subscription. *The Board collects ₹300/- as a renewal fee once in three years. ﻿ Application Step 1: The interested construction worker should visit the Office of the Puducherry Building and Other Construction Workers Welfare Board (Industrial Estate, Thattanchavady, Puducherry - 605 009) and obtain the prescribed format of the application form free of cost from the concerned authority exclusively entrusted to issue and collect filled-in applications. OR The interested construction worker should take print of the prescribed format of the application form provided in the section ""Application for Welfare Benefits"" on Page No. 77 of the Citizen's Charter. Step 2: In the application form, fill in all the mandatory fields, paste the passport-sized photograph (signed across, if required), and attach copies of all the mandatory documents (self-attest, if required). Step 3: The interested construction worker should submit the duly filled and signed application form and the documents to the concerned authority. Step 4: Request a receipt or acknowledgement from the concerned authority to whom the application form has been submitted. Ensure that the receipt contains essential details such as the date and time of submission, and a unique identification number (if applicable). NOTE: The application should be submitted within one year from the date of discharge.","For Registration 1. Duly Filled and Signed Application Form. 2. Birth Certificate/Transfer Certificate/Doctor Certificate for Age Verification. 3. Experience Certificate to Be Obtained From a Registered Engineer/contractor/association/trade Union, Serving as Evidence of Being a Construction Worker. 4. Details Related to Construction Work/worksite. 5. Proof of Blood Group (Medical Health Card or Laboratory Certificate). 6. Two Passport-size Photographs. 7. Ration Card. 8. Aadhaar Card. 9. Bank Details. 10. Family Particulars/status and Nomination Details of the Beneficiaries. 11. Certificate From the Revenue Department or Social Welfare Department or Anganwadi Officials of the Respective Area. ﻿ For Application Last Subscription Bill. Board ID Card. Aadhaar Card. Bank Pass Book. Medical Certificate Issued by the Competent Authority (RMO). Accident Report. Discharge Slip.",State,Social welfare & Empowerment,,"Accident, Medical, Financial Assistance, Construction, Worker, DBT, Labour"
Accident Relief Scheme,ars,"The scheme ""Accident Relief Scheme"" was launched by the Social Welfare and Nutritious Meal Programme Department, Government of Tamil Nadu. The scheme aims to provide financial assistance of ₹20,000/- to the legal heirs of the household below poverty line on the death of a “Primary breadwinner” (male or female) due to an accident in respect of 44 occupational categories of notified employment as per G.O.Ms.No.471 , Finance (CMPRF) Department dated.23.05.1989.","Financial assistance of ₹20,000/- is given to the legal heirs of the household below poverty line. NOTE: Depending upon the nature of the injury sustained and the degree of physical impairment, relief of ₹5,000 to ₹15,000 is given.","The breadwinner of the family, whether male or female, must be an earning member. The breadwinner's death was caused by an accident. The family should belong to the BPL category. Legal heirs of the deceased primary breadwinner of the family. The family members engaged in the 44 categories (Page No. 139) of notified employment.","Step 1: The interested applicant should visit (during office hours) the district Taluk office of the Tahsildars and request a hard copy of the prescribed format of the application form from the staff exclusively entrusted to issue and collect filled-in applications. Step 2: In the application form, fill in all the mandatory fields, and attach copies of all the mandatory documents (self-attest, if required). Step 3: Submit the duly filled and signed application form along with the documents to the District Collector/Revenue Divisional Officer/Special Tahsildar. Step 4: Request a receipt or acknowledgment from the Tahsildars to whom the application has been submitted. Ensure that the receipt contains essential details such as the date and time of submission, and a unique identification number (if applicable). Application Deadline: The application should be sent within 6 months of the death.",Copy of Ration Card. Copy of Aadhaar Card. First Information Report (FIR). Death Certificate of the Breadwinner.,State,Social welfare & Empowerment,,"Financial Assistance, Accident, Bread Winner, Death"
Accidental Benefit,adwb,"The ""Accidental Benefit'' scheme by the Building and Other Construction Workers Welfare Board, Labour Department, West Bengal, is a welfare scheme for the registered workers of the board. Under this scheme, the Board shall provide financial assistance to a beneficiary in case of hospitalization for 5 or more days and become disabled due to an accident. A registered construction worker, who becomes permanently disabled, will be entitled to a monthly pension. Also in case of death of such pension holder, his/her spouse/nominee will be entitled to a monthly family pension. ﻿","Hospitalization for 5 or more days: Up to a maximum amount of ₹10,000/-. Disablement due to accident: Up to a maximum amount of ₹50,00/-. Pension for permanent disablement: ₹750/- Per Month. Family Pension for permanent disablement: ₹375/- Per Month (in case of death of such pension holder, his/her spouse/ nominee will be entitled to family pension).",For Registration as a Building/ Construction Worker: The applicant should be a resident of West Bengal. The applicant should be a Building/ Construction Worker. The applicant should be between 18 and 60 years. The applicant should have engaged in building and construction work for at least 90 days in a given year. For the Application of the Welfare Scheme: The applicant should be a registered member Under the Building and Other Construction Workers Welfare Board of West Bengal. The member should have been hospitalized for 5 or more days or became disabled/permanently disabled due to an accident.,"Registration Process as a Building/ Construction Worker: Step 1: To register as a beneficiary under the BOCW Welfare Board, an applicant worker should request Form-27 from the Assistant Labour Commissioners/ Beneficiary Registering Officers and should attach all the mandatory documents (self-attested, if required). Step 2: Application shall be submitted to the Assistant Labour Commissioners/ Beneficiary Registering Officers. Application Process of the Welfare Scheme: Step 1: A registered worker should request Form-XXXIV for the application from the Assistant Labour Commissioners/ Beneficiary Registering Officers and should attach all the mandatory documents (self-attested, if required). Step 2: Application shall be submitted to the Assistant Labour Commissioners/ Beneficiary Registering Officers for this benefit. Helpdesk: Labour Department Department of Labour, Government of West Bengal, 12th Floor, N.S Building, Block-A, 1, Kiran Shankar Roy Road, Kolkata-700001 Helpline of Labour Department, Govt. of West Bengal (Shramik Sathi): 1800-103-0009 Note: Upon successful verification,  the construction worker is registered and an identity card and passbook are issued to him/ her. ₹20/- as the registration fee and ₹30/- as yearly subscription is taken. The amounts taken are noted in the passbook and a receipt is issued. After one year, the beneficiary's subscription is renewed upon payment of a renewal fee of ₹30/- and submission of an application in Form-27A. If not renewed the registration of the beneficiary is cancelled after the expiry of one year. Fresh application for renewal to be submitted to the ALC for consideration.",For Registration as a Building/ Construction Worker: Passport size photographs of the worker (Four copies). Attested copy of Proof of Age. For the Application of the Welfare Scheme: Medical Certificate of the member. Dependent/ Heirship Certificate of the applicant. Any other document if required.,State,Social welfare & Empowerment,,"Labour, Building Worker, Construction Worker, Accidental Benefit, Hospitalization, Disability"
Accidental Death Assistance Scheme (GBOCWWB),adasgbocwwb,"The “Accidental Death Assistance Scheme” is implemented by the Gujarat Building and Other Construction Worker’s Welfare Board (GBOCWWB), Labour, Skill Development & Employment Department, Government of Gujarat. Under this scheme, financial assistance shall be provided to the legal heirs of the deceased construction workers, registered or unregistered with the Board, in case of accidental death or permanent disability during ongoing work at the construction site.","Under the scheme, financial assistance of ₹3,00,000/- shall be given to the legal heirs of the deceased construction workers.","The applicant should be a legal heir of the deceased worker. The deceased worker should have been engaged in any building or other construction work. The financial assistance shall be provided to the legal heirs of construction workers, whether registered or unregistered with the Board, in the event of accidental death or permanent disability occurring during ongoing work at the construction site.","Application Process for Scheme Benefit: Step 01: The applicant may visit the Sanman Portal: https://sanman.gujarat.gov.in/ ﻿ Step 02: On the home page, under the tab ‘Citizen Login’, click on ‘ Please Register Here ’. Step 03: Enter the Aadhaar Card Number of Shram Yogi and select the user type. Step 04: Now, fill in the heir’s details & click on ‘Create’. Step 05: After successful registration, the applicants can login through their User ID and Password. Step 06: Now, select the scheme and read the rules carefully for the selected scheme. Step 07: Fill out the application form and upload all the relevant documents. Step 08: Agree with the Rules & Regulations and submit the application form. A confirmation email with the application Number will be sent to the registered email ID.",Documents required for Accidental Death Assistance: Identity proof of the deceased worker Identity proof of heir Copy of death certificate Copy of Police Panchnama/FIR Copy of post-mortem report Copy of Firm Name of Talati/Mamlatdar/Executive Magistrate Copy of affidavit Consent Form Bank details of the applicant Any other documents as required Documents required for Permanent Disability Assistance: Identity proof of the employee Civil Surgeon's Certificate Copy of affidavit Bank details of the applicant Any other documents as required,State,Social welfare & Empowerment,,"Accidental Death, Permanent Disability, Construction Worker, Building Worker, Heir, Financial Assistance"
Accidental Death Assistance Scheme- Gujarat Labour Welfare Board,adas-glwb,"The “Accidental Death Assistance Scheme” is implemented by the Gujarat Labour Welfare Board, Labour, Skill Development & Employment Department, Government of Gujarat. Under the scheme, financial assistance is provided to the family members of workers (Shramyogis) in the event of their death due to an accident during their course of employment. This assistance aims to help the worker's family cope with the sudden calamity. However, post-sickness and natural death of workers will not be admissible under the scheme.","Under the scheme, families of workers (Shramyogis) will receive financial assistance of ₹2,00,000/- in the event of the worker's death due to an accident during their course of employment.","In case of the death of a worker due to an accident, the family of the worker will be eligible for assistance under the scheme. Only those workers (Shramyogis) whose factory/company/organization has regularly paid their Labour Welfare Fund will be eligible for the benefit of this scheme. Note 01: The benefit of the scheme will be given from the day after the worker joins the job. Note 02: Application should be made within 2 years from the date of death of the worker (Shramyogi). The application received after the time limit will be processed at the office. Note 03: Under this scheme, in case of the death of a worker due to an accident in the factory, the Director, Office of Industrial Safety and Health has to submit an accident report. Also, in case of accidental death outside the factory/company/organization, an affidavit has to be produced from the owner/manager of the factory/company/organization concerned. Note 04: The final decision regarding assistance will be with the Welfare Commissioner, with jurisdiction in Ahmedabad.","Application Process for Scheme Benefit: Step 01: The applicant may visit the Sanman Portal: https://sanman.gujarat.gov.in/ ﻿ Step 02: On the home page, under the tab ‘Citizen Login’, click on ‘ Please Register Here ’. Step 03: Enter your Aadhaar Card Number, select user type and then enter your Labour Welfare Fund Account Number. Step 04: Now, click on ‘Fetch’ & verify the details. Step 05: Enter user details and Password. Step 06: After successful registration, the applicants can login through their User ID and Password. Step 07: Now, select the scheme and read the instructions carefully for the selected scheme. Step 08: Fill out the application form and upload all the relevant documents. Step 09: Agree with the Rules & Regulations and submit the application form. A confirmation email with the application Number will be sent on the registered email ID. Note: The application form submitted except for incomplete details and complete enclosure will be done in the office. No correspondence will be entertained regarding that.",Passport-size Photograph A copy of the identity card issued by the contractor to the worker/labour Aadhaar Card of Labour Labour Welfare Fund Account Number Identity proof of family member/applicant Death certificate of worker Accident report ﻿ Bonafide certificate ﻿ ﻿ Affidavit ﻿ Bank account details/Bank Passbook of family member/applicant Any other documents as required,State,Social welfare & Empowerment,,"Accidental Death, Industrial Worker, Organized Worker, Labour, Financial Assistance"
Accidental Death Assistance for the Construction Workers,adacw,"The ""Accidental Death Assistance for the Construction Workers"" by the Delhi Building and Other Construction Workers Welfare Board, Labour Department, Delhi, is a welfare scheme for the registered workers of the board. Through this scheme, financial assistance of ₹2,00,000/- is provided to the nominees/dependents of the members in case the death is due to an accident, during the course of employment.","Financial assistance of ₹2,00,000/- is provided to the nominees/dependents of the members in case  the death is due to an accident, during the course of employment. ﻿",For Registration The applicant should be a resident of Delhi. The applicant should be a Building/Construction Worker. The applicant should be between 18 and 60 years. The applicant should have served the Board for at least 90 days in a given year. ﻿ For Application The  nominees/dependents who have lost any registered member/worker of the due to an accidental death. ﻿,"Registration Step 1: Visit the DBoCWWB website and click “Register Now”. Step 2: Enter the following mandatory details: Aadhaar Card Number, Name as on Aadhar Card, Mobile Number, Date of Birth (as on Aadhar Card), Gender, etc. Create a password and confirm it. Click “Register”. You will be redirected to the registration page. Step 3: On the registration page, fill in the mandatory details (Father Name, Mother Name, Photograph, Applicant’s Video, etc) and upload the mandatory documents in the specified filetype and filesize. Click “Save & Next”. Step 4: On the next page, enter the mandatory details regarding your work/workplace (Previous/Current Employer Details, Proof of 90 Days Employment, etc) and upload the mandatory documents in the specified filetype and filesize. Click “Save & Next”. Step 5: Click on “Add Family Members” to avail the benefits of various schemes. Step 6: In the next window, add your Bank Account details. Step 7: In the next window, upload your Aadhaar Card, Address Proof, Birth Proof, Employment Proof, Bank Account details etc. Step 8: In the next window, the ""Affidavit of the Applicant"" will be displayed. Verify all the details, and click on the checkbox. Step 9: Proceed for the online registration fee of ₹25/- through a Debit Card/ Internet Banking/ UPI. Step 10: Enter the OTP received on your registered mobile number to apply. Note down the Application Number for future reference. Download the acknowledgement receipt. Track Your Application Visit the homepage of the website regularly and click on ""Track Your Application"" to check the status of your application. Application Step 1: Visit the DBoCWWB website and click “Apply for Scheme”. Step 2: Log in through Aadhaar Number/ Registration Card/ OTP. Step 3: Apply for the “Death Assistance” scheme. ﻿ Helpline Number (24x1) : 011-41236600 DBOCWWB Department Number (office hours: 9:30AM - 6:00PM) : 011-23813846 ﻿",Original Death certificate (duly issued by any Municipal/Government Authority). Photocopy of Aadhar card of the Nominee. Photocopy of First page of Bank passbook/copy of cancelled Cheque of the Nominee. Copy of the First Information Report (FIR)/Medico-Legal Cases (MLC) Report. ﻿ ﻿,State,Social welfare & Empowerment,,"Labour, Accidental Death, Construction Workers, Financial Assistance"
Accidental Death Benefit Scheme (PBAOCWWB),adbs-pbaocwwb,"The ""Accidental Death Benefit Scheme"" is a Welfare Scheme by the Puducherry Building and Other Construction Workers Welfare Board, Labour Department, Union Territory of Puducherry. This scheme extends financial assistance of ₹2,25,000/- to the nominees/dependents of the deceased Construction Worker, apart from the ₹2,00,000/- extended through the Life Insurance Corporation (LIC). The amount is credited through Direct Benefit Transfer (DBT) into the bank account of the nominee/dependent. The applications are accepted offline.","Financial Assistance: ₹2,25,000/-. Time of Disbursal: Within 15 days of the application. Mode of Disbursal: Direct Benefit Transfer (DBT) into the bank account.","The applicant should be the nominee/dependent of the deceased Construction Worker. The Construction Worker should have been a citizen of India. The Construction Worker should have died in an accident caused due to the harness. The deceased, in his/her lifetime, should have been registered as a Construction Worker with the Puducherry Building and Other Construction Workers Welfare Board. The deceased, in his/her lifetime, should have completed the age of 18 years. The deceased, in his/her lifetime, should not have completed the age of 60 years during the preceding 12 months in the construction work. The deceased, in his/her lifetime, should have contributed regularly to the fund. The deceased, in his/her lifetime, should not have defaulted in payment of contribution to the Board for a continuous period of more than one year.","Step 1: The nominee of the deceased should visit the Office of the Puducherry Building and Other Construction Workers Welfare Board (Industrial Estate, Thattanchavady, Puducherry - 605 009) and obtain the prescribed format of the application form free of cost from the concerned authority exclusively entrusted to issue and collect filled-in applications. OR The nominee of the deceased should take print of the prescribed format of the application form provided in the section ""Application for Welfare Benefits"" on Page No. 87 of the Citizen's Charter. Step 2: In the application form, fill in all the mandatory fields, paste the passport-sized photograph (signed across, if required), and attach copies of all the mandatory documents (self-attest, if required). Step 3: The nominee of the deceased should submit the duly filled and signed application form and the documents to the concerned authority. Step 4: Request a receipt or acknowledgement from the concerned authority to whom the application form has been submitted. Ensure that the receipt contains essential details such as the date and time of submission, and a unique identification number (if applicable). NOTE: The application should be submitted within two months from the date of death of the Construction Worker.",Original Board Identity Card. Last Subscription Renewal Copy. Death Certificate. FIR. Accident Report. Proof of Relationship of the Nominee for the Deceased. Ration Card. Bank Details. Aadhaar Card. Medical Report from the Competent Authority (RMO).,State,Social welfare & Empowerment,,"Accident, Death, Construction, Worker, Financial Assistance"
Acharya Vidyasagar Gau Samvardhan Yojana,avgsy,"This scheme is for all categories of beneficiaries. The beneficiary must have a minimum of 1 acre of agricultural land for 5 animals and with the increase in the number of animals, the minimum agricultural land will be determined by increasing it proportionately. Priority to implementation of milk route. ﻿ Plan Unit Cost The animal owner can get the plan approved for minimum 5 or more animals and the maximum limit amount of the project is Rs. 10.00 lakhs. 75 percent of the project cost will have to be received through bank loan and the balance amount will have to be arranged in the form of margin money assistance and the beneficiary's own contribution. Reimbursement of interest on 75 per cent of the unit cost or 5 per cent per annum (maximum Rs. 25,000 per annum) by the beneficiary on the loan availed from the bank, whichever is less, will be done by the department for 7 years. Interest on the remaining interest rate above 5 percent will have to be reimbursed by the beneficiary himself. ﻿ Margin money support - 25% of the project cost for general category subject to a maximum of Rs. 1.50 lakh 33 percent of the project cost for SC/ST, maximum Rs. 2.00 lakhs. ﻿","The animal owner can get the plan approved for minimum 5 or more animals and the maximum limit amount of the project is Rs. 10.00 lakhs. 75 percent of the project cost will have to be received through bank loan and the balance amount will have to be arranged in the form of margin money assistance and the beneficiary's own contribution. Reimbursement of interest on 75 per cent of the unit cost or 5 per cent per annum (maximum Rs. 25,000 per annum) by the beneficiary on the loan availed from the bank, whichever is less, will be done by the department for 7 years. Interest on the remaining interest rate above 5 percent will have to be reimbursed by the beneficiary himself.  ﻿","The scheme is applicable to all the registered cow shelters, non-governmental organizations, and individuals who own cows. The scheme is only applicable to the indigenous cows that are recognized by the government. The cow owners or cow shelters must be registered with the Gau Samvardhan Board to avail the benefits of the scheme. The applicant must have a valid Aadhaar card, and the cow must be registered with the Gau Samvardhan Board. The cow owners or cow shelters must have a dedicated space for the cows, along with facilities for their feeding, cleaning, and medical care. The applicant must have a bank account in the name of the cow shelter or in their individual name. ﻿","1)Approval of beneficiaries in Gram Sabha. ﻿ 2)Approval of beneficiaries approved by Gram Sabha in the meeting of Janpad Panchayat. ﻿ 3)After the approval of the Janpad Panchayat, the Deputy Director, Animal Husbandry Department of the district will get the approval by sending the approved case to the bank for approval. ﻿",Aadhaar Land document Bank details ﻿,State,"Agriculture,Rural & Environment",,"Animal Husbandary, Dairy, Milk Production, Cow, Veterinary"
Additional Financial Assistance for the Children of Persons Engaged in the Cleaning Profession,pmsscpecp,"The ""Additional Financial Assistance for the Children of Persons Engaged in the Cleaning Profession"" scheme was launched by the Social Justice and Empowerment Department, Government of Rajasthan. The scheme provides an additional financial assistance of ₹500/- per month to children of individuals working in the cleaning or sanitation profession. This assistance is given to students already receiving a scholarship under the Post-Matric Scholarship Scheme, ensuring their continued education.",Financial Assistance: This scheme provides ₹500/- per month as additional financial assistance to children of individuals working in the cleaning/sanitation profession. Note: Assistance will be provided for a maximum of 10 months per year.,"The applicant should be a student. The applicant should be eligible for or currently receiving a scholarship under the Post-Matric Scholarship Scheme. The applicant should belong to Scheduled Caste (SC), Scheduled Tribe (ST), Other Backward Classes (OBC), Economically Backward Classes (EBC), or Extremely Backward Classes (EBC). The applicant's parents or guardian should be engaged in the cleaning profession and belong to the scavenger class. If the applicant's parent is not alive, the guardian engaged in the cleaning profession and belonging to the scavenger class is eligible to apply.","Registration Step-1: Applicant have to visit the official portal . Step-2: Click on the option “ Register ”. Step-3: Then you will be redirected to the SSO registration page. The registration page will appear with the following options. Citizen Step-4: Choose the either one option from  the Jan Aadhaar Or Google to process further. Jan Aadhaar : Enter the Jan Aadhaar number, click on the ‘Next’ button, Select your name, the name of the head of the family and all the other members and Click on the ‘Send OTP’ button. Enter the ‘OTP’ and Click on the ‘Verify OTP’ button to Complete the registration. Google : Enter the Gmail ID, click on the ‘Next’ button, Enter the password. A new link appear on screen, now click on new SSO link. SSO id will appear on screen, now create the password. Enter Mobile number, click on registration. Apply Step-1: Applicant have to visit the official portal . Step-2: After login, dashboard will open. Step-3: Click on “IFMS-RAJSSP"" option. Step-4: Select ""Continue to RajSSP"". Step-5: Now click on ""Apply for Scheme"" on screen. Step-6: In this new page, will get a list of names of all the schemes, and click on the name of ""Yojana"" Step-7: Select the category ""sanitation worker""  Step-8: Fill out all relevant details and upload the required document. Step-9: Submit.",Parents/guardians Certificate of being engaged in cleaning profession Admission Certificate Educational Certificate Caste Certificate Any Other Document If Required.,State,Education & Learning,,"Scholarship, Post-Matric, Sanitation Worker, Scavenger, Student"
Additional Pension to 100% Disabled Ex-Serviceman having Children,apdesmc,"The scheme ""Additional Pension to 100% Disabled Ex-Serviceman having Children"" is implemented by the Sainik and Ardh Sainik Welfare Department, Government of Haryana. Under the scheme, an additional pension is provided to 100% disabled ex-servicemen who were members of the Armed Forces and have been released from service due to 100% disability or permanent incapacity to work, provided the disability or incapacity is attributable to service. The additional pension amount is given only for up to three children and continues until the child dies, attains the age of 20 years, gets married, or becomes employed, whichever is the earliest. The additional pension will be reduced proportionately as a child dies or attains the age of 20 years or gets married or gets employed.","The rates of additional pension admissible under the scheme are as follows: Sl. No. Category Additional Pension Amount 1 Other Ranks ₹100/- per child per month subject to a maximum of ₹300/- 2 JCO’s ₹150/- per child per month subject to a maximum of ₹450/- 3 Officers ₹200/- per child per month subject to a maximum of ₹600/- Mode of Payment: Each Secretary of District Sainik Board will make payment of additional pension on a quarterly basis by money order or in cash, as may be convenient.","The applicant should be a permanent resident of Haryana. The applicant should be an Ex-serviceman. An ex-serviceman means a member of the Armed Forces who is released from service due to 100% disability or permanent incapacity to work and the disability or incapacity is attributable to service. The applicant should have 100% disability. The benefit is provided for up to three children. The benefit continues until the child dies, attains the age of 20 years, gets married, or becomes employed, whichever is the earliest. Note 1: Every eligible person shall give a certificate of eligibility on a half-yearly basis, in Form III and send it to the concerned Secretary of the District Sainik Board so as to reach him within the months of June and December every year. Note 2: As and when one or more children of the eligible person die or reach the age of 20 years or get married or secure employment, it shall be the responsibility of the eligible person/guardian to inform the Secretary of the District Sainik Board in this regard.","Registration Process on Antyodaya-SARAL Portal: Step 01: The eligible applicant may apply online through the Official Portal- Antyodaya-SARAL Portal . Step 02: If the applicant is not registered on the portal, he/she gets registered there. Step 03: For registration, click “ New User ” under ‘Sign In Here’ and fill in all the mandatory details i.e. Name, Email ID, Mobile Number, Password & State. Click on ‘Submit’. Step 04: Verify your mobile number and email ID through the received OTP and complete the registration process. Login to apply for the scheme: Step 01: To avail the benefits of the scheme, visit the Official Antyodaya-SARAL Portal and log in through the email ID used while registering. Step 02: Enter Password & Captcha and click on ‘Login’. Step 03: After successful login, click on ‘Apply for Services’ and then ‘View all Available Services’ Step 04: Now, you can search for the scheme and download the pre-defined Affidavit form/template and you will need to upload the filled-in/signed form/template in the 'Attach Enclosures' screen. Step 05: Click on ‘Proceed to Apply’ to fill out the application form. Enter your Parivar Pehchan Patra number- Family ID and click on “Click here to Fetch Family Data” which displays the family members registered under the given Family ID. Step 06: Select the beneficiary/applicant name and enter the OTP that is being sent to the selected family member for verification. Click on “Click to Verify” Step 07: Fill in all the mandatory details and upload all the mandatory documents. Step 08: Preview the application form and click on ‘Submit’. Tracking of Application: Applicants can track their applications through the Official Antyodaya-SARAL Portal by entering their Department Name, Scheme Name, and Application Reference ID.",Copy of Ex-servicemen Identity Card. Parivar Pehchan Patra Original Discharge Book of Ex-servicemen Domicile Certificate of Haryana Copy of Bank Passbook linked with Aadhaar Card Applicant’s Photo ID Proof (Ration Card/Driving Licence/ Voter ID Card/PAN card etc.) P.P.O Disability Certificate Aadhaar Card Affidavit Any other documents as required,State,Social welfare & Empowerment,,"Pension, Ex-Serviceman, PwD, Disability, Sainik"
Additional Pension to 100% Disabled Ex-Serviceman having No Child,apdemnc,"The scheme ""Additional Pension to 100% Disabled Ex-Serviceman having No Child"" is implemented by the Sainik and Ardh Sainik Welfare Department, Government of Haryana. Under the scheme, an additional amount of ₹100/- per month, in addition to the pension amount, is provided to 100% disabled ex-servicemen who were members of the Armed Forces and have been released from service due to 100% disability or permanent incapacity to work, provided the disability or incapacity is attributable to service. The additional amount is given only to those Ex-Servicemen who have no children, irrespective of rank, until death.","An additional amount of ₹100 per month is given to 100% disabled ex-servicemen, irrespective of rank, until death. Mode of Payment: Each Secretary of District Sainik Board will make payment of additional pension on a quarterly basis by money order or in cash, as may be convenient.","The applicant should be a permanent resident of Haryana. The applicant should be an Ex-serviceman. An ex-serviceman means a member of the Armed Forces who is released from service due to 100% disability or permanent incapacity to work and the disability or incapacity is attributable to service. The applicant should have 100% disability. The benefit is provided only to those Ex-Servicemen who have no children, irrespective of rank, until death.","Registration Process on Antyodaya-SARAL Portal: Step 01: The eligible applicant may apply online through the Official Portal- Antyodaya-SARAL Portal . Step 02: If the applicant is not registered on the portal, he/she gets registered there. Step 03: For registration, click “ New User ” under ‘Sign In Here’ and fill in all the mandatory details i.e. Name, Email ID, Mobile Number, Password & State. Click on ‘Submit’. Step 04: Verify your mobile number and email ID through the received OTP and complete the registration process. Login to apply for the scheme: Step 01: To avail the benefits of the scheme, visit the Official Antyodaya-SARAL Portal and log in through the email ID used while registering. Step 02: Enter Password & Captcha and click on ‘Login’. Step 03: After successful login, click on ‘Apply for Services’ and then ‘View all Available Services’ Step 04: Now, you can search for the scheme and download the pre-defined Affidavit form/template and you will need to upload the filled-in/signed form/template in the 'Attach Enclosures' screen. Step 05: Click on ‘Proceed to Apply’ to fill out the application form. Enter your Parivar Pehchan Patra number- Family ID and click on “Click here to Fetch Family Data” which displays the family members registered under the given Family ID. Step 06: Select the beneficiary/applicant name and enter the OTP that is being sent to the selected family member for verification. Click on “Click to Verify” Step 07: Fill in all the mandatory details and upload all the mandatory documents. Step 08: Preview the application form and click on ‘Submit’. Tracking of Application: Applicants can track their applications through the Official Antyodaya-SARAL Portal by entering their Department Name, Scheme Name, and Application Reference ID.",Copy of Ex-servicemen Identity Card Parivar Pehchan Patra Original Discharge Book of Ex-Serviceman Domicile Certificate of Haryana Copy of Bank Passbook linked with Aadhaar Card Applicant’s Photo ID Proof (Ration Card/Driving Licence/ Voter ID Card/PAN Card etc.) P.P.O Disability Certificate Aadhaar Card Affidavit Any other documents as required,State,Social welfare & Empowerment,,"Additional Pension, Ex-Serviceman, PwD, Disability, Sainik"
Additional Pension to Widow of Ex-Serviceman having Children,apwesmc,"The scheme ""Additional Pension to Widow of Ex-Serviceman having Children"" is implemented by the Sainik and Ardh Sainik Welfare Department, Government of Haryana. Under the scheme, an additional amount, in addition to the pension, is provided to the widow of an ex-serviceman who dies while in service but not in any battle. This additional amount is given for up to three children and continues until the child dies, reaches the age of 20 years, gets married, or becomes employed, whichever is the earliest. The additional pension will be reduced proportionately as a child dies or attains the age of 20 years or gets married or gets employed.","The rates of additional pension admissible under the scheme are as follows: Sl. No. Category Additional Pension Amount 1 Other Ranks ₹100/- per child per month subject to a maximum of ₹300/- 2 JCO’s ₹150/- per child per month subject to a maximum of ₹450/- 3 Officers ₹200/- per child per month subject to a maximum of ₹600/- Mode of Payment: Each Secretary of District Sainik Board will make payment of additional pension on a quarterly basis by money order or in cash, as may be convenient.","The applicant should be the widow of an ex-serviceman. A ‘widow’ means the widow of a member of the Armed Forces whose death has taken place while in service but not in any battle. The widow should be a resident of Haryana. The benefit is provided for up to three children of the widow. The benefit continues until the child dies, attains the age of 20 years, gets married, or becomes employed, whichever is the earliest. Note 1: Every eligible widow shall give a certificate of eligibility on a half-yearly basis, in Form III and send it to the concerned Secretary of the District Sainik Board so as to reach them within the months of June and December every year. Note 2: As and when one or more children of the eligible person die or reach the age of 20 years or get married or secure employment, it shall be responsibility of the eligible widow to inform the Secretary of the District Sainik Board in this regard.","Registration Process on Antyodaya-SARAL Portal: Step 1: The eligible applicant may apply online through the Official Portal- Antyodaya-SARAL Portal . Step 2: If the applicant is not registered on the portal, he/she gets registered there. Step 3: For registration, click “ New User ” under ‘Sign In Here’ and fill in all the mandatory details i.e. Name, Email ID, Mobile Number, Password & State. Click on ‘Submit’. Step 4: Verify your mobile number and email ID through the received OTP and complete the registration process. Login to apply for the scheme: Step 1: To avail the benefits of the scheme, visit the Official Antyodaya-SARAL Portal and log in through the email ID used while registering. Step 2: Enter Password & Captcha and click on ‘Login’. Step 3: After successful login, click on ‘Apply for Services’ and then ‘View all Available Services’ Step 4: Now, you can search for the scheme and download the pre-defined Affidavit form/template and you will need to upload the filled-in/signed form/template in the 'Attach Enclosures' screen. Step 5: Click on ‘Proceed to Apply’ to fill out the application form. Enter your Parivar Pehchan Patra number- Family ID and click on “Click here to Fetch Family Data” which displays the family members registered under the given Family ID. Step 6: Select the beneficiary/applicant name and enter the OTP that is being sent to the selected family member for verification. Click on “Click to Verify” Step 7: Fill in all the mandatory details and upload all the mandatory documents. Step 8: Preview the application form and click on ‘Submit’. Tracking of Application: Applicants can track their applications through the Official Antyodaya-SARAL Portal by entering their Department Name, Scheme Name, and Application Reference ID.",Copy of Ex-servicemen /Widow of Ex-servicemen Identity Card Parivar Pehchan Patra Original Discharge Book of Ex-serviceman Domicile Certificate of Haryana Copy of Bank Passbook linked with Aadhaar Card Applicant’s Photo ID Proof (Ration Card/Driving Licence/ Voter ID Card/PAN Card etc.) P.P.O Aadhaar Card Affidavit Any other documents as required,State,"Social welfare & Empowerment, Women and Child",,"Additional Pension, Widow, Ex-Serviceman, Sainik"
Additional Pension to Widow of Ex-Serviceman having No Child,apwesmnc,"The scheme ""Additional Pension to Widow of Ex-Serviceman having No Child"" is implemented by the Sainik and Ardh Sainik Welfare Department, Government of Haryana. Under the scheme, an additional amount of ₹100/- per month, in addition to the pension amount, is provided to the widow of an ex-serviceman who dies while in service but not in any battle. The additional amount is given only to the widows of ex-servicemen who have no children, irrespective of the rank of ex-servicemen, until her death or remarriage.","An additional amount of ₹100/- per month is given to the widow of an ex-serviceman, irrespective of his rank, until her death or remarriage. Mode of Payment: Each Secretary of District Sainik Board will make payment of additional pension on a quarterly basis by money order or in cash, as may be convenient.","The applicant should be the widow of an ex-serviceman. A ‘widow’ means the widow of a member of the Armed Forces whose death has taken place while in service but not in any battle. The widow should be a resident of Haryana. The benefit is provided only to the widows of Ex-Servicemen who have no children, irrespective of the rank of ex-serviceman, until her death or remarriage.","Registration Process on Antyodaya-SARAL Portal: Step 01: The eligible applicant may apply online through the Official Portal- Antyodaya-SARAL Portal . Step 02: If the applicant is not registered on the portal, he/she gets registered there. Step 03: For registration, click “ New User ” under ‘Sign In Here’ and fill in all the mandatory details i.e. Name, Email ID, Mobile Number, Password & State. Click on ‘Submit’. Step 04: Verify your mobile number and email ID through the received OTP and complete the registration process. Login to apply for the scheme: Step 01: To avail the benefits of the scheme, visit the Official Antyodaya-SARAL Portal and log in through the email ID used while registering. Step 02: Enter Password & Captcha and click on ‘Login’. Step 03: After successful login, click on ‘Apply for Services’ and then ‘View all Available Services’ Step 04: Now, you can search for the scheme and download the pre-defined Affidavit form/template and you will need to upload the filled-in/signed form/template in the 'Attach Enclosures' screen. Step 05: Click on ‘Proceed to Apply’ to fill out the application form. Enter your Parivar Pehchan Patra number- Family ID and click on “Click here to Fetch Family Data” which displays the family members registered under the given Family ID. Step 06: Select the beneficiary/applicant name and enter the OTP that is being sent to the selected family member for verification. Click on “Click to Verify” Step 07: Fill in all the mandatory details and upload all the mandatory documents. Step 08: Preview the application form and click on ‘Submit’. Tracking of Application: Applicants can track their applications through the Official Antyodaya-SARAL Portal by entering their Department Name, Scheme Name, and Application Reference ID.","1.	Copy of Ex-servicemen /Widow of Ex-servicemen Identity Card 2.	Parivar Pehchan Patra 3.	Original Discharge Book of Ex-servicemen 4.	Domicile Certificate of Haryana 5.	Copy of Bank Passbook linked with Aadhaar Card 6.	Applicant’s Photo ID Proof (Ration Card/Driving Licence/ Voter ID Card/PAN Card etc.) 7.	P.P.O 8.	Aadhaar Card 9.	Affidavit 10.	Any other documents as required",State,"Social welfare & Empowerment, Women and Child",,"Widow, Additional Pension, Ex-Serviceman, Sainik"
Adi Dravidar and Tribal Welfare Department-Hostels: Special Guides,adthsg,"The scheme “Adi Dravidar and Tribal Welfare Department-Hostels: Special Guides” by the Adi Dravidar and Tribal Welfare Department, Tamil Nadu, aims to offer hostel accommodations to students belonging to the Adi Dravidar and Tribal communities. The initiative supports their education by ensuring a safe and structured environment for studying, addressing the housing needs of students from underprivileged backgrounds. The facilities are available for students up to the XII Standard.",Accommodation: Hostel facility for all Boys/ Girls Boarders studying upto XII Standard. ﻿,The beneficiary should be a Student. The beneficiary should be a resident of Tamil Nadu. The beneficiary should belong to the Adi Dravidar/ Tribal community. The beneficiary should be enrolled within XII Standard (Stn. XII or lower).,Students/ Guardians should contact the warden or matron of the hostel with all the required documents as directed by the authority.,Proof of identity (Aadhar card or any other document as directed by the authority). Caste certificate (Adi Dravidar/ Tribal community). Income certificate (if applicable). Admission/ Enrollment proof in school. Any other documents (if required).,State,"Education & Learning, Housing & Shelter",,"Tribal Welfare, Adi Dravidar, Students, Hostels, Education, Accommodation"
Adi Dravidar and Tribal Welfare Department-Incentive/Award of Prizes,adtwdiap,"The scheme “Adi Dravidar and Tribal Welfare Department-Incentive/Award of Prizes” by the Adi Dravidar and Tribal Welfare Department, Tamil Nadu, provides district-level prizes to students based on their performance in the 10th and 12th standard examinations. The incentives are given to one Boy and one Girl each from Adi Dravidar/ Tribal/ Adi Dravidar Converted to Christianity who have secured the highest mark.","10+2 Examination: ₹3,000/-. 10th Std. First Prize: ₹1,000/-. 10th Std. Second Prize: ₹5,00/-. 10th Std. Third Prize: ₹3,00/-. ﻿",The beneficiary should be a Student. The beneficiary should be a resident of Tamil Nadu. The beneficiary should belong to the Adi Dravidar/ Tribal/ Adi Dravidar (converted to Christianity) community. The beneficiary should have secured the highest marks in 10th or 12th standard exams within the district.,"Step 1: The interested applicant should collect the application form from the office of the District Adi Dravidar and Tribal Welfare Officer. Step 2: In the application form, fill in all the mandatory fields, paste the passport-sized photograph (signed across, if required), and attach copies of all the mandatory documents (self-attest, if required). Step 3: Submit the duly filled and signed application form along with the documents to the concerned authority. Step 4: Request a receipt or acknowledgment from the concerned authority to whom the application has been submitted. Ensure that the receipt contains essential details such as the date and time of submission and a unique identification number (if applicable). ﻿",Proof of Identity (Aadhaar card). Mark sheets of the 10th or 12th standard examination. Community certificate (Adi Dravidar/ Tribal/ Adi Dravidar Converted to Christianity). Bank Account details for prize transfer. Any other documents (if required). ﻿,State,Education & Learning,,"Tribal Welfare, Adi Dravidar, Students, Financial Assistance, Education"
Adi Dravidar and Tribal Welfare Department: Incentive/Award of Prizes-For Each Subjects,adtwip,"The scheme “Adi Dravidar and Tribal Welfare Department: Incentive/Award of Prizes-For Each Subjects” by the Adi Dravidar and Tribal Welfare Department, Tamil Nadu, provides financial incentives to promote academic achievement among students from underprivileged communities. One Student each from Adi Dravidar/Tribal/Adi Dravider converted to Christianity for each subject is selected for the awards. ﻿ ﻿","For plus 2 Examination: ₹2,000/-. For 10th Examination: ₹1,000/-.",The beneficiary should be a Student. The beneficiary should be a resident of Tamil Nadu. The beneficiary should belong to the Adi Dravidar/Tribal/Adi Dravidar converted to Christianity community. The beneficiary must have passed the 10th or Plus 2 examination.,"Step 1: The interested applicant should collect the application form from the office of the District Adi Dravidar and Tribal Welfare Officer. Step 2: In the application form, fill in all the mandatory fields, paste the passport-sized photograph (signed across, if required), and attach copies of all the mandatory documents (self-attest, if required). Step 3: Submit the duly filled and signed application form along with the documents to the Director of Adi Dravidar Welfare , Chennai-5. Step 4: Request a receipt or acknowledgment from the concerned authority to whom the application has been submitted. Ensure that the receipt contains essential details such as the date and time of submission, a unique identification number (if applicable). ﻿",Proof of identity (Aadhar card or any other document as directed by the authority). Caste certificate (Adi Dravidar/ Tribal community). Income certificate (if applicable). Marksheets of the 10th/Plus 2 examination. Any other documents (if required). ﻿,State,Education & Learning,,"Tribal Welfare, Adi Dravidar, Students, Incentive, Education, Prizes"
Adi Dravidar and Tribal Welfare Department: Scholarship-Free Education upto 12th Std. to All,adtwsfe,"The scheme “Adi Dravidar and Tribal Welfare Department: Scholarship-Free Education upto 12th Std. to All” by the Adi Dravidar and Tribal Welfare Department, Tamil Nadu, is designed to support students from Adi Dravidar, Tribal, and Adi Dravidar Converted to Christianity communities by offering free education up to the 12th standard. The tuition fees for eligible students are waived, and the government reimburses the amount, ensuring financial barriers do not hinder access to education. ﻿",Reimbursement: Full reimbursement of tuition fees for students up to the 12th standard.,The beneficiary should be a Student. The beneficiary should be a resident of Tamil Nadu. The beneficiary should belong to the Adi Dravidar/Tribal/Adi Dravidar converted to Christianity community. The beneficiary must be enrolled in a school up to the 12th standard.,Students/ Guardians should contact the Headmaster of the School with all the required documents as directed by the authority.,Proof of identity (Aadhar card or any other document as directed by the authority). Caste certificate Adi Dravidar/Tribal/Adi Dravidar Converted to Christianity community). Income certificate (if applicable). Proof of Admission. Any other documents (if required).,State,Education & Learning,,"Tribal Welfare, Adi Dravidar, Free Education, Scholarship"
Adi Dravidar and Tribal Welfare Department: Scholarship-Public Examination Fee for 10th and 12th Std.,adtwspe,"The scheme “Adi Dravidar and Tribal Welfare Department: Scholarship-Public Examination Fee for 10th and 12th Std.” by the Adi Dravidar and Tribal Welfare Department, Tamil Nadu, is designed to support students from the Adi Dravidar, Tribal, and Adi Dravidar Converted to Christianity communities. Under this scheme, the government reimburses the public examination fees for 10th and 12th-standard students directly to the Directorate of Government Examinations. There is no income limit for eligibility under this scheme.",Reimbursement: Full reimbursement on Public Examination fee for 10th and 12th Std. students. ﻿,The beneficiary should be a Student. The beneficiary should be a resident of Tamil Nadu. The beneficiary should belong to the Adi Dravidar/Tribal/Adi Dravidar converted to Christianity community. The beneficiary must be appearing for public examinations of 10th/12th Std. ﻿,Students/ Guardians should contact the Headmaster of the School with all the required documents as directed by the authority. ﻿,Proof of identity (Aadhar card or any other document as directed by the authority). Caste certificate Adi Dravidar/Tribal/Adi Dravidar Converted to Christianity community). Public examination registration slip. Any other documents (if required).,State,Education & Learning,,"Tribal Welfare, Adi Dravidar, Examination Fee, Scholarship, Education"
Adi Dravidar and Tribal Welfare Department: Stationary-Text Books,adtwstb,"The scheme “Adi Dravidar and Tribal Welfare Department: Stationary-Text Books” by the Adi Dravidar and Tribal Welfare Department, Tamil Nadu, is designed to support students from 1st to 12th standard who are enrolled in Adi Dravidar and Tribal welfare schools by offering them free textbooks. This initiative aims to ensure that no student is deprived of education due to a lack of study materials.",Textbooks: Free textbooks for students from 1st to 12th standard. ﻿,The beneficiary should be a Student. The beneficiary should be a resident of Tamil Nadu. The beneficiary should be enrolled in Adi Dravidar and Tribal welfare schools. The beneficiary must be studying in any class between 1st to 12th standard.,Students/ Guardians should contact the Headmaster of the School with all the required documents as directed by the authority.,Proof of identity (Aadhar card or any other document as directed by the authority). Proof of enrollment in Adi Dravidar and Tribal welfare school. Admission registration slip. Any other documents (if required).,State,Education & Learning,,"Tribal Welfare, Adi Dravidar, Text Books, Education"
"Adivasi Sanskriti Evam Kala Kendra/Majhi Bhavan, Manki Munda Bhavan, Parha Bhavan, Pargana Bhavan, Dumkuria Bhavan Evam Gosade Nirman Tatha Majhi Than Shed Nirman Yojana",asekkmbmtsny,"The ""Adivasi Sanskriti Evam Kala Kendra/Majhi Bhavan, Manki Munda Bhavan, Parha Bhavan, Pargana Bhavan, Dumkuria Bhavan Evam Gosade Nirman Tatha Majhi Than Shed Nirman Yojana"" by the Scheduled Tribes, Scheduled Castes, Minorities, and Backward Classes Welfare Department, Government of Jharkhand aims to preserve, protect, and develop tribal culture and traditions. Under this scheme, essential infrastructure, including community centers, cultural hubs, and traditional venues, are built to serve the tribal population as focal points for cultural and social activities.","Grants and Allocations: Financial assistance of ₹25,00,000/- to ₹5,00,00,000/- per project, based on the scope of work and infrastructure required. Construction of Cultural Hubs: Dedicated centers for tribal cultural preservation such as Majhi Bhavans, Dumkuria Bhavans, and Pargana Bhavans. Basic Infrastructure Development: Facilities include boundary walls, multipurpose halls, drinking water arrangements, seating spaces, driveways, and parking. Beautification and Cultural Representation: Tribal-themed landscaping, wall paintings, and decor to showcase tribal traditions.","The applicant should represent a village with a significant tribal population. The applicant village must have recognized traditional tribal leaders, such as Manki, Munda, or Pahan. The applicant committee must be formed under the leadership of tribal leaders with 7-11 tribal members. The applicant village must have government-approved land for the construction of the infrastructure.","Formation of Beneficiary Committee: Conduct a Gram Sabha meeting in eligible villages. Form a committee under the leadership of recognized tribal leaders. Appoint a chairperson, secretary, and treasurer within the committee. ﻿ Proposal Submission: Submit the proposal to the District Welfare Officer (DWO) or ITDA Project Director. Ensure the proposal includes the required documents. ﻿ Approval Process: District Welfare Officer reviews and forwards the proposal for technical and administrative approval. Final approval is granted by the department and sanctioned funds are disbursed.",Gram Sabha Resolution. Proposal for Infrastructure Development. Land Ownership Certificate (Government-recognized). Beneficiary Committee Details (Including Tribal Leader Authorization). Bank Account Details of the Committee (Joint Account). Technical Project Plan and Cost Estimate.,State,Sports & Culture,,"Financial Assistance, Tribal Culture, Traditions, Development"
Admission in Post Matric Hostel,aipmh,"The scheme was launched on 1st January 1900, the ""Admission in Post Matric Hostel"" scheme by the Backward Classes and Minorities Welfare Department, Government of Madhya Pradesh provides free accommodation to backward class students who are eligible for the Post Matric Scholarship, studying in an educational institution near the hostel, and are not local residents.",Providing free accommodation for education to backward class students,The applicant should belong to the Backward Class. The applicant should be studying in an educational institution located near the hostel. The applicant should not be a resident.,"Step 1: The interested applicant should visit the Office of the Collector, Assistant Director, Backward Classes and Minority Welfare Department District Office and request the hard copy of the prescribed format of the application form. Step 2: In the application form, fill in all the mandatory fields, paste the passport-sized photograph (signed across, if required), and attach copies of all the mandatory documents (self-attest, if required). Step 3: Submit the duly filled and signed application form along with the documents, within the prescribed period (if any), to the concerned authority. Step 4: Request a receipt or acknowledgement from the concerned authority to whom the application has been submitted. Ensure that the receipt contains essential details such as the date and time of submission, and a unique identification number (if applicable). NOTE: Ensure that the application is submitted within the prescribed period, if any.",Caste Certificate Domicile Certificate Income Certificate Previous Year’s Marksheet Admission Proof Aadhar Card Residence Proof Passport Size Photographs,State,Education & Learning,,"Backward Classes, Student, Hostel, Education"
Admission of Adi Dravidar/Tribal Students in Plus One at Reputed Schools,aadtsrs,"The scheme “Admission of Adi Dravidar/Tribal Students in Plus One at Reputed Schools” introduced on 7th May, 2012 by the Adi Dravidar and Tribal Welfare Department, Tamil Nadu, aims to enhance the quality of education for Adi Dravidar and Tribal students. It selects the top 10 students from each district who secure the highest marks in Class X from government, municipal, or welfare schools and admits them to Plus One in reputed private schools. The scheme includes coverage of tuition and boarding fees up to Rs. 28,000 per year for the selected students. ﻿","Admission Assistance: Free admission into reputed private schools for Plus One. Financial Coverage: ₹28,000/- per year, including boarding charges. ﻿","The beneficiary should be a Student. The beneficiary should be currently enrolled in school. The beneficiary should be a resident of Tamil Nadu. The beneficiary should belong to the Adi Dravidar/Tribal community. The beneficiary must have secured the highest marks in Class X from Government/Corporation/Municipal/Adi Dravidar and Tribal Welfare schools. Beneficiary’s annual family income should be less than ₹1,00,000/-.","Step 1: The interested applicant should collect the application form from the District Collector’s office. Step 2: In the application form, fill in all the mandatory fields, paste the passport-sized photograph (signed across, if required), and attach copies of all the mandatory documents (self-attest, if required). Step 3: Submit the duly filled and signed application form along with the documents to the District Collector’s office. Step 4: Request a receipt or acknowledgment from the concerned authority to whom the application has been submitted. Ensure that the receipt contains essential details such as the date and time of submission, a unique identification number (if applicable). ﻿","Proof of identity (Aadhar card or any other document as directed by the authority). Caste certificate (SC/ST). Income certificate (Annual income less than ₹1,00,000/-). Marksheet of Class X. Admission registration slip. Any other documents (if required). ﻿",State,Education & Learning,,"Tribal Welfare, Adi Dravidar, Admission Assistance, Schools, Education"
Advance Authorisation(AA),aa,"Advance Authorisation Scheme : Advance Authorisation is issued to allow duty free import of input, which is physically incorporated in export product (making normal allowance for wastage). In addition, fuel, oil, catalyst which is consumed / utilized in the process of production of export product, may also be allowed. Authorisation shall be issued in accordance with the Policy and Procedures in force on the date of issue of the Authorisation. ﻿ Advance Authorisation is issued for inputs in relation to resultant product, on the following basis: As per Standard Input Output Norms (SION) notified (available in Hand Book of Procedures); OR On the basis of self declaration as per paragraph 4.07 of Handbook of Procedures. OR Applicant-specific prior fixation of norm by Norms Committee as per para 4.06 of Handbook of procedures. OR On the basis of Self Ratification Scheme in terms of para 4.06 of foreign trade policy. ﻿ The quantity of inputs allowed for a given product is based on specific norms defined for that export product, which considers the wastage generated in the manufacturing process. DGFT provides a sector-wise list of Standard Input-Output Norms (SION) under which the exporters may choose to apply. Alternatively, exporters may apply for their own ad-hoc norms in cases where the SION does not suit the exporter. ﻿ Advance Authorisation covers manufacturer exporters or merchant exporters tied to supporting manufacturer(s).The inputs imported are exempt from duties like Basic Customs Duty, Additional Customs Duty, Education Cess, Anti-dumping duty, Safeguard Duty and Transition Product-Specific Safeguard duty, Integrated tax, and Compensation Cess, wherever applicable, subject to certain conditions. Duty-free importable items under the scheme ﻿ The following items can be imported without payment of duty under this scheme: Inputs that are physically incorporated in the product to be exported after making normal allowance for wastage Fuel, oil, catalysts which are consumed or utilized to obtain the export product. ﻿ Advance Authorisation for Spices: Duty free import of spices covered under Chapter-9 of ITC (HS) shall be permitted only for activities like crushing / grinding / sterilization / manufacture of oils or oleoresins. Authorisation shall not be available for simply cleaning, grading, re-packing, etc. ﻿","Input for exports exempted from payment of Basic Customs Duty, Additional Customs Duty, Education Cess, Anti-dumping Duty, Safeguard Duty and Transition Product Specific Safeguard Duty, wherever applicable. Exempted from IGST and Compensation cess. ﻿","Advance Authorisation can be issued either to a manufacturer exporter or merchant exporter tied to supporting manufacturer,. Advance Authorisation for pharmaceutical products manufactured through Non-Infringing (NI) process (as indicated in paragraph 4.18 of Handbook of Procedures) shall be issued to manufacturer exporter only. ﻿ Advance Authorisation shall be issued for: Physical export (including export to SEZ) Intermediate supply; and/or Supply of goods to the categories mentioned in paragraph 7.02 (b), (c), (d), (e), (f) and (g) of this FTP. Supply of ‘stores’ on board of foreign going vessel / aircraft, subject to condition that there is specific Standard Input Output Norms in respect of item supplied ﻿ Export Obligation: 1. Minimum value addition of 15% 2. Period for fulfilment of export obligation - 18 months from the date of issue of Authorisation or as notified by DGFT. ﻿","i)  Application Link:  1. www.dgft.gov.in  2. Then follow the steps: For AA under Services > Advance Authorisation /DFIA > Apply for Advance Authorisation (ANF 4A). ﻿ ii) Steps Of Application Process: Prerequisite: 1. Log onto DGFT’s website https://www.dgft.gov.in/ in and get your PAN based IEC 2. Link the existing IEC (For more details please see IEC section FAQ's) 3. Register the DSC under My Dashboards > View and Register Digital Signatures Token 2. IEC is issued for lifetime, to be updated yearly without any charges ﻿ For RCMC:  1. Obtain Registration cum Membership Certificate (RCMC) from  the concerned Export Promotion Council (EPC) or Commodity Board concerned 2. Listed in Appendix 2T to the FTP available on www.dgft.gov.in 3. Necessity of RCMC 4. RCMC is a must to claim export benefits, participation in international trade fairs, to get restricted licenses and applying for imposition of anti dumping duty ﻿  Then they can apply for AA under Services > Advance Authorisation /DFIA > Apply for Advance Authorisation (ANF 4A) ﻿",,Central,Business & Entrepreneurship,,Enterpreneurship
Advance For Purchase Or Construction Of House (APB&OCWWB),apchapbandocwwb,"The scheme “Advance for Purchase or Construction of House” was started by the Department of Labour and Employment, Govt. of Arunachal Pradesh for registered workers of Arunachal Pradesh Building & Other Construction Workers Welfare Board (APB&OCWWB). The state government has formulated this scheme to implement through the APB&OCWWB in which the board can sanction/ grant an amount for the outright purchase of a house or for the construction of a house to the eligible building and construction workers.","1. Under this scheme, cash assistance of ₹1.00 lakh is to be given to the registered workers.","1.	The applicant should be a permanent resident of Arunachal Pradesh. 2.	The applicant must be employed in the Building and Other Construction works. 3.	The applicant should be registered with Labour Welfare Board (APB&OCWWB). 4.	The applicant should be an active registered worker with a membership for at least 5 years. 5.	The applicant should have at least 15 years of service before superannuation/ retirement. 6.	The applicant must be able to repay the principal amount of the loan with a minimum interest rate or with interest in equal installments as may be fixed by the board.","Step 01: For taking benefit of this scheme, the applicant needs to contact Registering Officers, APB&OCWWB of the respective District. Step 02: Application in the prescribed format may be received from the concerned office. Step 03: The applicant needs to fill the application form completely and attach all the relevant documents. Thereafter, the applicant may submit the application form to the concerned office. Step 04: After successful verification, the applicant can avail the benefit of the scheme.","Identity proof i.e. Aadhaar Card, Voter ID card, etc. Xerox copy of the registration card of the worker Building plan for construction and agreement copy for outright purchase of the house Salary/wage statement Deed of the agreement/ affidavit Application form Bank Account number/ front page of the passbook Passport-size photographs",State,Social welfare & Empowerment,,"Construction Worker, House, Purchase, Construction, Financial Assistance"
Advance for Purchase or Construction of House (GBOCWWB),apch-gbocwwb,"Advance for Purchase or Construction of House (GBOCWWB) is a Welfare Scheme by the Goa Building and Other Construction Workers Welfare Board, Department of Labour and Employment, Goa. Through this scheme, the worker registered with the Board is sanctioned financial assistance of upto ₹50,000/- in advance for the outright purchase/construction of a house. The applications are accepted offline.","₹50,000/- is sanctioned as advance and shall be recovered in equal instalments as may be fixed by the Board.",The applicant should be a Worker registered with the Goa Building and Other Construction Workers Welfare Board. The worker should be between 18 to 60 years of age. The worker should have completed ninety days of service as a registered worker in the year. The applicant should have had membership in the Fund continuously for five years. The applicant should have fifteen years of service for superannuation.,"Step 1: The interested applicant should take print of the prescribed format of the application form for the scheme from the Official Website of the Department of Labour and Employment, Goa. OR The interested applicant should visit the Office of the Commissioner, Labour & Employment, 2nd Floor, Sharma Shakti Bhavan, Patto Plaza, Panaji-Goa (0832-2437081/82/83, com-labo.goa@nic.in) and request a hard copy of the prescribed format of the application form from the concerned authority. Step 2: In the application form, fill in all the mandatory fields, paste the passport-sized photograph (signed across, if required), and attach copies of all the mandatory documents (self-attest, if required). Step 3: The interested applicant should submit the duly filled and signed application form and the documents to the concerned authority at the Office of the Commissioner, Labour & Employment. Step 4: A receipt of the application will be assigned to the applicant by the concerned authority.","Worker Registration Card/Number. Receipt of Payment of First & Last Subscription with the Board. Plan and Estimate (Approved). Encumbrance Certificate of 14 Years. Location Certificate. Land Tax Receipt. Original Document. Attested Copy of Ration Card (Pages 2, 4) for Maintenance Application. Ownership of the Building (for Maintenance Only). Terminal Benefit Declaration. Attested Copies of Identity Card & Passbook. Title Clearance Certificate. Age Certificate of the Building (for Maintenance Only). Valuation Certificate of the Building (for Maintenance Only). No Objection Certificate from the Authorities for Construction. Declaration from the Applicant that Neither He/She/Nor His/Her Spouse or Children Own a House (for New Construction). *A completion certificate shall be submitted to the Secretary of the Board within six months from the date of withdrawal of advance.",State,"Housing & Shelter, Social welfare & Empowerment",,"House, Construction, Financial Assistance, Labour, Worker"
Advanced Animal Breeding Scheme (Supply of Breedable Pedigree Murrah Bull on Subsidy),aabssobpmbos,"Advanced Animal Breeding Scheme (Supply of Breedable Pedigree Murrah Bulls on Subsidy) by the Animal Husbandry Department, Madhya Pradesh aims to improve cattle breeding by supplying pedigreed breedable Murrah bulls to progressive cattle rearers and trained cow servants. Through this scheme, Murrah bulls are provided with a 75% subsidy to animal keepers of all categories. The applications for this scheme are processed through a multi-level approval system starting from Gram Sabha. The scheme is applicable in all districts of the state.","Subsidized Murrah Bull Total unit cost: ₹62,000 Bull cost: ₹60,000 Transportation and insurance: ₹2,000 Government grant: 75% of total cost Beneficiary contribution: 25% of total cost Additional Support Transportation assistance included Insurance coverage included",The applicant should be a progressive cattle breeder or a trained cow-helper. The applicant should be a resident of Madhya Pradesh. The applicant should be willing to maintain and breed the Murrah bull.,Initial Approval by the beneficiaries in Gram Sabha. Secondary Approval by the Janpad Panchayat for Gram Sabha-approved beneficiaries. Final Approval by the Agriculture Standing Committee of the District Panchayat. ﻿ The interested applicants should contact the nearest Veterinary Officer of the concerned District Incharge of Animal Dispensary / Deputy Director of Veterinary.,Passport-size Photograph Aadhaar card Domicile certificate of Madhya Pradesh Caste certificate Samagra ID Bank account details/Bank Passbook Other necessary documents if required,State,"Agriculture,Rural & Environment",,"Animal, Subsidy, Cow, Breed"
Advocate Grant,ag,"The Scheme “Advocate Grant” was launched by the Backward Classes Development Department, Government of Kerala during the year 2012-13. Under the scheme, the grant will be provided to law graduates belonging to backward classes facing financial difficulties for starting practice as advocates. The scheme aims to ensure adequate representation of OBC’s in the judiciary.","1.	The grant of ₹12000/- per year will be provided to law graduates who enrolled before the Bar Council. 2.	The grant will be provided for 3 consecutive years.","1.	The applicant should be a permanent resident of the Kerala State. 2.	The applicant should belong to the State Backward Community of Kerala State. 3.	The applicant should be a Law Graduate. 4.	The applicant should be enrolled as an Advocate in the Bar Council (Kerala). 5.	The applicant should be started practice as an Advocate within the state shall alone be considered. 6.	The annual family income of the applicant should be ₹1,00,000/-. Note 01: Preference will be given to Below Poverty Line (BPL) candidates. Note 02: Preference will be given to the applicant whose annual family income is less. Note 03: If there is any tie, such cases shall be determined on the basis of the percentage of marks of the Law Degree. Note 04: If still there is any tie, preference shall be given to the candidates who have obtained degrees in law from the Universities in Kerala.","Step 01: The Director, Backward Communities Development Department is permitted to invite applications from the eligible candidates after giving wide publicity through media (through press Release). Step 02: The duly filled application form along with all the relevant documents should be submitted at the following addresses: Applicants From Trivandrum to Ernakulam: Regional Deputy Director, Backward Classes Development Department, Civil Station, 2nd Floor, Kakkanad, Ernakulam- 682030, Kerala Applicants From Thrissur to Kasargode: Regional Deputy Director, Backward Classes Development Department Civil Station, Kozhikode- 673020, Kerala","1.	Copy of the Identity proof 2.	Copy of Aadhaar card 3.	Photo of the applicant 4.	Copy of the ration card 5.	Caste Certificate 6.	Income Certificate 7.	Residence proof 8.	Physical Disability Certificate, if applicable 9.	Enrollment Certificate 10.	Certificate from the Senior Advocate 11.	Copy of Bank Passbook 12.	Any other document, if required",State,"Education & Learning, Skills & Employment",,"Advocate, Grant, OBC, Law Graduate"
Afforestation Schemes Providing Incentives And Employment To Tribals In Forest,aspie,"The scheme “Afforestation Schemes Providing Incentives And Employment To Tribals In Forest” by the Adi Dravidar and Tribal Welfare Department, Tamil Nadu, aims to incentivize unemployed tribals by offering grants to participate in forest operations. The program not only focuses on forest conservation through afforestation but also provides a livelihood for tribal communities living in and around forest areas. The initiative promotes sustainable forest management while creating employment opportunities for these marginalized groups. ﻿ ﻿",Incentive: Financial grants for afforestation activities. Employment: Employment opportunities in forest management. ﻿,The beneficiary should be a resident of Tamil Nadu. The beneficiary should belong to the Tribal community. The beneficiary should be Unemployed.,"Step 1: The interested applicant should collect the application form from the office of the District Forest Officer (DFO). Step 2: In the application form, fill in all the mandatory fields, paste the passport-sized photograph (signed across, if required), and attach copies of all the mandatory documents (self-attest, if required). Step 3: Submit the duly filled and signed application form along with the documents to the office of the District Forest Officer (DFO). Step 4: Request a receipt or acknowledgment from the concerned authority to whom the application has been submitted. Ensure that the receipt contains essential details such as the date and time of submission, a unique identification number (if applicable).","Proof of identity (Aadhar card or any other document as directed by the authority). Identity proof (Aadhar, Voter ID). Proof of residence in the tribal/forest area. Unemployment certificate (if applicable). Community certificate (if applicable). Any other documents (if required).",State,"Skills & Employment, Agriculture,Rural & Environment",,"Tribal Welfare, Afforestation, Incentives, Employment"
Agnipath Yojana,ay,"The Union Cabinet on 14th June 2022 approved an attractive recruitment scheme for Indian youth to serve in the Armed Forces called AGNIPATH and the youth selected under this scheme will be known as Agniveers. AGNIPATH allows patriotic and motivated youth to serve in the Armed Forces for a period of four years. The AGNIPATH scheme has been designed to enable a youthful profile of the Armed Forces. ""Agnipath Yojana"" is a new HR Management scheme for the Armed Forces. Candidates inducted through this scheme will be called Agniveers. These Agniveers once enrolled into the Indian Air Force, will be governed under the Air Force Act 1950, for a period of four years. Endeavour will be made to enroll candidates as Agniveers from all parts of the nation, utilising contemporary technology (online STAR exam and associated testing methods), specialized rallies, and campus interviews at recognized technical institutes such as Industrial Training Institutes, NSQF, etc. Agniveers would form a distinct rank in the IAF, different from any other existing rank. As part of the enrolment process, each ‘Agniveer’ will be required to formally accept all terms and conditions of the AGNIPATH Scheme. For personnel below the age of 18 years, the enrolment form will need to be signed by the parents/guardians, in accordance with extant provisions. Post the period of four years, all Agniveers will go back to society. However, based on organizational requirements and policies promulgated by the IAF, Agniveers who have exited will be offered an opportunity to apply for enrolment in the IAF in the regular cadre. The skills gained by each Agniveer will be captured in a certificate to form part of his resume. These applications will be considered by a centralized board in a transparent manner and not more than 25% of the strength of the specific batch of original Agniveers will be enrolled in the IAF based on performance during their four-year engagement period as Agniveers. Agniveers will not have any right to be selected for further enrolment into the Armed Forces. Selection will be the exclusive jurisdiction of the Government. The enrolment as airmen into the regular cadre of Indian Air Force except for Medical tradesmen, will be available only to those personnel who have completed their engagement period as Agniveers.","Agniveers will be given an attractive customized monthly package along with Risk and Hardship allowances as applicable in the three services. On completion of the engagement period of four years, Agniveers will be paid a one-time ‘SevaNidhi’ package which shall comprise their contribution including accrued interest thereon and a matching contribution from the Government equal to the accumulated amount of their contribution including interest as indicated below: Year Customized Package (Monthly) [All figures in ₹ (Monthly Contribution)] In-Hand (70%) [All figures in ₹ (Monthly Contribution)] Contribution to Agniveer Corpus Fund (30%) [All figures in ₹ (Monthly Contribution)] Contribution to corpus fund by GoI [All figures in ₹ (Monthly Contribution)] 1st Year 30000 21000 9000 9000 2nd Year 33000 23100 9900 9900 3rd Year 36500 25580 10950 10950 4th Year 40000 28000 12000 12000 Total contribution in Agniveer Corpus Fund after four years ﻿ ﻿ ₹ 5.02 Lakh ₹ 5.02 Lakh Exit After 4 Year ₹11.71 Lakh as SevaNidhi Package (Including, interest accumulated on the above amount as per the applicable interest rates would also be paid) ﻿ ﻿ ﻿ Note 01: The ‘Seva Nidhi’ will be exempt from Income Tax. Note 02: There shall be no entitlement to gratuity and pensionary benefits. Note 03: Agniveers will be provided non-contributory Life Insurance Cover of ₹48 lakh for the duration of their engagement period in the Indian Armed Forces.","The applicant must be a citizen of India. For the 2022 intake, the age of the applicant should be between 17.5 to 23 years. For the subsequent intakes, the age of the applicant should be between 17.5 to 21 years. The applicant must fulfill the educational qualifications and physical and medical standards set by the Indian Army / Indian Navy / Indian Air Force. Note 01: The Agniveers will be enrolled in the Forces under respective Service Acts for a period of four years. They would form a distinct rank in the Armed Forces, different from any other existing ranks. Note 02: Upon the completion of four years of service, based on organizational requirements and policies promulgated by the Armed Forces from time to time, Agniveers will be offered an opportunity to apply for permanent enrolment in the Armed Forces. Note 03: The applications for permanent enrolment will be considered in a centralized manner based on objective criteria including performance during their four-year engagement period and up to 25% of each specific batch of Agniveers will be enrolled in the regular cadre of the Armed Forces. The selection will be the exclusive jurisdiction of the Armed Forces. Note 04: Agniveers will meet the medical eligibility conditions laid down for enrolment in the armed forces as applicable to respective categories/trades. Note 05: The educational qualification for Agniveers will remain as in vogue for enrollment in various categories.","Enrolment will be undertaken through an online centralized system for all three services with specialized rallies and campus interviews from recognized technical institutes such as Industrial Training Institutes and National Skills Qualifications Framework, among others. Enrolment will be based on an ‘All India All Class’ basis. The candidates will be recruited as per the existing pattern of selection into the Armed Forces. Indian Army: Official Website ﻿ Indian Navy: Official Website ﻿ Indian Air Force: Official Website ﻿","Proof of Identity i.e. Aadhaar Card Proof of Address Proof of Highest Educational Qualifications Proof of Medical Category Passport-size photograph Domicile Certificate The applicants will have to submit a written pledge that they were not involved in the violent protests against the Agnipath scheme. Note: The list of documents required is tentative, the ministry shall release the complete list of the required documents in the public domain in the future.",Central,Skills & Employment,,"Youth, Armed Forces, Military, Agniveer, Employment, Indian Navy, Indian Air Force, Indian Army"
Agri-Clinics And Agri-Business Centres Scheme,acandabc,"A welfare scheme by the Ministry of Agriculture and Farmers' Welfare was launched in 2002. AC&ABC aims at agricultural development by supplementing the efforts of public extension by providing extension and other services to farmers either on a payment basis or free of cost as per the business model of agri-preneur, local needs, and affordability of the target group of farmers. AC&ABC creates gainful self-employment opportunities for unemployed agricultural graduates, agricultural diploma holders, intermediate in agriculture, and biological science graduates with PG in agri-related courses. NABARD is acting as a subsidy channelizing agency for this scheme. ﻿ Committed to this program, the Government is now also providing start-up training to graduates in Agriculture, or any subject allied to Agriculture like Horticulture, Sericulture, Veterinary Sciences, Forestry, Dairy, Poultry Farming, Fisheries, etc. Those completing the training can apply for special start-up loans for ventures.","Agri-Clinics - Agri-Clinics are envisaged to provide expert advice and services to farmers on various aspects to enhance the productivity of crops/animals and increase the incomes of farmers. Agri-Clinics provide support in the following areas: Soil health Cropping practices Plant protection Crop insurance post-harvest technology clinical services for animals, feed and fodder management prices of various crops in the market, etc. ﻿ Agri-Business Centres - Agri-Business Centres are commercial units of agri-ventures established by trained agriculture professionals. These ventures may include maintenance and custom hiring of farm equipment, sale of inputs, and other services in agriculture and allied areas, including post-harvest management and market linkages for income generation and entrepreneurship development. ﻿ The scheme covers full financial support for training and handholding, provision of loans, and credit-linked back-end composite subsidy. ﻿ Project activities - Extension consultancy services Soil and water quality cum inputs testing laboratories (with Atomic Absorption Spectrophotometers) Pest surveillance, diagnostic and control services Maintenance, repairs, and custom hiring of agricultural implements and machinery including micro-irrigation systems (sprinkler and drip) Agri Service Centres include the three activities mentioned above (Group Activity). Seed Processing Units Micro-propagation through Plant Tissue Culture Labs and Hardening Units Setting up of Vermiculture units, production of bio-fertilizers, bio-pesticides, and bio-control agents. Setting up of Apiaries (bee-keeping) and honey & bee products' processing units Provision of Extension Consultancy Services Hatcheries and production of fish fingerlings for aquaculture Provision of livestock health cover, setting up veterinary dispensaries & services including frozen semen banks and liquid nitrogen supply Setting up of Information Technology Kiosks in rural areas for access to various agriculture-related portals Feed Processing and testing units Value Addition Centres Setting up of Cool Chain from the farm level onwards (Group Activity) Retail marketing outlets for processed agri-products Rural marketing dealerships of farm inputs and outputs","The age of the applicant must be between 18 and 60 years. The applicant must qualify as one of the following - Graduates in agriculture and allied subjects from SAUs/ Central Agricultural Universities/ Universities recognized by ICAR/ UGC. Degree in Agriculture and allied subjects offered by other agencies are also considered subject to the approval of the Department of Agriculture & Cooperation, Government of India on the recommendation of the State Government. Diploma (with at least 50% marks)/ Post Graduate Diploma holders in Agriculture and allied subjects from State Agricultural Universities, State Agriculture and Allied Departments, and State Department of Technical Education. Diplomas in Agriculture and allied subjects offered by other agencies are also considered subject to the approval of the Department of Agriculture & Cooperation, Government of India on the recommendation of the State Government. Biological Science Graduates with Post Graduation in Agriculture & allied subjects. Degree courses recognized by UGC have more than 60 percent of the course content in Agriculture and allied subjects. Diploma/Post-graduate Diploma courses with more than 60 percent of course content in Agriculture and allied subjects, after B.Sc. with Biological Sciences, from recognized colleges and universities. Agriculture-related courses at intermediate (i.e. plus two) level, with at least 55% marks.","Step 1: Visit on the Official Website  ﻿ ﻿ Step 2: Fill in the mandatory fields correctly. Upload the required documents in the said format and size. Step 3: Click ""Submit"" to complete the application process. ﻿ The applicant can check his/her application status by visiting this link . ﻿ ﻿ ﻿ ﻿","1. Applicant Aadhaar Number. 2. Email ID. 3. Latest Educational Qualification. 4. Applicant's Bank Account Details. 5. Applicant photo ﻿ Till such time as Aadhaar is assigned to an individual, she/he can avail the benefit of the scheme on the production of the following documents: Aadhaar enrolment ID slip/ Copy of request for Aadhaar enrolment and Voter Identity Card/ PAN/ Passport/ Ration Card/ Employee Government ID/ Passbook of Bank or Post Office/ MGNREGS Card/ Kisan Photo Passport/ Driving Licenses/ any other document as specified by State/ UT.",Central,"Agriculture,Rural & Environment, Business & Entrepreneurship, Skills & Employment",,"Business, Entrepreneur, Student, Training, Agriculture, Employment"
Agricultural Activities for Persons with Disabilities,aapd,"The scheme ""Agricultural Activities for Persons with Disabilities"" is implemented by the Haryana Backward Classes and Economically Weaker Sections Kalyan Nigam, Government of Haryana. Under this scheme, loans up to ₹10,00,000/- are provided to individuals identified as persons with disabilities for agricultural production, irrigation, horticulture, sericulture, the purchase of agricultural machinery and equipment for agricultural services, and the marketing of agricultural products etc. Permanent residents of Haryana, aged 18 years or older, with a disability of 40% or more, are eligible under this scheme.","Under this scheme, loans up to ₹10,00,000/- are provided to persons with disabilities for agricultural production, irrigation, horticulture, sericulture, purchasing agricultural machinery/equipment for agricultural services, marketing agricultural products, etc.","The applicant should be a permanent resident of Haryana. The applicant should have a disability of at least 40%. The applicant should be above 18 years old. For persons with mental retardation, the age requirement is relaxed to 14 years instead of the usual 18 years.","Registration Process on Antyodaya-SARAL Portal: Step 01: The eligible applicant may apply online through the Official Portal- Antyodaya-SARAL Portal . Step 02 : If the applicant is not registered on the portal, he/she gets registered there. Step 03: For registration, click “ New User ” under ‘Sign In Here’ and fill in all the mandatory details i.e. Name, Email ID, Mobile Number, Password & State. Click on ‘Submit’. Step 04: Verify your mobile number and email ID through the received OTP and complete the registration process. Login to apply for the scheme: Step 01: To avail the benefits of the scheme, visit the Official Antyodaya-SARAL Portal and log in through the email ID used while registering. Step 02: Enter Password & Captcha and click on ‘Login’. Step 03: After successful login, click on ‘Apply for Services’ and then ‘View all Available Services’ Step 04 : Now, you can search for the scheme and click on the scheme to go ahead and fill out the application form. Step 05: Fill in all the mandatory details and upload all the mandatory documents. Step 06: Preview the application form and click on ‘Submit’. Tracking of Application: Applicants can track their applications through the Official Antyodaya-SARAL Portal by entering their Department Name, Scheme Name, and Application Reference ID.",Identity proof i.e. Aadhaar Card Proof of age Haryana Domicile Certificate Ration Card Caste/Religion Proof Disability Certificate Passport-size photograph of the applicant Bank account details Any other documents as required,State,"Agriculture,Rural & Environment, Business & Entrepreneurship",,"Agricultural Activities, PwD, Loan, Disabled Person"
Agricultural Extension,ae,"Extension Division endeavours towards successful implementation of Agricultural Extension activities. Through its various programmes, schemes and activities, Extension Division helps farmers to get information regarding scientific research and new knowledge in agricultural practices. It assists and encourages the State Governments in organizing, maintaining and operating professional Extension Services. Extension Division implements SMAE (Sub Mission on Agricultural Extension), a Sub Mission of KrishonnatiYojana. The popular ATMA Scheme which supports the State Governments in their extension activities is also run by Extension Division The Division also provides Information Support to farmers in their agricultural activities. For this, it coordinates with Prasar Bharati and All India Radio in the effective running of the DD Kisan channel and Krishi Vani programmes respectively. Kisan Call Centres have been established at 21 locations across the country covering all states and UTs where the farmers can call on a toll free number (1800-180-1551) and get information regarding their area of interest in agriculture. Extension Division also publishes four magazines – two each in Hindi and English whereby information regarding various aspects of Extension activities and new developments is provided. Schemes of Extension Division The Sub Mission on Agricultural Extension (SMAE) focuses on awareness creation and enhanced use of appropriate technologies in agriculture & allied sectors. It has four main components, namely: Support to State Extension Programmes for Extension Reforms Mass Media Support to Agricultural Extension Establishment of Agri-Clinic and Agri-Business Centres by Agriculture Graduates (ACABC). Extension Support to Central Institutions ﻿ The aforesaid components of Sub Mission on Agricultural Extension (SMAE) were run as separate schemes of the Extension Division. These were recently subsumed under the umbrella of SMAE. ﻿ Support to State Extension Programmes for Extension Reforms: As the name suggests, this scheme supports the state governments in their Extension Activities. It aims at making extension system farmers driven by way of new institutional arrangements for technology dissemination in the form of an Agricultural Technology Management Agency (ATMA) at the district level to operationalise the extension reforms. Funds are released to State Governments in accordance with the scheme guideline which is also dependent on the State Governments releasing their share of contribution. ﻿ Mass Media Support to Agricultural Extension : Doordarshan and All India Radio Print Media Kisan Mela Kisan Call Centre Common Services Center. ﻿ Establishment of Agri-Clinic and Agri-Business Centres by Agriculture Graduates (ACABC) : This Programme aims to tap the expertise available in the large pool of Agriculture graduates, And a 45 days specialized training is provided by selected institutes across the country. ﻿ Extension Support to Central Institutions This scheme aims towards capacity building of Extension functionaries and also, towards skill development of rural youth, farmers and farm women. The prominent institutions involved in this effort are – the Directorate of Extension (a subordinate office under the Extension Division), MANAGE, Hyderabad (an autonomous institute associated with Extension Division), four Extension Education Institutes (EEIs) at the Regional level and the State Agricultural Management & Extension Training Institutes (SAMETIs) at the State level. ﻿ The main programmes under the scheme are as under: A. Programmes for Capacity Building: Extension Education Institutes (EEIs): - Ministry of Agriculture & Farmers Welfare has established four Extension Education Institutes at Nilokheri (Haryana); Hyderabad (Telangana); Anand (Gujarat) and Jorhat (Assam). These EEIs cater to the training needs of middle-level field extension functionaries working under agriculture and allied departments of States/UTs of respective regions. The programmatic activities of EEIs include the organization of on-campus/off-campus training, workshops, conferences etc. in the areas of communication technology, extension methodology, training management, Agriculture Knowledge Information System (AKIS) and Information Technology. Model Training Courses(MTCs): - Ministry of Agriculture & Farmers Welfare has established four Extension Education Institutes at Nilokheri (Haryana); Hyderabad (Telangana); Anand (Gujarat) and Jorhat (Assam). These EEIs cater to the training needs of middle-level field extension functionaries working under agriculture and allied departments of States/UTs of respective regions. The programmatic activities of EEIs include the organization of on-campus/off-campus training, workshops, conferences etc. in the areas of communication technology, extension methodology, training management, Agriculture Knowledge Information System (AKIS) and Information Technology. ﻿ B. Kisan Call Center(KCC) The project aims to answer farmers’ queries on a telephone call in their own dialect. Presently these call centres are working in 21 different locations covering all the States and UTs. A countrywide common eleven-digit Toll-Free Number 1800-180-1551 has been allotted for Kisan Call Center. This number is accessible through mobile phones and landlines of all telecom networks including private service providers. Replies to the farmers’ queries are available from 6:00 am to 10:00 pm on all seven days of the week. Kisan Call Center agents are known as Farm Tele Advisors (FTAs), who are graduates or above in agriculture or allied areas and possess excellent communication skills in their respective local languages. Queries which cannot be answered by FTAs are transferred to higher-level experts in call conferencing mode. These experts are subject matter specialists of State Agricultural Departments, ICAR & State Agricultural Universities. The restructured KCC has a number of unique features viz. 100% call recording; call barging; voice mail service; customized IVRs; call conferencing through the experts; playing state-specific advisories during call wait time; SMS to caller farmers giving a gist of answers given by FTAs and also, registration of farmers for receiving SMS from experts on the subject area provided by them for receiving regular updates on selected crops. ﻿ Programmes for Skill Development: Skill Training of Rural Youth(STRY): - The component aims at training rural youths, rural artisans (blacksmiths, carpenters etc. designing/manufacturing farm implements) including farm women across the country. The training under this component focuses on specific vocational areas in agriculture & allied sectors. Both Public and Private/Non-Governmental Institutions including Vocational Training organisations, Youth Organisations (like Nehru Yuva Kendra) are actively involved in the implementation of this programme. Diploma in Agricultural Extension Services for Input Dealers (DAESI): -Agri-Input Dealers in the country are a prime source of farm information to the farming community, besides the supply of inputs and credit. However, the majority of these dealers do not have formal agricultural education. In order to build their technical competency in agriculture and to facilitate them to serve the farmers better and to act as Para–Extension professionals, a self-financed “One-year Diploma in Agricultural Extension Services for Input Dealers (DAESI) Program” has been launched during the year 2003 with a course fee of Rs.20000/- to the input dealers. The National Institute of Agricultural Extension Management (MANAGE) is the nodal agency to run this program. ﻿","Benefits Of The Scheme To supplement efforts of public extension by necessarily providing extension and other services to the farmers on a payment basis or free of cost as per the business model of agri-preneur, local needs and affordability of the target group of farmers. To support agricultural development To create gainful self-employment opportunities for unemployed agricultural graduates, agricultural diploma holders, intermediate in agriculture and biological science graduates, with PG in agri-related courses ﻿","Eligibility Criteria For Candidates The scheme is open to the following categories of candidates of the age group of 18 to 60 years. Graduates in agriculture and allied subjects like Horticulture, Sericulture, Dairy, Animal Husbandry, Fisheries, Home/ Community Sciences, Biotechnology, Agricultural Engineering, Forestry, Food Technology, Food Nutrition, and Dietetics, etc, from SAUs/ Central Agricultural Universities/ Universities and graduates in Environmental Science, Botany, Zoology and Chemistry recognized by ICAR/ UGC. Degrees in Agriculture and allied subjects offered by other agencies are also considered subject to the approval of the Department of Agriculture & Cooperation, Government of India on the recommendation of the State Government. Diploma (with at least 50% marks)/ Post Graduate Diploma holders in Agriculture and allied subjects (as in para 3.1) from State Agricultural Universities, State Agriculture and Allied Departments and the State Department of Technical Education. Diplomas in Agriculture and allied subjects offered by other agencies (autonomous bodies, UGC affiliated universities, etc.) are also considered subject to the approval of the Department of Agriculture  & Cooperation, Government of India on the recommendation of the State Government. Post Graduation in Agriculture & allied subjects. Degree courses recognized by UGC have more than 60 percent of the course content in Agriculture and allied subjects 3.5. Diploma/ Post-graduate Diploma courses with more than 60 percent of course content in Agriculture and allied subjects after B.Sc. in Biological Sciences from  recognized  colleges  and universities, Agriculture-related courses at the intermediate (i.e. plus two)  level, with at least 55% marks, The scheme covers full financial support for training and handholding, provision of loans, and credit-linked back-ended composite subsidy.","Process of Selection of Candidates Call for applications from eligible candidates: Advertisements in local newspapers will be issued under intimation to local employment exchanges separately by the NTI. The NTIs may also give publicity to the scheme through Doordarshan, AIR, Private Television and Radio channels, ATMAs, Agricultural Universities, ICAR Institutions, KVKs, Banks, Agriculture Graduate Associations, Agri-Business Companies, Agriculture and allied departments, a network of trained/established Agri-preneurs, posters, leaflets etc. Besides, NTIs may adopt any innovative method for giving publicity about the scheme. Advertisements will be uploaded on the website of NTIs as well as MANAGE. MANAGE will provide credentials to NTIs for uploading the advertisements to the AC&ABC website (www.agriclinics.net). Applications for training will be accepted only through the online portal https://acabcmis.gov.in/ApplicantReg.aspx ﻿ An individual eligible to receive the benefits under the scheme is required to furnish proof of possession of an Aadhaar Number or undergo Aadhaar registration. If an individual is eligible but do not possess an Aadhaar number she/he can get enrolled by visiting the Aadhaar enrolment centre. MANAGE, Hyderabad is required to provide enrolment facilities at a convenient location(s) in coordination with the Registrars of UIDAI or by becoming an UIDAI Registrar.  The beneficiaries of the Agri-Clinics & Agri-Business Centres (AC&ABC) scheme may register their request for enrolment by giving their name,  address,  mobile number and other details.  Till such time as  Aadhaar is assigned to an individual,  she/he can avail of the benefit of the scheme on the production of the following documents  Aadhaar enrolment   ID  slip/  Copy of request for  Aadhaar enrolment and  Voter  Identity  Card/  PAN/  Passport/  Ration  Card/ Employee Government  ID/  Passbook of  Bank or  Post Office/  MGNREGS  Card/  Kisan Photo  Passport/  Driving  Licences/  any other document as specified by  State/  UT. Aadhaar details need to be linked through a web-based registration process.  The assistance if given in cash,  needs to be transferred to the bank account of the beneficiary and  in case  it  is  given  in terms  of kind  through Companies, the intimation be  conveyed  as  SMS  to  the  beneficiary  mobile  phone  with   details  of  assistance.  It  should  be  ensured,  that no  eligible  beneficiary  suffers  for want  of  Aadhaar and it would be the  responsibility  of  the  implementing agency  to  ensure that  Aadhaar  enrolment of such  beneficiaries  is  carried  out on priority.",List of Documents Aadhar enrollment ID  slip/  Copy of request for  Aadhaar enrolment. Voter  Identity  Card. PAN. Passport. Ration  Card. Employee Government  ID. Passbook of  Bank or  Post Office. Driving  Licences. Any other document as specified by  State/ UT.,Central,"Agriculture,Rural & Environment",,"Agricultural, Extension"
Agricultural Marketing Infrastructure,ami,"The scheme envisages value addition and processing at farmers level so as to enhance their income by selling more marketable and processed produce in the market. For creation of Agricultural Marketing Infrastructure including scientific Storage capacity, the Ministry of Agriculture & Farmers Welfare, Govt. of India is implementing capital subsidy sub-scheme “Agricultural Marketing Infrastructure (AMI)” of Integrated Scheme for Agricultural Marketing (ISAM) across the country and is continued till 31.03.2026 ﻿ Projects for creation of storage infrastructure (50-5000 MT for Private &Cooperatives and 50-10,000 MT for State agencies) and other marketing infrastructure projects (other than storage) are eligible for assistance under the scheme. ﻿ AMI is an open ended, demand driven, credit linked, back ended subsidy scheme. Beneficiaries viz, Individuals, Agri-preneurs, farmers, FPOs, Cooperatives, and state agencies etc. are eligible for assistance. Under the scheme, the subsidy @ 25% for plain areas and 33.33% for NER, hilly area, Women/SC/ST promoters & FPOs etc is available for development of Agricultural Marketing Infrastructure Projects including storage infrastructure, Infrastructure for development/Upgradation of Rural Haats as Grameen Agricultural Market (GrAMs), Common Facilitation Centre for FPOs, Marketing infrastructures in market yards, Infrastructure for direct marketing, Mobile infrastructure for post-harvest operations including reefer vans, Stand-alone cold storages up to 1000 MTs, Integrated Value Chain (IVC) Projects up to primary processing stage etc. Assistance under the sub-scheme is inter-alia available to Individuals, Farmers, Group of farmers/growers, Registered Farmer Produce Organizations (FPOs) / FPCs, firms, companies, corporations, NGOs, SHGs, Cooperatives, Cooperative Marketing Federations, Autonomous Bodies of the Government, Local Bodies, Panchayats, State Agencies etc.","The scheme envisages the following benefits: 1)	Ensure remunerative prices to the farmers for their produce 2)	Alternative &competitive marketing channels 3)	Promotion of small size processing units 4)	Reduce post-harvest & handling losses 5)	Promote pledge financing and market access 6)	Farmer-consumer market linkages and also to assist in integration GrAMs with e-NAM portal",Anyone can apply for the scheme.,"Step 01:Promoter applies for Term Loan (TL) to Financial Institution (FI) Step 02:Tem loan sanctioned by FIs Step 03:FI applies for Advance Subsidy within 90 days of disbursal of First instalment of TL through ENSURE portal of NABARD Step 04:NABARD, sanctions and releases the Advance Subsidy to the FI Step 05:After completion of the project, FI will submit final subsidy claim to NABARD and requests for Joint Monitoring Inspection (JMI) Step 06: NABARD will initiate action for conduct of JMI and Geo-tagged photograph taken during JMI is uploaded to the Ensure Portal Step 07: NABARD sanctions and releases final subsidy to the FI","1) Forwarding letter of Controlling / nodal Office of the financing branch. •	The advance subsidy claim application of financing branch should be routed through the Controlling / nodal Office to NABARD clearly certifying that all documents as per this check list are enclosed. •	The complete address with telephone/fax numbers of the controlling / nodal office as well as the financing branch are required to be furnished •	A copy of the letter together with a copy of the claim application should be endorsed to DMI RO / SO ﻿ 2) Advance subsidy claim application as per format in Annexure-V 3) Copy of project report with item-wise details of costs, total outlay, loan and margin submitted by the promoter with a copy of the technical and financial appraisal report from the FI 4) Copy of the approved plan/ map and civil drawings clearly indicating the dimensions and capacity. 5) Copy of the loan sanction letter of the FI along with copies of invoices for purchase of machinery/equipment of infrastructure project if any. Copy of Term Loan Account Statement of the borrower indicating all transactions including disbursement of first instalment of loan 6) Copy of land documents where the project is going to be established. 7) FI’s certificate on category of the Promoter. In case of SC/ST entrepreneur and Cooperative, certification by the Competent Authority should be obtained. 8) Notarized Affidavit in Original executed by the promoter on a non-judicial stamp paper as per Annexure XV. 9) Copy of duly registered partnership deed, if it is a partnership firm, Memorandum& Articles of Association and certificate of incorporation, in case of Private Limited Company etc. ﻿",Central,"Agriculture,Rural & Environment, Transport & Infrastructure",,"Agricultural Marketing, Storage Infrastructure, Promoter, Farmer"
Agricultural Skill Development Training Programme For Women Farmers And Farmers,asdtpwff,"The scheme “Agricultural Skill Development Training Programme for Women Farmers and Farmers” was started by the Department of Agriculture, Farmers Welfare & Co-operation, Government of Gujarat. This Scheme is sanctioned under a gender audit programme for more productive varieties and a training-n-education programme for farmers. Nowadays, women have become very sensitive in all developing fields. Moreover, there is a significant role of women farmers in agricultural activities. So, the Government of Gujarat sanctioned a programme of ""Agricultural Skill Development Training Programme for Women Farmers” in the year: 2012-13. Afterward in the year 2013-14, the government sanctioned this programme jointly. Under this programme, selected women farmers, male farmers, and youth have been trained-n-guided in agricultural and allied aspects of the scientific method. Moreover, they have informed the developing scheme of the state and central levels. During the year 2018-19, this scheme has sanctioned on Date: 11-04-2018. The training activities of the same programme are as under: Training Activities : Pre-Seasonal Camp (Village Level) Institutional Training Course (Four Days) Training for Youth (Five Days) Sharing Followup Camps (Village Level) Krishimela (Krishi Stalls, Competition, Seminar) In State Educational Inspiration Study Tour (For 7 Days) Out of the Educational Inspiration Study Tour (For 10 Days) International Educational Inspiration Study Tour (For 10 Days) State-Level Sharing Workshop ﻿","Selected women farmers, male farmers, and youth have been trained-n-guided in agricultural and allied aspects of the scientific method. The latest information on agricultural aspects will be provided to the selected applicant under this scheme. The selected applicants have informed the developing scheme of the state and central levels.","The applicant should be a permanent resident of Gujarat State. The farm families of women farmers, male farmers, and youth are eligible to apply.","Step 1: To participate in the training, the applicant needs to visit the nearest Farmer Training Centre of the district or contact Village Level Worker (Gram Sevak) and request/collect an application form for the scheme. Step 2: In the application form, fill in all the mandatory fields, paste the passport-sized, and attach all the mandatory documents. Step 3: Submit the application form along with the documents to the concerned receiving authority. Step 4: After successful verification, the applicant may be eligible to take all the benefits under the scheme.","Government-approved photo ID i.e. Aadhaar Card, Voter ID Card Passport Size Photograph Caste certificate (If Applicable)",State,"Agriculture,Rural & Environment",,"Agriculture, Farmer, Women, Training, Skill Development, Youth"
Agriculture Academic Studies Scheme,aass,"The “Agriculture Academic Studies Scheme” is a State Plan Scheme, which is implemented by the Department of Agriculture & Farmers’ Welfare, Government of Meghalaya. The objective of the Scheme is to sponsor students for undergoing 4 years of Graduate/degree courses in Agriculture/Horticulture against State quota seats in different Agriculture Universities in the country.","Pattern of Assistance: Sponsorship of seats, book grants, and scholarships. Type of Assistance and Entitlement (If any): Monthly stipend @ ₹1,200/-. Book grant @₹1,200/- per academic year.","The applicant/student should be a permanent resident of Meghalaya. Students interested in pursuing a four-year degree course in Agriculture/Horticulture can apply under the scheme. The students, general & OBC category, who should have passed 10+2 in the Science stream with 55% aggregate marks having Physics, Chemistry, Biology & English as compulsory subjects are eligible under the scheme. The students, SC & ST category, who should have passed 10+2 in the Science stream with 45% aggregate marks having Physics, Chemistry, Biology & English as compulsory subjects are eligible under the scheme. The applicant should also qualify for the Indian Council of Agricultural Research (ICAR) All India Entrance Examinations for Admission (AIEEA) conducted by the National Testing Agency (NTA).",Application Process: Students can apply online from the Department website https://www.megagriculture.gov.in Or https://megedistrict.gov.in ﻿ Mode of Selection of Beneficiary(s): Selection is based on merit- ICAR AIEEA and other conditions of eligibility criteria and on the State Reservation Policy. Whom to Contact: Applicants are advised to follow the advertisements which usually appear during May-June in major newspapers of the State/visit the Department website https://www.megagriculture.gov.in Or https://megedistrict.gov.in. ﻿,"Admit Cards — X, XII Mark Sheets — X, XII Birth Certificate Caste Certificate in respect of SC, ST and OBC All candidates are required to submit the Permanent Residential Certificate (PRC) issued by the Competent Authority Character Certificate from the Institution last attended Medical Fitness Certificate issued by the concerned| District Medical and Health Officer (DM&HO) /CHC to be produced in original during counselling 2(two) Nos. Passport size photograph duly attested by a Gazetted Officer to be submitted during counselling Any other documents as required",State,Education & Learning,,"Agriculture Universities, Academic, Student, Under Graduate, Horticulture, Sponsorship"
Agriculture And Processed Foods Export Promotion Scheme Of APEDA For The 15th Finance Commission Cycle (2021-22 To 2025-26),financial-assistance-scheme,"The Financial Assistance Scheme (FAS) is an export promotion scheme run by APEDA. APEDA is an export promotion body under the Ministry of Commerce and Industry for the promotion of Agricultural and Processed Food Products. The scheme has been open and implemented for the period of 2021-22 to 2025-26.  The scheme aims to facilitate the export of agri-products by providing assistance to exporters. It achieves its objective through the following: Understanding the several challenges faced by agri-exporters. Acknowledging the need for assistance to successfully navigate through these challenges and achieve the objectives of APEDA. Financial assistance is provided in three broad areas, namely:  Development of Export Infrastructure Infrastructure, Quality Development and Market Development. The details of each scheme such as scheme name, launch date, ministry/dept. name, scope, objectives, salient features, target beneficiary, benefits, etc. are as follows: Development of Export Infrastructure: APEDA recognizes the importance of infrastructure for the growth of agro-industries and the export of agricultural products in the value chain. The scheme component covers both fresh produce and processed food products. The objective of the scheme is to reduce losses caused due to spoilage and to ensure quality production of agro products. To achieve this, it seeks to set up post-harvest handling facilities. Under this component, assistance is provided for the following: Infrastructure such as packhouse facilities with packing/grading lines Pre-cooling units with cold storage and refrigerated transportation etc. Cable system for handling crops like banana Common infrastructure facilities Pre-shipment treatment facilities such as irradiation, Vapour Heat Treatment (VHT), and Hot Water Dip Treatment (HWDT) for compliance with Phyto-Sanitary requirements of importing countries Infrastructure for processing facilities (process food sector) for addressing missing gaps which may include equipment like X-ray, Screening, Sortex, filth/metal detector, sensors, vibrators, or any new equipment or technology for food safety and quality requirements. Quality Development: To participate/engage in international trade, it is necessary to comply with the Food Safety requirements of different countries. Several importing countries demand adherence to stringent Maximum Residue Levels (MRLs). Some of the developed importing countries have set up MRLs at a very low level. For this, high to a ceiling of Rs. 600 lakhs. The funds shall be released against the bank guarantee. Quality Development Scheme: Implementation and certification of quality and food safety management systems, standardization, harmonization with international standards for adoption of global standards, and handheld devices for capturing farm-level peripheral coordinates for traceability systems. Beneficiaries: APEDA registered exporters are eligible to apply for assistance, Certification Bodies accredited under the National Program for Organic Production (NPOP), State Agencies, trade bodies, Chambers of Commerce, Government agencies, FPO, SHG, FPC, Cooperatives, and individual farmers and listed laboratories are eligible for assistance. Benefits: The assistance will be upto50% of the total cost subject to a ceiling of Rs. 5 lakh and 20 lakh per certification. The assistance will also be applicable for the renewal of certifications. The 20 lakh are applicable as in the case of Procuring hand-held devices including the cost of software for capturing farm-level peripheral coordinates for traceability systems. This will include any electronic management system, software, blockchain, Artificial Intelligence (AI), or any other high-precision technology. Market Development: Beneficiaries: It includes APEDA registered exporters, trade delegations, promoters of GI products, Central/State Govt. agencies, Trade chambers, Indian missions abroad, etc. Benefits: The benefits and their components would be decided and implemented by APEDA. As in the case of New Market / Product development through conducting feasibility studies. There are two criteria Assistance will be up to 50% of the total cost subject to a ceiling of Rs. 10 lakhs per study per beneficiary. Assistance will be up to 75% of the total cost subject to a ceiling of Rs. 10 lakhs per study per beneficiary if conducted by Trade Associations/Indian missions abroad/Central/State Govt. agencies/ exporters belonging to North - Eastern States, difficult areas namely Himalayan and landlocked states, Island Union Territories, SC/ST, and women beneficiaries. For activities initiated by APEDA, the funding shall be 100% As in the case of Assistance for trial shipment covering multimodal transport. Assistance will be up to 50% of the total cost subject to a ceiling of Rs. 10 lakhs as in the case of Registration of Brand / IPR outside India. Assistance will be upto50% of the total cost subject to a ceiling of Rs. 20 lakhs per beneficiary 100% in the case of APEDA.","Development of Export Infrastructure: Assistance for the Establishment of Processing and Supply Chain Infrastructure: Benefits: 1. The assistance will be up to 40% subject to a ceiling of ₹200 lakhs. 2. The assistance will be up to 90% of the approved cost subject as in the case of assistance under 1(f), as per Operational Guidelines of APEDA.","1. APEDA registered Exporters are eligible to apply for assistance under 1(a)-(e) Central and state government institutions and public sector enterprises are eligible to apply for assistance under 1(f), as per Operational Guidelines of APEDA. 2. Assistance will be applicable for all APEDA scheduled products. 3. The date of submission of the online application in APEDA shall be considered as the date of receipt of the application for grant of In Principle Approval. The expenditure incurred prior to the date of submission of the online application in APEDA shall not be considered for assistance. However, any expenditure incurred after submission of the online application but before issuance of IPA shall not automatically become eligible for assistance and shall be subject to the final decision of APEDA taken in this regard. 4. In the case of exporters belonging to North-Eastern states, difficult areas namely Himalayan and land-locked states, Island Union Territories, SC/ST, and women beneficiaries, the assistance will be up to 75% for all activities. However, overall financial ceiling limits in all cases shall remain the same. 5. The following exporters shall be deemed to fall under the SC/ST category: a) In case of a proprietary concern, the proprietor shall be SC/ST. b) In the case of a partnership firm, the SC/ST partners shall be holding at least 51% shares in the unit.* c) In the case of private limited companies/Limited Liability Partnership (LLP)/Farmer Producer Companies (FPCs), at least 51% of shares shall be held by SC/ST directors/promoters.* (*The partner/director/promoter should hold at least 51% share in the unit for the preceding one year of application for financial assistance and the holdings of SC/ST partner/promoter/director shall remain at least 51% for the subsequent period of at least two years of reimbursement of the financial assistance. In this regard, an undertaking has to be submitted by the applicant.) 6. The following exporters shall be deemed to fall under the Women Entrepreneur category a) The concern should be in existence for at least one year b) In case of a proprietary concern, the proprietor shall be a woman c) In the case of partnership firms/FPOs/FPCs/LLP/Private Limited companies, all the partners/directors/promoters shall be women. 7. For organic products, the unit should have scope for processing under the NPOP requirements 8. APEDA shall charge a processing fee as approved by the Department of Commerce (DoC), Ministry of Commerce and Industry, Government of India on the disbursed amount which is presently 5% + GST as applicable. The processing fee shall be deducted at the time of release of funds to the applicant. 9. The assistance under the Financial Assistance Scheme of APEDA is available to register exporters or other organizations such as Central/State agencies, FPOs, etc. for APEDA Scheduled Products. 10. The application should be accompanied by the following documents duly self-certified. It should be submitted physically within 30 days from the date of the online application otherwise, the application will be cancelled. 11. For the purchase of new equipment, quotation/ proforma invoice/ bills should be obtained from a minimum of three Original Equipment Manufacturers (OEM) or their authorized distributor/ dealer of the equipment. The quotations shall be sought from a minimum of 3 suppliers. The applicant is free to place a work order at any of the three bidders however, APEDA’s assistance shall be computed on the lowest quoted rate. 12. In case of a feasibility study the quotation has to be sought from the reputed consulting firms having experience of 5 years in the relevant field. 13. The quotations should clearly show the address, GSTN, TIN and PAN, product description with detailed specifications, validity date, and item-wise cost/unit and total amount. Technical brochure/literature/Pamphlet depicting equipment details in case of infrastructure/laboratory equipment/any other assets etc. with clear mention of the utility 14. Wherever civil work is involved assistance by APEDA shall be restricted only to Technical Civil Work required for the project The cost estimate depicting the Bill of Quantity, rate/unit, and total amount duly certified by a Chartered Engineer or Civil Architect shall be submitted for civil work. 15. The grant will be restricted only to the plant and machinery and technical civil work created after submission of the online application. The financial assistance towards the technical civil work component of the project shall be limited to a maximum of 25% of the total eligible financial assistance of that application. However, any expenditure incurred after the submission of the online application but before the issuance of IPA shall not automatically become eligible for assistance and shall be subject to the final decision of APEDA taken in this regard. 16. The training program/schedule/calendar or prospectus of the institutions illustrated in Annexure 8 shall be submitted along with the application. 17. The exporter shall submit online quarterly export performance from the assisted unit, on the APEDA website even if the export is nil. 18. In-principle approval (IPA) of APEDA is required for all components of the scheme except for Lab testing charges as mentioned under sub-component 5. 19. Subsequent to the issuance of the IPA, amendments in the same can be considered at the request of the applicant but within the validity of the IPA. 20. The request for an extension of IPA may be considered by APEDA on a case-to-case basis on merits. 21. APEDA reserves the right to get the projects appraised from an outside agency. In case the project is not found viable, the application shall not be considered. The grant of In-Principle Approval shall be based on eligible items and activities only and any expenditure on ineligible items or activity shall not be considered. 22. APEDA reserves the right to intervene in the charges fixed by the agencies that are not commensurate with the services rendered to the exporters. 23. The decision of APEDA relating to the admissibility of the claim shall be final and the mere filing of the application shall not provide any right to claim financial assistance 24. Any change in ownership/management of the company shall be the responsibility of the exporter to get the same incorporated in the Registration cum Membership Certificate (RCMC) issued APEDA. 25. Reimbursement of eligible assistance from APEDA will be back-ended, upon completion and submission of the claim by the applicant in accordance with the terms and conditions of the In-Principle Approval letter issued and subsequent physical verifications by APEDA. 26. It is the responsibility of the applicant to file final claim documents complete in all respects well before the expiry of the original or extended validity, if any, of the In-Principle Approval letter. 27. If the applicant/beneficiary has more than one manufacturing unit at different locations, APEDA may consider assistance for each such separate unit. However, such units must be first incorporated into the IEC and APEDA RCMC. 28. The Budgetary allocation to APEDA is given by the Department of Commerce. The actual allocation may vary from year to year. Disbursement of assistance is subject to actual budget allocation by the Government. Financial assistance is provided subject to the availability of the funds in APEDA and grants by the Government. 29. Financial assistance is provided subject to continuation of the scheme. There shall be no claim by the applicant in carrying forward the application for financial assistance beyond the plan period (2021-26) 30. The applicant has to comply with the requirement of Registration/license with the Food Safety and Standards Authority of India (FSSAI) and/or any other regulatory authorities. 31. The beneficiary getting financial assistance under the Integrated pack-house, reefer van, cable car, or up-gradation of the facility should not sell his/her unit before five (5) years of disbursement of financial assistance. 32. Exporter should submit a declaration stating that no financial assistance has been availed from any state/center agency. If the application is also submitted to other state/center agencies, then details for it should be submitted in an online application. 33. APEDA reserves the right to conduct pre-inspection of the unit and/or site of the applicant before putting up to the Technical Committee. 34. The application will be summarily rejected in case it is found incomplete, unsatisfactory pre-inspection report, and not as per the guidelines prescribed. 35. All matters of dispute arising out of the APEDA financial assistance scheme (FAS) shall be governed by Indian law and subject to Court jurisdiction in New Delhi only. Both parties shall make all efforts to resolve any dispute by way of reconciliation. In the event of any question, dispute, or difference arising under the Scheme in connection therewith remains unresolved, the same shall be referred to the Chairman, APEDA, and his decision shall be final.","1. For Govt., PSU, and Others: Online application ﻿ https://itrack.apeda.gov.in/onlineregistration/fasonlinereg.aspx   2. For Exporters: Online application ﻿ https://itrack.apeda.gov.in/default.aspx?UType=E","Document submitted needs to be duly signed by the Competent Authority/ authorized signatory [When original documents are in the regional language they should be accompanied by self-certified English/ Hindi translation]:- Documents such as Detailed Project Report (DPR), Chartered Engineer Certificate, etc. in the format given in Annexure - I . A detailed appraisal note, specific to the scheme, from the lending Bank/Financial Institution, if applicable. Certificate of incorporation/ registration of the applicant, Memorandum and Articles of Association in case of Company/Bye-laws of the applicant, etc. Annual reports and Audited Financial Statement of Accounts of the applicant for the last two years. Self-attested English/ Hindi version of main facility land documents in support of land title in the name of the applicant or land lease, duly registered with the competent authority for a minimum remaining period of 15 years. Change in Land Use (CLU) permission for the project for the main facility land from the competent authority. Free hold land/ equitable mortgage free from all incumbencies and in possession of the applicant is a pre-requisite for consideration of assistance. In case of any dispute for land at any stage, which results in a change in the land status, during the execution of the project or thereafter, APEDA shall recover all assistance amount along with interest (as per GFR) and penalty without assigning any reason thereof. Three quotations from the suppliers of Plant and machinery and equipment, etc. for the project except in case of imported/proprietary items. The applicant has to submit copies of necessary permissions from Central, State, and other statuary bodies for setting up the facility/ project. A copy of the term loan sanctioned from the bank/financial institution for this project, if applicable, should be attached. Drawing/layout diagram of the project duly approved by the Chartered Engineer. In case the applicant/beneficiary is availing loan from any bank/ financial institution, a detailed appraisal note from the bank/financial institution specific to the proposal should be submitted. Detailed Project Report /Techno Economic Viability Report merely stamped or endorsed by the Bank/ FI without a detailed appraisal note shall not be considered a valid appraisal note and such proposals will not be considered for financial assistance. In case the applicant/beneficiary is not availing loan from any bank/ financial institution, a detailed appraisal note with justification and feasibility of the proposed project, endorsed by the Competent Authority of the applicant organization should be attached. Applicants who have availed or are in the process of availing grant from any other agency shall have to intimate APEDA at the time of submission of DPR regarding it and in case a grant has been availed for the same component(s) from any other Govt. agency, the applicant shall not be eligible for financial assistance from APEDA for the same component(s).",Central,"Agriculture,Rural & Environment",,"Agriculture, Processed Food, Export Promotion, APEDA, Export Infrastructure, Quality Development, Market Development, Financial Assistance"
Agriculture Engineering (Mechanical) Scheme,aems,"The “Agriculture Engineering (Mechanical) Scheme” is a State Plan Scheme, which is implemented by the Department of Agriculture & Farmers’ Welfare, Government of Meghalaya. The objective of the scheme is to provide agricultural machinery such as power tillers/bulldozers/tractors etc. on hiring at subsidised rate.",Pattern of Assistance: Providing a 60% subsidy for the purchase of improved farm machinery and equipment (Proposed for Power Tiller and Diesel Water Pumpset). Type of Assistance and Entitlement (If any): Subsidy for hiring of farm machinery and equipment.,The applicant should be a resident of Meghalaya. The applicant should be a bonafide farmer engaged in agriculture.,"Application Process: Step 01: The eligible bonafide farmer can apply/write an application on plain paper. Step 02: Along with the application, attach copies of all the mandatory documents (self-attest, if required). Step 03: Submit the duly filled and signed application along with the relevant documents at the nearest office of the Agriculture Development Officer of a CD Block/Agriculture Circle. Mode of Selection of Beneficiary(s): The bonafide farmers shall be selected on a first come first serve basis. Whom to Contact: District Agriculture Officers of the concerned districts. Sub-divisional Officers of the concerned sub-divisions. Agriculture Development Officers of the concerned Community and Rural Development Blocks. Assistant Agriculture Engineer (Mechanical) of the concerned districts.",Passport-size photograph Identity Proof Bank account details Documents proof of being a farmer Any other document as required,State,"Agriculture,Rural & Environment",,"Agriculture, Engineering, Mechanical, Agricultural Machinery, Farmer, Subsidy"
Agriculture Information Unit Scheme,aius,"The “Agriculture Information Unit Scheme” is a State Plan Scheme, which is implemented by the Department of Agriculture & Farmers’ Welfare, Government of Meghalaya. The objective of the scheme is to provide free distribution of information leaflets, booklets, etc. Sponsoring farmers' groups, and self-help groups to participate in and/ or organize trade fairs, expos, and exhibitions within and outside the state.","Pattern of Assistance: Free distribution of information leaflets, package of practices, booklets etc., including sponsoring Farmers Group, SHG to exposure programmes like trade fairs, expos, exhibitions in and outside the State. Type of Assistance and Entitlement (If any): Farmers Exposure Trip, Holding Crop Competition, Printing of booklets, leaflets, farmer calendar, publications, observation of World Food Day, Sponsoring farmers to participate in Trade Fair, Exhibition, Kisan Mela.",The applicant should be a resident of Meghalaya. The applicant should be a bonafide farmer engaged in agriculture.,"Application Process: To avail the benefits of the scheme, the bonafide farmers can approach the nearest Agriculture Development Officer of a CD Block/Agriculture Circle. Mode of Selection of Beneficiary(s): Does not arise. All farmers can avail of publication materials on a first come first serve basis. Whom to Contact: Agriculture Information Officer, Directorate of Agriculture. District Agriculture Officers of the concerned districts. Sub-divisional Officers of the concerned sub-divisions. Agriculture Development Officers of the concerned Community and Rural Development Blocks.",Passport-size photograph Identity Proof Documents proof of being a farmer Any other document as required,State,"Agriculture,Rural & Environment",,"Agriculture, Information Unit, Leaflets, Booklets, Farmer"
Agriculture Infrastructure Fund,aif,"The financing facility will be provided for funding Agriculture Infrastructure Projects at farm-gate & aggregation points to agri entrepreneurs, farmers, Primary Agricultural Cooperative Societies, Farmers Producer Organizations, Start-ups, state agencies, state sponsored Public Private partnerships, etc. ﻿ All scheduled commercial banks, scheduled cooperative banks, Regional Rural Banks (RRBs), Small Finance Banks, Non-Banking Financial Companies (NBFCs) and National Cooperative Development Corporation (NCDC) may participate to provide this financing facility, after signing of Memorandum of Understanding (MoU) with National Bank for Agriculture & Rural Development (NABARD)/DA&FW. If required, need based refinance support will be made available by NABARD to all eligible lending entities including cooperative banks and RRBs as per its policy. ﻿ The key objective of the scheme is to mobilize a medium to long term debt financing facility for investment in viable projects for post-harvest management Infrastructure and community farming assets through incentives and financial support in order to improve agriculture infrastructure in the country. The scheme covers post-harvest management projects like supply chain services including e-marketing platforms, warehouse, silos, pack-houses, assaying units, sorting & grading units, cold chain, logistics facilities, primary processing centers, ripening chambers and other viable projects for building community farming assets such as organic input production, bio stimulant production units, infrastructure for smart and precision agriculture, supply chain infrastructure for clusters of crops including exports clusters etc. All loans up to a limit of ₹ 2 crores under this financing facility will have interest subvention of 3% per annum. This subvention will be available for a maximum period of 7 years. An applicant can put up to 25 projects in different locations and each of such projects will be eligible under the scheme for loan upto ₹ 2 crore. Under the scheme, it is mandatory for borrowers to contribute at least 10% of total project cost irrespective of available capital subsidy. Multiple projects in one location are also eligible with an overall cap of ₹2 crore. In case, one eligible entity puts up projects in different locations then all such projects will be eligible under the scheme for loan upto ₹2 crore. However, for a private sector entity, such as farmer, agri entrepreneur, start-up there will be a limit of maximum of 25 such projects. This limitation of 25 projects will not be applicable to state agencies, cooperatives, national and state federations of cooperatives, FPOs, federations of FPOs, SHGs and federation of SHGs. The Scheme will be operational from 2020-21 to 2032-33. Loan disbursement under the scheme will complete in six years, i.e. by the end of Financial Year 2025-26. 24% of total grants – in – aid under the scheme should be utilized for SC/ST entrepreneurs (16% for SC and 8% for ST). Besides this, lending institutions would ensure adequate coverage of entrepreneurs belonging to women and other weaker segments of society may be provided loan on priority basis to ensure that benefits of implementation are inclusive and accrued to the intended beneficiaries in accordance with Government guidelines and policies.","The scheme targets to provide following benefits: 1)	Improved marketing infrastructure to allow farmers to sell directly to a larger base of consumers and hence, increase value realization for the farmers. This will improve the overall income of farmers. 2)	With investments in logistics infrastructure, farmers will be able to sell in the market with reduced post-harvest losses and a smaller number of intermediaries. This further will make farmers independent and improve access to market. 3)	With modern packaging and cold storage system access, farmers will be able to further decide when to sell in the market and improve realization. 4)	Community farming assets for improved productivity and optimization of inputs will result in substantial savings to farmers. 5)	Government will be able to direct priority sector lending in the currently unviable projects by supporting through interest subvention, incentive and credit guarantee. This will initiate the cycle of innovation and private sector investment in agriculture. 6)	Due to improvements in post-harvest infrastructure, government will further be able to reduce national food wastage percentage thereby enable agriculture sector to become competitive with current global levels. 7)	Central/State Government Agencies or local bodies will be able to structure viable PPP projects for attracting investment in agriculture infrastructure. 8)	With Credit Guarantee, incentive and interest subvention lending institutions will be able to lend with a lower risk. This scheme will help to enlarge their customer base and diversification of portfolio. 9)	Refinance facility will enable larger role for cooperative banks and RRBs.","1)	Participating lending institutions will decide criteria for selection of eligible borrower as per their own policy, keeping in mind the viability of the projects. 2)	24% of total grants – in – aid under the scheme should be utilized for SC/ST entrepreneurs (16% for SC and 8% for ST). Besides this, lending institutions would ensure adequate coverage of entrepreneurs belonging to women and other weaker segments of society may be provided loan on priority basis","Step 01: Apply as a beneficiary on https://agriinfra.dac.gov.in/Home/BeneficiaryRegistration and complete registration to generate a Beneficiary ID. ﻿ Step 02: Download DPR template from the website. The beneficiary will be able to login with the beneficiary ID created in Step 01. ﻿ Step 03: The applicant must then login and fill project details on the portal and submit DPR in given format and submit application. ﻿ Step 04: Post submission, the application will be reviewed by Ministry of Agriculture & Farmers Welfare. Eligible applications will be transferred digitally to the selected bank for credit appraisal. ﻿ Step 05: Bank will review the project for viability and accordingly sanction the project. The time limit to convey the decision on the loan application to the applicant is set for a maximum period of 60 days from the date of application of the loan.","1)	Bank’s loan application form / Customer Request Letter for AIF Loan duly filled and signed 2)	Passport size photographs of the promoter/partners/director 3)	Identity proof – Voter ID card/PAN card/Aadhaar card/Driving license 4)	Address Proof : •	Residence: Voter ID card/Passport/Aadhaar card/Driving license/Electricity Bill/Latest property Tax Bill •	Business Office/Registered Office: Electricity Bill/Latest Property Tax Receipt/Certificate of Incorporation in case of Companies/Certificate of Registration in ca of partnership Firms 5)	Proof of Registration: •	In case of Company : Article of Association •	In case of Partnership : Certificate of Registration of Firm with Registrar of Firm •	In case of MSMEs : Certificate of Registration with District Industries Centre (DIC)/Udyog Aadhar Copy 6)	Income Tax Return for last three years, If available. 7)	Audited Balance Sheet of last 3 Years, If available. 8)	GST Certificate, if applicable. 9)	Land ownership records – title deed/lease deed. If applicable, then Permission to mortgage the Immovable Property from the Lessor in case the Property is Leasehold (for primary security) 10)	ROC Search Report of the Company 11)	KYC documents of the promoter/firm/company 12)	Copy of Bank Statement for last one year (If available) 13)	Repayment track record of existing loans (Loan Statement) 14)	Net Worth Statements of promoter 15)	Detailed Project Report 16)	As applicable - Local authority permissions, Layout plans/estimates, Building sanction",Central,"Agriculture,Rural & Environment, Business & Entrepreneurship",,"Infrastructure, Interest Subvention, Credit Guarantee, Financing Facility"
Agriculture Research Stations and Laboratories Scheme,arsls,"The “Agriculture Research Stations and Laboratories Scheme” was launched by the Department of Agriculture & Farmers’ Welfare, Government of Meghalaya to conduct adaptive research trials on different crops in the Research Farms and in Farmers' Fields for adaptability and use of bio-pesticides/bio-agents.","Pattern of Assistance: Adaptive research at farmers' field. Type of Assistance And Entitlement (If Any): Training on Soil management, Providing Soil Health Cards, Conducting soil surveys, etc.",The applicant should be a permanent resident of Meghalaya. The applicant should be a bonafide farmer engaged in agriculture.,"Application Process: Step 01: The eligible bonafide farmer can apply/write an application on plain paper. Step 02: Along with the application, attach copies of all the mandatory documents (self-attest, if required). Step 03: Submit the duly filled and signed application along with the documents at the nearest office of the Agriculture Development Officer of a CD Block/ Agriculture Circle. Mode of Selection of Beneficiary(s): The bonafide farmers shall be selected on a first come first serve basis. Whom to Contact: District Agriculture Officers of the concerned districts Sub-Divisional Agricultural Officers of the concerned sub-divisions District Training Officers, Tura/Shillong Agricultural Development Officers of the concerned Community and Rural Development Blocks",Passport-size photograph Identity Proof Documents proof of being a farmer Any other document as required,State,"Agriculture,Rural & Environment",,"Agriculture, Research Station, Laboratory, Farmer, Bio Pesticide, Bio Agent"
Agroforestry component under RKVY,agroforestry,"In 2023-24, the scheme was restructured as an Agroforestry component under Rashtriya Krishi Vikas Yojana (RKVY) and focusses on Quality Planting Material. Under the scheme, financial assistance is being provided to the beneficiaries for establishment of nurseries and raising of saplings. The scheme shall promote the setting up of new small, medium and hi-tech nurseries for producing Quality Planting Materials (QPM).  The details of cost norms is as under: ﻿ S. No. Intervention Unit cost (upper limit) Remarks 1 Establishment of new nurseries ﻿ ﻿ ﻿ a.	Hi-tech (2 ha) Rs. 50 lakhs 100% assistance to government agencies for taking up the work on government land and 50% assistance to private agency / individual entrepreneur ﻿ b.	Big (1 ha) Rs. 60 lakhs 100% assistance to government agencies for taking up the work on government land and 50% assistance to private agency / individual entrepreneur ﻿ c.	Small (0.5 ha) Rs. 10 lakhs 100% assistance to government agencies for taking up the work on government land and 50% assistance to private agency / individual entrepreneur 2 Raising saplings in the existing nursery Upto Rs. 5 lakh / nursery 100% assistance to government agencies and 50% back ended credit-linked assistance for private partners 3 a.	Strengthening of existing tissue culture units Rs. 20 100% assistance to government agencies and 50% back ended credit-linked assistance for private partners ﻿ b.	Establishment of tissue culture units Rs. 200 100% assistance to government agencies and 50% back ended credit-linked assistance for private partners ﻿ Any other provisions shall be as per RKVY Guidelines. ﻿ The key objectives of the scheme are as follows: •	To encourage and expand tree plantation in complementary and integrated manner with crops and livestock, to improve productivity, employment opportunities, income generation and livelihoods of rural households, especially the small farmers. •	To ensure availability of quality planting material like seeds, seedlings, clones, hybrids, improved varieties, etc. •	To popularise various Agroforestry practices/models suitable to different agro ecological regions and land use conditions. •	To create database, information and knowledge support in the area of agroforestry. •	To provide Research & Development (R&D), extension and capacity building support to agroforestry sector. •	To identify and catalyze linkages with traditional and emerging markets for the timber and non-timber products generated from agroforestry plantation on farmland including Bio-fuels, matchwood, plywood, silk, fiber, lac, beauty and wellness sector, handicrafts, construction, etc. •	To promote value addition and processing of agroforestry produce by creating collection and post-harvest facilities for additional income generation by farmers. •	To provide use of modern technology for monitoring and evaluation (M&E) on the impact of agroforestry in agro-ecology.","The scheme targets to provide following benefits: 1)	Adaptation to impact of climate change effects through microclimate moderation, conservation of natural resources and creation of an additional source of livelihood and income opportunities. 2)	Enhancement in productivity, soil fertility improvement, soil conservation, nutrient cycling, microclimate improvement etc. 3)	Enhanced carbon sequestration in farmlands as well as ecosystem services. 4)	Sustainable availability of Quality Planting Material for agroforestry 5)	Promote the setting up of new small, medium and hi-tech nurseries for producing Quality Planting Materials (QPM) like seeds, seedlings, clones, and improved varieties to meet the requirement of farmers.",All benefits shall be provided through state-specific Annual Action Plan,"As per RKVY guidelines ﻿ Step 01: Proposals can be submitted to States. The State Government will examine the project proposal from the viewpoint of suitability to the priorities and objectives of the State and the general framework of RKVY. ﻿ Step 02: If found suitable, the proposal will be forwarded to the State Level Sanctioning Committee (SLSC) chaired by Chief Secretary for consideration. ﻿ Step 03: Based on the approval of the SLSC, the project will be rolled out after an agreement has been signed between the State Government and Project Promoter. ﻿","1)	Aadhaar number 2)	Land documents 3)	Bank details 4)	Photographs The specific documents for availing the benefits of the program may vary depending on the type of intervention and the state. It is recommended to consult with the relevant authorities for detailed information on documents to be submitted. ﻿",Central,"Agriculture,Rural & Environment",,
Airavata Scheme,airavata,"This scheme envisages partnership with corporate aggregators like OLA and UBER to facilitate self-employment of rural youth through Radio Taxi and other successful cab transport ventures. Rural youth from SC/ST communities will be provided training, mentoring and other financial assistance to ensure secure and enhanced livelihoods. A subsidy of Rs. 5,00,000 will be offered to beneficiary to purchase a light motor vehicle through which not only will the beneficiary generate revenue but also it reduces the burden of EMI on the beneficiary.",Beneficiary: Unemployed youth The beneficiaries will get up to rupees 5 lakh subsidy and financial help from the government side. The Karnataka government will cover around 1000 SC/ST Taxi drivers and this Airavata scheme.When other state social welfare department dr. Bhimrao Ambedkar Development Corporation can work together with the government to provide the full benefit of the SC-ST community. This will help people to become self-dependent and provide the opportunity of employment. Due to covid-19 who have lost their jobs can now become an entrepreneur. Karnataka Airavata Taxi scheme uh uh often the opportunity of self-employment for poor peoples. The government will invest around 225 crore rupees in this Yojana. The Madiga and its related community in Karnataka will be able to make their life more secure. The beneficiaries will get a 50% subsidy on the scheme. The remaining money should be arranged by the applicants.,"1. The applicant should belong to the Scheduled caste community 2. The applicant should be a resident of Karnataka 3. The applicant should be above 21 years of age 4. The applicant must hold a valid driving license and a cab badge 5. The applicant’s family annual income should not exceed Rs. 5,00,000/- 6. Applicant will be considered ineligible if they/their family member has earlier availed a subsidy from the Corporation/Government of Karnataka exceeding Rs.1,00,000. 7. The selection of applicants will be based on merit and merit will be decided upon parameters such as Age, Education qualification, cab badge and years of driving experience","Step 1. First of all, visit the official website of the scheme. Step 2. You will be redirected to the homepage. Step 3. On the Homepage, the option Karnataka Airavata scheme registration form. Step 4. After that, you will be redirected to the application form. Step 5. Before going to fill in all the details on the application form. Step 6. You need to sign in under the Airavata scheme. ﻿",Aadhar card Bonafide certificate PAN card Rashan card Passport size photograph Driving License Category certificate Age proof certificate Valid mobile number ﻿ ﻿,State,"Social welfare & Empowerment, Banking,Financial Services and Insurance",,
Akanksha Housing Scheme,ahs,"Akanksha Housing Scheme was launched by the Housing Department, Government of West Bengal on 28/02/2014 to provide housing to the serving State Government employees. The present project is situated in premises No. 07/300, Block-DB, Action Area-ID at New Town, Kolkata - 700107 on a pilot basis. The project has been designed on a no-profit no-loss basis and without the cost of the land. The instant project is spread over 5.0599 acres of land and comprising of 13 towers. (7 nos. of G+10 Towers for Elegant, Premium and Classic categories and 6 nos. of Straight 4 towers for Economy and Standard categories) containing of 576 flats and 236 covered Car parking spaces and 35 open Car parking spaces (only for Elegant, Premium and Classic categories) with provision for Gymnasium, Club-House and Community Hall within the Complex. ﻿","Housing for serving State Government employees of West Bengal on a transparent lottery basis. The houses so built are based on the following categories based on the grade pay of the employees: ﻿ 1. ELEGANT for employees with grade pay of ₹8900/- & above, built-up area is 1434 sq. feet. It consists of three bedrooms, one drawing cum Dining, one kitchen, two balconies, two toilets, two water closets & one store room, available at the rate of ₹3100/- per Sq. ft., total price ₹44,45,400/- ﻿ 2. PREMIUM for employees with grade pay Between ₹ 7601/- to ₹ 8899/-, built-up area is 1273 sq. feet. It consists of three bedrooms, one drawing cum Dining, one kitchen, two balconies, two toilets, & one water closet, available at the rate of ₹ 3100/- per Sq. ft., total price  ₹39,46,300/- ﻿ 3. CLASSIC for employees with grade pay Between ₹4801/- to ₹7600/-, built-up area is 924 sq. feet. It consists of two bedrooms, one drawing cum Dining, one kitchen, one balcony, & two toilets, available at the rate of ₹ 3100/- per Sq. ft., total price  ₹28,64,400/- ﻿ 4. ECONOMY for employees with grade pay Between ₹2901/- to ₹4800/-, built-up area is 710 sq. feet. It consists of two bedrooms, one living cum Dining, one kitchen, one balcony, one toilet and one water closet, available at the rate of ₹ 2200/- per Sq. ft., total price  ₹15,62,000/- ﻿ 5. STANDARD for employees with grade pay upto ₹2900/-, built-up area is 464 sq. feet. It consists of one bedroom, one master room, one kitchen, one balcony, and one toilet, available at the rate of ₹ 2200/- per Sq. ft., total price  ₹10,20,800/- ﻿ The prices are purely tentative and may vary during the actual execution of the scheme till its completion. The difference of cost so varied will be charged at no profit no loss basis and should be paid by the allottee within sixty days from the date of demand.","All serving State Govt. employees as defined in West Bengal Service Rules, except those State Govt. employees who have their own housing scheme such as `Pratyasha’ for Policemen or similar housing schemes under Government of West Bengal stated in Memorandum No. FD-647 dated 29th August, 2014 of the Finance Department of Govt. of West Bengal may apply for New Town Project under `AKANKSHA HOUSING SCHEME’ (AHS).","You can apply for Akanksha Housing Scheme by following the steps below: Visit the Akanksha Housing Scheme Official Website. Check off each item on the list now that you’ve reviewed the team and the terms of this plan. You must select Apply. After you’ve chosen all of your terms and conditions. An application form will now appear on the screen. Fill out every field on the application precisely. After you’ve uploaded the scanned copies of the documents, click Submit. You must generate a challan using the internet system and deposit Rs. 25,000 in any Bank of Baroda branch as Application Fees. Your application will be successfully submitted. Application must be made online only. No applicant is permitted to submit more than one application in this project. Applicant has to deposit an amount of Rs. 25,000/- as ""Application money"" in any branch of Bank of Baroda by generating challan through the online system.","Copy of Identity Card Online application with deposit amount of ₹25,000 as ""Application money"" in any branch of Bank of Baroda by generating challan through online system. Copy of Aadhar Card Residence proof of the applicant of the state of West Bengal Income certificate of the applicant. ﻿",State,Housing & Shelter,,"Housing, West Bengal, State Government Employees"
Akanksha Scheme,aks,"According to the plan of the Government of Madhya Pradesh, Tribal Affairs Department, the target is to provide coaching to the scheduled tribe students of the state for the preparation of national entrance examination (JEE, NEET / AIIMS, CLET) from reputed coaching institutes in division headquarters Bhopal, Indore, Jabalpur and Gwalior while studying in class 11th and 12th. In the first year 2018-19, along with studies in class 11th, 100 students will be coached for engineering, 50 for medical and 50 for class at each coaching center. In the coming year, continuous coaching facility will be available to the said sales in class 200th. Prescribed Qualification:- The applicant will have to register his profile in the website www.tribal.mp.gov.in/MPTAAS of the Sarvapatham Department. The applicant should be a native of Madhya Pradesh and a member of scheduled tribe. The annual income of the applicant's parents/ guardians/ self from all sources is Rs. Not more than 6.00 lakh. The student should be eligible to take admission in class 10th by passing class 11th. The student will be selected for coaching on the basis of merit obtained through the entrance examination conducted by the coaching institute. Required Conditions: It is mandatory to link bank account with Aadhaar number. The applicant must have a digital caste certificate. The result of the student's class 10th examination should be more than 60 percent or 60 percent. ﻿","Coaching to the scheduled tribe students of the state for the preparation of national entrance examination (JEE, NEET / AIIMS, CLET) from reputed coaching institutes in division headquarters Bhopal, Indore, Jabalpur and Gwalior while studying in class 11th and 12th. 100 students will be coached for engineering, 50 for medical and 50 for class at each coaching center. In the coming year, continuous coaching facility will be available to the said sales in class 200th. Along with coaching, accommodation facility and teaching facility in class 11th and 12th ﻿",Prescribed Qualification:- The applicant will have to register his profile in the website www.tribal.mp.gov.in/MPTAAS of the Sarvapatham Department. The applicant should be a native of Madhya Pradesh and a member of scheduled tribe. The annual income of the applicant's parents/ guardians/ self from all sources is Rs. Not more than 6.00 lakh. The student should be eligible to take admission in class 10th by passing class 11th. The student will be selected for coaching on the basis of merit obtained through the entrance examination conducted by the coaching institute. Required Conditions: It is mandatory to link bank account with Aadhaar number. The applicant must have a digital caste certificate. The result of the student's class 10th examination should be more than 60 percent or 60 percent. ﻿,"The applicant will have to register his profile in the website www.tribal.mp.gov.in/MPTAAS of the Sarvapatham Department . After this, private institutions will click on the application link for the coaching scheme ""Akanksha"" year 2018-19 and fill the desired information in the application and click the submit button. ﻿ Selection Process:- Course-wise entrance examination will be conducted by the respective coaching institutes, the interested candidate for coaching will have to apply online. Admission will be given by M-Penled coaching institutes as per the approved seats as per the merit list on the basis of marks obtained in the entrance examination.",Identity proof Residential proof School leaving certificate Caste certificate,State,Education & Learning,,"NEET, AIIMS, JEE, CLET, Entrance Exam"
AlCTE - Distinguished Professional Scheme,adps,"The All India Council for Technical Education (AICTE), under the Ministry of Education, has launched the AICTE-Distinguished Professionals Scheme. This initiative aims to enhance the quality of technical education in India by leveraging the expertise of professionals, emeritus professors, and eminent personalities. Objective: The Distinguished Professional Scheme (DPS) intends to utilize the expertise of highly qualified and eminent professionals by creating a pool of experts from industry, institutes, research labs, and senior civil service officers in their domain to motivate and inspire the students/faculty members of AICTE-approved institutes. Expectations from Distinguished Professionals: (i) Interaction with faculty, UG /PG, and Ph.D. students. (ii) Promotion of industry connect program. (iii) Promotion of Research and Innovation. (iv) Promotion of startups and entrepreneurship. (v) Support the Institution to enhance the employability of students. (vi) Promotion of Indian Knowledge System (IKS) and activities related to societal upliftment. Duration: The Distinguished Professional Scheme nominees can hold their position for up to three years or until they turn 75, whichever comes first. Extensions are possible based on fitness.","Honorarium of ₹15,000 per day for full-day interaction with faculty members/students. Travel and local hospitality arrangements will be managed by the host institution. Professionals are encouraged to visit at least three rural institutions per year.","The applicant must have made unparalleled technical or professional contributions to society in their respective fields. The applicant should have acknowledged leader (Professionals) in their particular field with active engagement in research, technology development, and innovation. The applicant should conduct 2 visits per month with a maximum of 12 visits per year.","Apply Procedure: Step 1: The interested applicant needs to fill a Google Form to apply for the scheme. Step 2: Fill in the required information and upload all the essential documents. Selection Procedure: The Nominations /selections of the Professional shall be intimated immediately after the approval of the competent authority of the Council on a monthly basis. NOTE: The offer of the AICTE –Distinguished Professional Scheme shall be valid for the period mentioned in the request/ invitation letter. The Professional is requested to give concurrence for the same. Responsibility of Host Institute for Application: Host Institute shall issue their expression of interest to the call by AICTE on specific topic of their interest. Host Institute and the Professional delegated by AICTE shall schedule the visit upon mutual understanding Host institute is expected to meet all the travel and logistics expenses, provide necessary administrative and local hospitality towards making the visit of Professional successful and meaningful. After visit, Institute shall submit the report and participant feedback in prescribed format. On submission, AICTE shall provide a “certificate of recognition” for the said activity. After the visit, the institute shall also submit the duly completed Honorarium form from the Distinguished Professionals to AICTE.","Resume/CV (Profile in pdf format). Educational Document (Degree, Master (If any), Ph.D. (If any) all in one pdf in chronological order). Experience Certificate (In Chronological order). Evidence for Recognized Contribution in your field. Evidence of a career commitment to excellence in teaching research or creativity activities, and service to the University and the community at large. Evidence of an outstanding reputation in student supervision, mentorship, and educational leadership. ﻿",Central,"Education & Learning, Skills & Employment, Science, IT & Communications",,"AICTE, Student, Honorarium, Technical Education, Professors"
Allowance To Dwarf,atd,"Details The acceptance of the basic needs of the citizens of the country financially is governed by the pension scheme for all the states. The benefit of the pension scheme is provided by dividing the citizens below the poverty line into old age, minor, destitute, widow and orphan destitute etc. Keeping in mind the social security of the bonds by the state government, the purpose of providing housing allowance per month is to operate the Born Pension Scheme. State of Haryana introduced the Dwarf Allowance Scheme in support for the dwarfs to avail equal opportunities in all sectors. A dwarf individuals who are living in various parts of the State are being given an allowance @ Rs. 2500 (w.e.f. 01-04-2021) per month per beneficiary. A male person of height 3 feet 8 inches or less height and a female of height 3 feet 3 inches or less (equivalent to 70% handicapped) is entitled to monthly pension.","Benefits The allowance is Rs. 2500/- per month, effective from 01.04.2021.",Eligibility Criteria The applicant should be a Domicile of Haryana State and should have been residing in Haryana State for the last year at the time of submission of the application. The age of the applicant shall not be less than 18 years. The applicant must submit a certificate from the Civil Surgeon in support of his/her being a Dwarf. ﻿,Application Process Download the application from the following eDisha official site . Get the printout and fill out the application in the prescribed manner. Attached the photograph with the required documents. And submit to the District Social Welfare Officer.,List of the required documents The applicant will have to give a certificate of dwarfism from the District Medical Officer / Civil Surgeon. Birth certificate. Income certificate. Photocopy of the first page of the bank account. Address proof. Aadhaar card. A recent photograph of the applicant. Caste certificate.,State,Social welfare & Empowerment,,"Dwarf, Financial Assistance, Empowerment"
Allowance To Eunuchs Scheme,aes,"The scheme “Allowance to Eunuchs Scheme” was launched by the Department of Social Justice and Empowerment, Government of Haryana on 1st June 2006. Under the scheme, the state government provides financial assistance to eunuchs who are living in various parts of the State. The allowance was initially given ₹300/- per month. The rate of allowance was ₹1400/- per month per beneficiary w.e.f. 01.01.2016, ₹1600/- w.e.f. 01.11.2016, ₹1800/- w.e.f. 01.11.2017, ₹2000/- w.e.f. 01.11.2018, ₹ 2250/- w.e.f. 01.01.2020, ₹2500/- w.e.f. 01.04.2021 and ₹ 2750/- w.e.f. 01.04.2023.",1. The financial assistance of ₹2750/- will be given by the state government to eunuchs who are living in various parts of the State. Note: If a Eunuch attains the age of 60 years his case will be transferred to Old Age Allowance Scheme.,The applicant should be a permanent resident/domicile of Haryana State and has been residing in Haryana State for the last 5 years at the time of submission of the application. The age of the applicant should not be less than 18 years. The applicant must give a certificate from the Civil Surgeon in support of being an Eunuch. The applicant should not be involved in any unlawful activity.,"Step 01: The applicant needs to visit the office of the Social Welfare Department (DSWO) in his/her Block/District and collect the application form. The application form can also be downloaded from the Official Website of the Department. Step 02: The applicant should fill out the application form and attach all the essential documents. Step 03: After filling out the application form, the applicant needs to get attested to the form from the concerned authority as mentioned in the application form. Step 04: Then the application form should be submitted to the office of the Social Welfare Department (DSWO) of your Block/District.","1.	Age Proof 2.	Residential Proof (Any one of the following self-attested documents issued prior to 5 years) •	Ration Card (issued by Food & Supplies Department, Haryana) •	Voter Card (issued by Election Department, Haryana) •	Voter list which shows name of the applicant along with his/her Photograph (issued by Election Department, Haryana) •	In Case, none of the above documents is available, the applicant will give self-declaration along with any other documentary proof which will be verified by the District Social Welfare Officer. 3.	Aadhaar Card 4.	Saving Bank account detail of the applicant with a photocopy of the passbook. 5.	Passport size photographs 6.	Medical certificate from Civil Surgeon in support of being a eunuch.",State,Social welfare & Empowerment,,"Allowance, Eunuchs, Financial Assistance"
Allowance for 100% Blind,tpsftbp,"The scheme “Allowance for 100% Blind"" is a Pension Scheme launched by the Directorate of Social Welfare and Social Education, Government of Tripura. The scheme aims to provide a monthly pension of ₹2,000/- to the blind persons of Tripura aged 10 years and above having 100% blindness. The application should be submitted to the nearest Child Development Project Officer (CDPO).","Pension of ₹2,000/- per month. *The existing beneficiaries who are on receipt of benefits under the scheme can continue to do so.","The applicant should be a resident of Tripura. The applicant should be 100% visually handicapped. The applicant's age should be 10 years and above. The annual income of the applicant's family should be up to ₹ 1,00,000/-.","Step 1: The interested applicant should take print of the prescribed format of the application form. Step 2: In the application form, fill in all the mandatory fields, paste the passport-sized photograph (signed across, if required), and attach copies of all the mandatory documents (self-attest, if required). Step 3: The interested applicant should visit (on a working day, and during office hours) the nearest Child Development Project Officer (CDPO) and submit the duly filled and signed application form and the documents to the CDPO. Step 4: On receipt of the application, necessary entries will be made in the application receipt register and a unique number is assigned to the applicant for identifying each applicant which shall be used for all further references and also as acknowledgement for the receipt of the application.","Aadhaar Card. Income Certificate, issued by the local DCM/SDM (not applicable for BPL Family). Passport-size Photograph. Bank Passbook. Ration Card. Address Proof. Age Proof. Voter ID. Permanent Resident of Tripura Certificate (PRTC). Medical Certificate",State,Social welfare & Empowerment,,"Blind, Pension, Financial Assistance, Disability, Allowance"
Alpasankhyak Post-Maitrik Chhaatravrtti Yojana,apmcy,"The Alpasankhyak Post-Matric Scholarship Scheme under the Higher Education Department of the Madhya Pradesh goverment provides financial assistance to students from minority communities in Madhya Pradesh pursuing post-secondary education. This scheme aims to alleviate the financial burden on economically disadvantaged minority students, enabling them to access quality education and pursue higher studies. By offering scholarships for tuition fees, maintenance allowances, and other educational expenses, it seeks to promote inclusive growth and empower minority communities through education.","Tuition fee of ₹3,000/- per year for graduate and postgraduate students. Maintenance allowance of ₹570/- per month for undergraduate and postgraduate hostel students. Maintenance allowance of ₹300/- per month for non-hostel students Maintenance allowance M.Phil. And Ph.D. ₹1,200/- per month to hostel students. Maintenance allowance of ₹550/- per month for non-hostel students Maintenance allowance will be payable for 10 months.","The applicant should be a native of the minority category of Madhya Pradesh. The total annual income of the applicant's parents and guardian should not exceed ₹2,00,000/-. Not less than 50 percent marks in the last qualifying examination.","Registration Step1: Go to the official website of "" The National Scholarship Portal "" (NSP) using a web browser. Step2: Look for the option that says "" New Registration "" on the homepage and click on it. Step3: Read the registration guidelines carefully before proceeding. then click Continue. Step4: Now Select your Aadhaar Category - Enter Mobile Number - Enter OTP - Enter Captcha Code, click Verify Step5: Fill in the required details accurately in the registration form. This typically includes personal information such as - Scholarship Category - State -  Name -  Date of birth -  Gender -  Contact details, etc. Step6: Click submit Register and you get your Student application ID. ﻿ Apply Step1: Go to the official website of "" the National Scholarship Portal "" (NSP) using a web browser. Step2: click on Login ""Fresh Application"" ﻿ Step3: After that enter you - Application ID. - Password - Captcha Step4: Click Login",Aadhar card. Bank account statement. Mark sheet. Address proof. proof of income. Passport-size photograph. mobile number.,State,Education & Learning,,"Student, Scholarships, Financial Support, Educaction"
Alpsankhyak Merit-Cum-Means Chatravriti Yojana,amcmcy,"The Alpsankhyak Merit-Cum-Means Chatravriti Yojana under the Higher Education Department of Madhya Pradesh aims to provide financial assistance to meritorious students from minority communities who are unable to pursue higher education due to financial constraints. The objective is to ensure that talented students from minority backgrounds have access to quality education and are not deterred by financial barriers. By offering scholarships based on both merit and means, the scheme intends to empower minority students to fulfill their academic potential and contribute positively to society. Additionally, it seeks to promote inclusivity and diversity in higher education by supporting students from marginalized communities.","Hostel students receive a maintenance allowance of ₹1,000/- per month for 10 months. Non-hostel students are provided with a maintenance allowance of ₹500/- per month for 10 months. Reimbursement of actual course fees or ₹20,000/- whichever is less.","The applicant should be a native of the minority category of Madhya Pradesh. The total annual income of the parents and guardians of the applicant should not exceed ₹2,50,000/-. The applicants must have a score of at least 50 percent marks in the last qualifying examination.","Registration Step1: Go to the official website of "" The National Scholarship Portal "" (NSP) using a web browser. Step2: Look for the option that says "" New Registration "" on the homepage and click on it. Step3: Read the registration guidelines carefully before proceeding. then click Continue. Step4: Now Select your Aadhaar Category - Enter Mobile Number - Enter OTP - Enter Captcha Code, click Verify Step5: Fill in the required details accurately in the registration form. This typically includes personal information such as - Scholarship Category - State -  Name -  Date of birth -  Gender -  Contact details, etc. Step6: Click submit Register and you get your Student application ID. ﻿ Apply Step1: Go to the official website of "" the National Scholarship Portal "" (NSP) using a web browser. Step2: click on Login ""Fresh Application"" ﻿ Step3: After that enter you - Application ID. - Password - Captcha Step4: Click Login ﻿ ﻿ ﻿",Proof of Identity. Marksheet Certificates. Income Certificate. Caste Certificate. ﻿,State,Education & Learning,,"Higher Educaction, Scholarships, Financial Support"
Alpsankhyak Muslim Parityaqta/Talaqshuda Mahila Sahayata Yojana,amptmsy,"The scheme ""Alpsankhyak Muslim Parityakta/Talaqshuda Mahila Sahayata Yojana"" has been operated by the Minority Welfare Department, Government of Bihar, since the financial year 2006-07. The objective of this scheme is to strengthen the economic condition of minority Muslim abandoned/divorced women and make them self-dependent by providing financial assistance.","Under this scheme, the state government provides financial assistance of ₹25,000/- to minority Muslim abandoned/divorced women to strengthen their economic condition and make them self-reliant. Note: The grant amount will be directly transferred to the beneficiary’s bank accounts through RTGS/DBT.","1.	The applicant should be a resident of Bihar. 2.	The applicant should be a Muslim woman from a minority community. 3.	The Muslim woman should fall under one of the following categories: •	Divorced •	Abandoned by her husband for more than 2 years •	Husband is completely mentally handicapped 4.	The applicant's age should be between 18 and 50 years. 5.	The applicant's annual family income should be less than ₹4,00,000/-. 6.	The woman should not have remarried. 7.	The benefits of this scheme are available only once in a lifetime. 8.	Widow is not eligible for this scheme.","Step 1: To apply for benefits under this scheme, applicants should visit the office of the District Minority Welfare Officer in their respective district to collect the application form. The application form can also be downloaded from the department's website . Step 2: Fill out the application form and attach all required documents. Step 3: Submit the completed application form, along with all attachments, to the District Minority Welfare Office of your district. Note 1: For applications and more information, please contact the office of the District Minority Welfare Officer located at the District Headquarters. Note 2: Advertisements for the application of this scheme will be published in newspapers by the Directorate of Minority Welfare. Note 3: The District Minority Welfare Officer will ensure the scrutiny of applications and attachments as per the prescribed procedure. Note 4: The names and addresses of beneficiaries will be published on the departmental website and in a daily Urdu/Hindi newspaper. Beneficiaries will also be informed via SMS.","Aadhaar Card Passport-size photograph Proof of age (any one of the following: birth certificate, matriculation or equivalent certificate, voter identity card, passport, or certificate issued by an executive magistrate) Community certificate Certificate of abandonment/divorce/recommendation letter Address proof Income certificate Certificate from the District Civil Surgeon in case of the husband's mental disability Photocopy of the bank passbook/bank account details Any additional documents as required",State,"Women and Child, Social welfare & Empowerment",,"Minority, Muslim Mahila, Abandoned Woman, Divorced Woman, Financial Assistance"
Amar Fasal Amar Gola,afag,"The West Bengal Government had announced a pilot project to provide financial assistance to marginal farmers of the State so that they can have their own storehouses and vending carts. A subsidy varying between Rs. 5,000 and Rs. 25,000 will be provided for the warehouses. Though there are 24 lakh small and marginal farmers in the State, only around 10,000 such farmers would be covered initially under two schemes. Chief Minister Mamata Banerjee has named the schemes as Amar Fasal, Amar Gola (My Crop, My Storehouse) and Amar Fasal Amar Gari (My crop, my vehicle). In the case of the AmarFasal Amar Gari project, the rate of subsidy would be Rs. 10,000 flat. This project will facilitate those farmers who wish to directly sell their products to end users. The subsidies would be directly credited to the bank accounts of those farmers who own Kisan Credit Cards.","The “Amar Fasal Amar Gola” scheme in West Bengal is aimed at providing financial assistance to farmers to help them purchase seeds, fertilizers, and other inputs needed for agriculture. The benefits of this scheme can be expected to include: ﻿ Improved crop quality: By providing farmers with access to high-quality seeds and fertilizers, the scheme may help improve the quality of their crops, leading to better yields and higher income. ﻿ Increased agricultural productivity: The scheme may help farmers increase the productivity of their land by providing them with the resources they need to maintain and improve it. ﻿ Reduced financial burden: By providing financial assistance to farmers, the scheme may help reduce the financial burden associated with purchasing seeds, fertilizers, and other inputs, making it easier for them to invest in their farms. ﻿ Increased profitability: By improving the quality and yield of their crops, farmers who participate in the scheme may be able to increase their profitability, which could lead to an overall improvement in their standard of living.","The eligibility criteria for the “ Amar Fasal Amar Gola ” scheme in West Bengal may vary depending on the specific implementation of the scheme by the state government. However, some of the common eligibility criteria for such schemes include: ﻿ Residency: Farmers may be required to be residents of the state of West Bengal in order to be eligible for the scheme. ﻿ Agricultural land ownership: Farmers may be required to own agricultural land in the state in order to be eligible for the scheme. ﻿ Type of crop: The scheme may only be available for certain types of crops, such as food crops or cash crops. ﻿ Size of landholding: The scheme may have specific requirements for the size of the landholding in order to be eligible for financial assistance. ﻿ Previous participation: The scheme may have conditions regarding previous participation in other agricultural schemes. ﻿ Income criteria: Farmers may be required to meet certain income criteria in order to be eligible for the scheme. ﻿ It is recommended to contact the relevant authorities in the state of West Bengal, such as the Department of Agriculture or the Ministry of Agriculture, for a complete and up-to-date list of the eligibility criteria for the “Amar Fasal Amar Gola” scheme. ﻿","The process of applying for the “Amar Fasal Amar Gola” scheme in West Bengal may vary depending on the specific implementation of the scheme by the state government. However, here are some general steps that may be involved in the application process: ﻿ Eligibility check: Check if you meet the eligibility criteria for the scheme, such as residency, land ownership, type of crop, size of landholding, income criteria, etc. ﻿ Obtain required documents: Gather the required documents, such as proof of residency, proof of land ownership, income statements, etc. ﻿ Submit an application: Submit a completed application form, along with all the required documents, to the relevant authorities in the state of West Bengal, such as the Department of Agriculture or the Ministry of Agriculture. ﻿ Review and approval: The authorities will review your application and supporting documents to determine if you are eligible for the scheme. If your application is approved, you will receive a notification of approval and instructions on how to proceed with the next steps. ﻿ It is recommended to check the official website of the state government of West Bengal or contact the relevant authorities directly for the most up-to-date information on the application process for the “Amar Fasal Amar Gola” scheme. ﻿ Application Process: 1. Application forms to be collected from Panchayat office or Block office. 2. Candidates to fill all the details to complete the form and attach all required documents as specified 3. Submit application form with required documents in Panchayat office or Block office. ﻿ Note: The exact application process may vary, so it is advisable to check with the relevant authorities for the most accurate information. ﻿",1. Proof and details of land holding 2. Aadhar Card 3. Voter ID Card 4. Ration Card 5. Passport Size Photo 6. Residential Certificate 7. Kisan Credit Card 8. Bank Account Details linked with Kisan Credit Card ﻿,State,"Agriculture,Rural & Environment",,
Ambedkar DBT Voucher Scheme,adbtvs,"The ""Ambedkar DBT Voucher Scheme"" was launched by the Social Justice and Empowerment Department, Government of Rajasthan, during the financial year 2021–22. It aims to provide financial assistance for accommodation to students from SC, ST, OBC, MBC, and EWS categories who are regularly studying in undergraduate or postgraduate courses at government colleges located at the district level in Rajasthan. Under this scheme, eligible students residing in rented accommodations receive ₹2,000 per month for a maximum of 10 months per academic year.","Financial Assistance:  ₹2,000/- per month for a maximum of 10 months per academic year. Note: Students will be paid on monthly/monthly basis. Duration of Benefit:  Maximum 5 years per student. Total Number of Beneficiaries: 5,000 students annually.","The applicant should be a resident of Rajasthan. The applicant should belong to Scheduled Caste (SC), Scheduled Tribe (ST), Other Backward Class (OBC), Most Backward Class (MBC) or Economically Weaker Section (EWS) category. The applicant should be studying in a government college at the district level for the academic course. The student should be regularly enrolled in an undergraduate or postgraduate course at a government college. The student should be pursuing an academic course in a government college located at the district level. The student should not be a resident of the Municipal Corporation, Municipal Council, or Municipality of the district where they are studying. The student whose parent/guardian owns a house in the city or town where they are studying is not eligible for benefits under this scheme. The student who is residing in government-run hostel will not be eligible for benefits under the scheme. The benefit of the scheme will be available to the student for a maximum of five years. The annual income of the applicant’s family should not exceed: SC/ST/MBC: ₹2,50,000/- OBC: ₹1,50,000/- EWS: ₹1,00,000/-","Step 1: The applicant should gather copies of the necessary documents needed to apply for the concerned scheme. Step 2: The applicant should visit the nearest E-Mitra Center and complete the Biometric Verification Process. Step 3: The applicant should ensure that the E-Mitra Center agent completes all mandatory fields in the application form and uploads copies of all required documents. Step 4: Request a receipt or acknowledgment from the concerned authority to whom the application has been submitted. Ensure that the receipt contains essential details such as the date and time of submission, and a unique identification number (if applicable). College-Level Verification: The government college where the student is enrolled verifies the application and forwards it to the District Social Justice and Empowerment Office. Approval Process: The Deputy Director/Assistant Director (District Magistrate) approves applications based on the category-wise allocation.","Domicile Certificate (issued by a competent authority) Caste Certificate (issued by a competent authority) Self-Declared Income Certificate (as per category requirements) Jan Aaadhar Card Aadhar Card (for identity verification) Bank Account Details (Bank Name, Account Number, IFSC Code, Branch Name) Certificate of Regular Enrollment in a government college Self-Certified Rental Proof (Rental Agreement/Receipt) Marksheet of the Last Passed Examination Any other documents as required",State,"Social welfare & Empowerment, Education & Learning",,"Financial Assistance, Residential Facility, Scheduled Caste, Scheduled Tribe, Other Backward Class, Economically Weaker Section, Most Backward Class, Student, Hostel"
